ISO-10303-21;
HEADER;
/* Generated by software containing ST-Developer
 * from STEP Tools, Inc. (www.steptools.com) 
 */
/* OPTION: using custom renumber hook */

FILE_DESCRIPTION(
/* description */ ('STEP AP242 Edition 2',
'CAx-IF Rec.Pracs.---Representation and Presentation of Product Manufa
cturing Information (PMI)---4.0---2014-10-13',
'CAx-IF Rec.Pracs.---3D Tessellated Geometry---0.4---2014-09-14','2;1',
'CAx-IF Rec.Pracs.---User Defined Attributes---1.5---2016-08-15'),
/* implementation_level */ '2;1');

FILE_NAME(
/* name */ 'Single Bearing Version - CAGE',
/* time_stamp */ '2026-09-07T18:44:42Z',
/* author */ (''),
/* organization */ (''),
/* preprocessor_version */ 'ST-DEVELOPER v20',
/* originating_system */ 'ONSHAPE BY PTC INC, 1.220',
/* authorisation */ '  ');

FILE_SCHEMA (('AP242_MANAGED_MODEL_BASED_3D_ENGINEERING_MIM_LF { 1 0 10303 442 3 1 4 }'));
ENDSEC;

DATA;
#10=SHAPE_REPRESENTATION_RELATIONSHIP('','',#2911,#11);
#11=ADVANCED_BREP_SHAPE_REPRESENTATION('',(#2909),#5645);
#12=PLANE('',#2933);
#13=PLANE('',#2941);
#14=PLANE('',#2942);
#15=PLANE('',#2944);
#16=PLANE('',#2947);
#17=PLANE('',#2963);
#18=PLANE('',#2969);
#19=PLANE('',#2970);
#20=PLANE('',#2972);
#21=PLANE('',#2975);
#22=PLANE('',#2991);
#23=PLANE('',#2997);
#24=PLANE('',#2998);
#25=PLANE('',#3000);
#26=PLANE('',#3003);
#27=PLANE('',#3019);
#28=PLANE('',#3025);
#29=PLANE('',#3026);
#30=PLANE('',#3028);
#31=PLANE('',#3031);
#32=PLANE('',#3047);
#33=PLANE('',#3053);
#34=PLANE('',#3054);
#35=PLANE('',#3056);
#36=PLANE('',#3059);
#37=PLANE('',#3075);
#38=PLANE('',#3081);
#39=PLANE('',#3082);
#40=PLANE('',#3084);
#41=PLANE('',#3087);
#42=PLANE('',#3103);
#43=PLANE('',#3109);
#44=PLANE('',#3110);
#45=PLANE('',#3112);
#46=PLANE('',#3115);
#47=PLANE('',#3131);
#48=PLANE('',#3137);
#49=PLANE('',#3138);
#50=PLANE('',#3140);
#51=PLANE('',#3143);
#52=PLANE('',#3159);
#53=PLANE('',#3165);
#54=PLANE('',#3166);
#55=PLANE('',#3168);
#56=PLANE('',#3171);
#57=PLANE('',#3187);
#58=PLANE('',#3193);
#59=PLANE('',#3194);
#60=PLANE('',#3196);
#61=PLANE('',#3199);
#62=PLANE('',#3207);
#63=PLANE('',#3212);
#64=PLANE('',#3222);
#65=PLANE('',#3223);
#66=PLANE('',#3224);
#67=PLANE('',#3225);
#68=LINE('',#4030,#156);
#69=LINE('',#4044,#157);
#70=LINE('',#4051,#158);
#71=LINE('',#4052,#159);
#72=LINE('',#4092,#160);
#73=LINE('',#4095,#161);
#74=LINE('',#4102,#162);
#75=LINE('',#4104,#163);
#76=LINE('',#4105,#164);
#77=LINE('',#4155,#165);
#78=LINE('',#4235,#166);
#79=LINE('',#4241,#167);
#80=LINE('',#4262,#168);
#81=LINE('',#4265,#169);
#82=LINE('',#4272,#170);
#83=LINE('',#4274,#171);
#84=LINE('',#4275,#172);
#85=LINE('',#4309,#173);
#86=LINE('',#4389,#174);
#87=LINE('',#4395,#175);
#88=LINE('',#4416,#176);
#89=LINE('',#4419,#177);
#90=LINE('',#4426,#178);
#91=LINE('',#4428,#179);
#92=LINE('',#4429,#180);
#93=LINE('',#4463,#181);
#94=LINE('',#4543,#182);
#95=LINE('',#4549,#183);
#96=LINE('',#4570,#184);
#97=LINE('',#4573,#185);
#98=LINE('',#4580,#186);
#99=LINE('',#4582,#187);
#100=LINE('',#4583,#188);
#101=LINE('',#4617,#189);
#102=LINE('',#4697,#190);
#103=LINE('',#4703,#191);
#104=LINE('',#4724,#192);
#105=LINE('',#4727,#193);
#106=LINE('',#4734,#194);
#107=LINE('',#4736,#195);
#108=LINE('',#4737,#196);
#109=LINE('',#4771,#197);
#110=LINE('',#4851,#198);
#111=LINE('',#4857,#199);
#112=LINE('',#4878,#200);
#113=LINE('',#4881,#201);
#114=LINE('',#4888,#202);
#115=LINE('',#4890,#203);
#116=LINE('',#4891,#204);
#117=LINE('',#4925,#205);
#118=LINE('',#5005,#206);
#119=LINE('',#5011,#207);
#120=LINE('',#5032,#208);
#121=LINE('',#5035,#209);
#122=LINE('',#5042,#210);
#123=LINE('',#5044,#211);
#124=LINE('',#5045,#212);
#125=LINE('',#5079,#213);
#126=LINE('',#5159,#214);
#127=LINE('',#5165,#215);
#128=LINE('',#5186,#216);
#129=LINE('',#5189,#217);
#130=LINE('',#5196,#218);
#131=LINE('',#5198,#219);
#132=LINE('',#5199,#220);
#133=LINE('',#5233,#221);
#134=LINE('',#5313,#222);
#135=LINE('',#5319,#223);
#136=LINE('',#5340,#224);
#137=LINE('',#5343,#225);
#138=LINE('',#5350,#226);
#139=LINE('',#5352,#227);
#140=LINE('',#5353,#228);
#141=LINE('',#5387,#229);
#142=LINE('',#5467,#230);
#143=LINE('',#5473,#231);
#144=LINE('',#5494,#232);
#145=LINE('',#5497,#233);
#146=LINE('',#5504,#234);
#147=LINE('',#5506,#235);
#148=LINE('',#5507,#236);
#149=LINE('',#5541,#237);
#150=LINE('',#5564,#238);
#151=LINE('',#5568,#239);
#152=LINE('',#5636,#240);
#153=LINE('',#5637,#241);
#154=LINE('',#5639,#242);
#155=LINE('',#5641,#243);
#156=VECTOR('',#3264,1.);
#157=VECTOR('',#3267,1.);
#158=VECTOR('',#3274,1.);
#159=VECTOR('',#3275,1.);
#160=VECTOR('',#3290,1.);
#161=VECTOR('',#3291,1.);
#162=VECTOR('',#3292,1.);
#163=VECTOR('',#3295,1.);
#164=VECTOR('',#3296,1.);
#165=VECTOR('',#3303,1.);
#166=VECTOR('',#3336,1.);
#167=VECTOR('',#3343,1.);
#168=VECTOR('',#3354,1.);
#169=VECTOR('',#3355,1.);
#170=VECTOR('',#3356,1.);
#171=VECTOR('',#3359,1.);
#172=VECTOR('',#3360,1.);
#173=VECTOR('',#3367,1.);
#174=VECTOR('',#3400,1.);
#175=VECTOR('',#3407,1.);
#176=VECTOR('',#3418,1.);
#177=VECTOR('',#3419,1.);
#178=VECTOR('',#3420,1.);
#179=VECTOR('',#3423,1.);
#180=VECTOR('',#3424,1.);
#181=VECTOR('',#3431,1.);
#182=VECTOR('',#3464,1.);
#183=VECTOR('',#3471,1.);
#184=VECTOR('',#3482,1.);
#185=VECTOR('',#3483,1.);
#186=VECTOR('',#3484,1.);
#187=VECTOR('',#3487,1.);
#188=VECTOR('',#3488,1.);
#189=VECTOR('',#3495,1.);
#190=VECTOR('',#3528,1.);
#191=VECTOR('',#3535,1.);
#192=VECTOR('',#3546,1.);
#193=VECTOR('',#3547,1.);
#194=VECTOR('',#3548,1.);
#195=VECTOR('',#3551,1.);
#196=VECTOR('',#3552,1.);
#197=VECTOR('',#3559,1.);
#198=VECTOR('',#3592,1.);
#199=VECTOR('',#3599,1.);
#200=VECTOR('',#3610,1.);
#201=VECTOR('',#3611,1.);
#202=VECTOR('',#3612,1.);
#203=VECTOR('',#3615,1.);
#204=VECTOR('',#3616,1.);
#205=VECTOR('',#3623,1.);
#206=VECTOR('',#3656,1.);
#207=VECTOR('',#3663,1.);
#208=VECTOR('',#3674,1.);
#209=VECTOR('',#3675,1.);
#210=VECTOR('',#3676,1.);
#211=VECTOR('',#3679,1.);
#212=VECTOR('',#3680,1.);
#213=VECTOR('',#3687,1.);
#214=VECTOR('',#3720,1.);
#215=VECTOR('',#3727,1.);
#216=VECTOR('',#3738,1.);
#217=VECTOR('',#3739,1.);
#218=VECTOR('',#3740,1.);
#219=VECTOR('',#3743,1.);
#220=VECTOR('',#3744,1.);
#221=VECTOR('',#3751,1.);
#222=VECTOR('',#3784,1.);
#223=VECTOR('',#3791,1.);
#224=VECTOR('',#3802,1.);
#225=VECTOR('',#3803,1.);
#226=VECTOR('',#3804,1.);
#227=VECTOR('',#3807,1.);
#228=VECTOR('',#3808,1.);
#229=VECTOR('',#3815,1.);
#230=VECTOR('',#3848,1.);
#231=VECTOR('',#3855,1.);
#232=VECTOR('',#3866,1.);
#233=VECTOR('',#3867,1.);
#234=VECTOR('',#3868,1.);
#235=VECTOR('',#3871,1.);
#236=VECTOR('',#3872,1.);
#237=VECTOR('',#3879,1.);
#238=VECTOR('',#3896,1.);
#239=VECTOR('',#3901,1.);
#240=VECTOR('',#3930,1.);
#241=VECTOR('',#3931,1.);
#242=VECTOR('',#3934,1.);
#243=VECTOR('',#3937,1.);
#244=ELLIPSE('',#2930,0.0198803998543064,0.0140575655496801);
#245=ELLIPSE('',#2932,0.0198803998543064,0.0140575655496801);
#246=ELLIPSE('',#2939,0.0170295971777942,0.0120417436452935);
#247=ELLIPSE('',#2940,0.0170295971777942,0.0120417436452935);
#248=ELLIPSE('',#2945,0.0198803998543064,0.0140575655496801);
#249=ELLIPSE('',#2946,0.0170295971777942,0.0120417436452935);
#250=ELLIPSE('',#2962,0.0198803998543064,0.0140575655496801);
#251=ELLIPSE('',#2968,0.0170295971777942,0.0120417436452935);
#252=ELLIPSE('',#2973,0.0198803998543064,0.0140575655496801);
#253=ELLIPSE('',#2974,0.0170295971777942,0.0120417436452935);
#254=ELLIPSE('',#2990,0.0198803998543064,0.0140575655496801);
#255=ELLIPSE('',#2996,0.0170295971777942,0.0120417436452935);
#256=ELLIPSE('',#3001,0.0198803998543064,0.0140575655496801);
#257=ELLIPSE('',#3002,0.0170295971777942,0.0120417436452935);
#258=ELLIPSE('',#3018,0.0198803998543064,0.0140575655496801);
#259=ELLIPSE('',#3024,0.0170295971777942,0.0120417436452935);
#260=ELLIPSE('',#3029,0.0198803998543064,0.0140575655496801);
#261=ELLIPSE('',#3030,0.0170295971777942,0.0120417436452935);
#262=ELLIPSE('',#3046,0.0198803998543064,0.0140575655496801);
#263=ELLIPSE('',#3052,0.0170295971777942,0.0120417436452935);
#264=ELLIPSE('',#3057,0.0198803998543064,0.0140575655496801);
#265=ELLIPSE('',#3058,0.0170295971777942,0.0120417436452935);
#266=ELLIPSE('',#3074,0.0198803998543064,0.0140575655496801);
#267=ELLIPSE('',#3080,0.0170295971777942,0.0120417436452935);
#268=ELLIPSE('',#3085,0.0198803998543064,0.0140575655496801);
#269=ELLIPSE('',#3086,0.0170295971777942,0.0120417436452935);
#270=ELLIPSE('',#3102,0.0198803998543064,0.0140575655496801);
#271=ELLIPSE('',#3108,0.0170295971777942,0.0120417436452935);
#272=ELLIPSE('',#3113,0.0198803998543064,0.0140575655496801);
#273=ELLIPSE('',#3114,0.0170295971777942,0.0120417436452935);
#274=ELLIPSE('',#3130,0.0198803998543064,0.0140575655496801);
#275=ELLIPSE('',#3136,0.0170295971777942,0.0120417436452935);
#276=ELLIPSE('',#3141,0.0198803998543064,0.0140575655496801);
#277=ELLIPSE('',#3142,0.0170295971777942,0.0120417436452935);
#278=ELLIPSE('',#3158,0.0198803998543064,0.0140575655496801);
#279=ELLIPSE('',#3164,0.0170295971777942,0.0120417436452935);
#280=ELLIPSE('',#3169,0.0198803998543064,0.0140575655496801);
#281=ELLIPSE('',#3170,0.0170295971777942,0.0120417436452935);
#282=ELLIPSE('',#3186,0.0198803998543064,0.0140575655496801);
#283=ELLIPSE('',#3192,0.0170295971777942,0.0120417436452935);
#284=ELLIPSE('',#3197,0.0198803998543064,0.0140575655496801);
#285=ELLIPSE('',#3198,0.0170295971777942,0.0120417436452935);
#286=ELLIPSE('',#3203,0.0170295971777942,0.0120417436452935);
#287=ELLIPSE('',#3206,0.0198803998543064,0.0140575655496801);
#288=CYLINDRICAL_SURFACE('',#2928,0.0140575655496801);
#289=CYLINDRICAL_SURFACE('',#2938,0.0120417436452935);
#290=CYLINDRICAL_SURFACE('',#2943,0.00265);
#291=CYLINDRICAL_SURFACE('',#2960,0.0140575655496801);
#292=CYLINDRICAL_SURFACE('',#2967,0.0120417436452935);
#293=CYLINDRICAL_SURFACE('',#2971,0.00265);
#294=CYLINDRICAL_SURFACE('',#2988,0.0140575655496801);
#295=CYLINDRICAL_SURFACE('',#2995,0.0120417436452935);
#296=CYLINDRICAL_SURFACE('',#2999,0.00265);
#297=CYLINDRICAL_SURFACE('',#3016,0.0140575655496801);
#298=CYLINDRICAL_SURFACE('',#3023,0.0120417436452935);
#299=CYLINDRICAL_SURFACE('',#3027,0.00265);
#300=CYLINDRICAL_SURFACE('',#3044,0.0140575655496801);
#301=CYLINDRICAL_SURFACE('',#3051,0.0120417436452935);
#302=CYLINDRICAL_SURFACE('',#3055,0.00265);
#303=CYLINDRICAL_SURFACE('',#3072,0.0140575655496801);
#304=CYLINDRICAL_SURFACE('',#3079,0.0120417436452935);
#305=CYLINDRICAL_SURFACE('',#3083,0.00265);
#306=CYLINDRICAL_SURFACE('',#3100,0.0140575655496801);
#307=CYLINDRICAL_SURFACE('',#3107,0.0120417436452935);
#308=CYLINDRICAL_SURFACE('',#3111,0.00265);
#309=CYLINDRICAL_SURFACE('',#3128,0.0140575655496801);
#310=CYLINDRICAL_SURFACE('',#3135,0.0120417436452935);
#311=CYLINDRICAL_SURFACE('',#3139,0.00265);
#312=CYLINDRICAL_SURFACE('',#3156,0.0140575655496801);
#313=CYLINDRICAL_SURFACE('',#3163,0.0120417436452935);
#314=CYLINDRICAL_SURFACE('',#3167,0.00265);
#315=CYLINDRICAL_SURFACE('',#3184,0.0140575655496801);
#316=CYLINDRICAL_SURFACE('',#3191,0.0120417436452935);
#317=CYLINDRICAL_SURFACE('',#3195,0.00265);
#318=CYLINDRICAL_SURFACE('',#3200,0.0120417436452935);
#319=CYLINDRICAL_SURFACE('',#3204,0.0140575655496801);
#320=CYLINDRICAL_SURFACE('',#3209,0.0120417436452935);
#321=CYLINDRICAL_SURFACE('',#3214,0.0140575655496801);
#322=CYLINDRICAL_SURFACE('',#3221,0.00265);
#323=B_SPLINE_CURVE_WITH_KNOTS('',3,(#3947,#3948,#3949,#3950),
 .UNSPECIFIED.,.F.,.F.,(4,4),(2.12086835437651E-7,0.000362740573088073),
 .UNSPECIFIED.);
#324=B_SPLINE_CURVE_WITH_KNOTS('',3,(#3954,#3955,#3956,#3957),
 .UNSPECIFIED.,.F.,.F.,(4,4),(2.10439818433839E-7,0.000362772606598632),
 .UNSPECIFIED.);
#325=B_SPLINE_CURVE_WITH_KNOTS('',3,(#3962,#3963,#3964,#3965),
 .UNSPECIFIED.,.F.,.F.,(4,4),(2.13581431521925E-10,0.00114714430101807),
 .UNSPECIFIED.);
#326=B_SPLINE_CURVE_WITH_KNOTS('',3,(#3969,#3970,#3971,#3972),
 .UNSPECIFIED.,.F.,.F.,(4,4),(2.13581432175245E-10,0.00114714430101807),
 .UNSPECIFIED.);
#327=B_SPLINE_CURVE_WITH_KNOTS('',3,(#3977,#3978,#3979,#3980),
 .UNSPECIFIED.,.F.,.F.,(4,4),(2.10439818434138E-7,0.000362772606598635),
 .UNSPECIFIED.);
#328=B_SPLINE_CURVE_WITH_KNOTS('',3,(#3984,#3985,#3986,#3987),
 .UNSPECIFIED.,.F.,.F.,(4,4),(2.12086835427357E-7,0.000362740573088074),
 .UNSPECIFIED.);
#329=B_SPLINE_CURVE_WITH_KNOTS('',3,(#3992,#3993,#3994,#3995),
 .UNSPECIFIED.,.F.,.F.,(4,4),(3.70405107412893E-7,0.00122259526826447),
 .UNSPECIFIED.);
#330=B_SPLINE_CURVE_WITH_KNOTS('',3,(#3999,#4000,#4001,#4002),
 .UNSPECIFIED.,.F.,.F.,(4,4),(3.28648344207055E-7,0.00122291331812701),
 .UNSPECIFIED.);
#331=B_SPLINE_CURVE_WITH_KNOTS('',3,(#4007,#4008,#4009,#4010,#4011,#4012,
#4013),.UNSPECIFIED.,.F.,.F.,(4,1,1,1,4),(0.,0.000801184129828384,0.00160236825965677,
0.00240355238948515,0.00320473651931353),.UNSPECIFIED.);
#332=B_SPLINE_CURVE_WITH_KNOTS('',3,(#4017,#4018,#4019,#4020,#4021,#4022,
#4023),.UNSPECIFIED.,.F.,.F.,(4,1,1,1,4),(0.,0.000801184243740548,0.0016023684874811,
0.00240355273122164,0.00320473697496219),.UNSPECIFIED.);
#333=B_SPLINE_CURVE_WITH_KNOTS('',3,(#4032,#4033,#4034,#4035),
 .UNSPECIFIED.,.F.,.F.,(4,4),(0.,0.000890303079416189),.UNSPECIFIED.);
#334=B_SPLINE_CURVE_WITH_KNOTS('',3,(#4039,#4040,#4041,#4042),
 .UNSPECIFIED.,.F.,.F.,(4,4),(1.29233988317637E-17,0.000890303079416182),
 .UNSPECIFIED.);
#335=B_SPLINE_CURVE_WITH_KNOTS('',3,(#4057,#4058,#4059,#4060),
 .UNSPECIFIED.,.F.,.F.,(4,4),(0.,0.0001553606332057),.UNSPECIFIED.);
#336=B_SPLINE_CURVE_WITH_KNOTS('',3,(#4062,#4063,#4064,#4065),
 .UNSPECIFIED.,.F.,.F.,(4,4),(0.00341173898412819,0.00374554818027677),
 .UNSPECIFIED.);
#337=B_SPLINE_CURVE_WITH_KNOTS('',3,(#4067,#4068,#4069,#4070),
 .UNSPECIFIED.,.F.,.F.,(4,4),(2.83520802783671E-7,0.000579483853071536),
 .UNSPECIFIED.);
#338=B_SPLINE_CURVE_WITH_KNOTS('',3,(#4074,#4075,#4076,#4077),
 .UNSPECIFIED.,.F.,.F.,(4,4),(3.70405107411356E-7,0.000579389328310071),
 .UNSPECIFIED.);
#339=B_SPLINE_CURVE_WITH_KNOTS('',3,(#4079,#4080,#4081,#4082),
 .UNSPECIFIED.,.F.,.F.,(4,4),(0.00341173898413141,0.00374554818027675),
 .UNSPECIFIED.);
#340=B_SPLINE_CURVE_WITH_KNOTS('',3,(#4084,#4085,#4086,#4087),
 .UNSPECIFIED.,.F.,.F.,(4,4),(1.77293831314979E-15,0.000155360633206177),
 .UNSPECIFIED.);
#341=B_SPLINE_CURVE_WITH_KNOTS('',3,(#4097,#4098,#4099,#4100),
 .UNSPECIFIED.,.F.,.F.,(4,4),(0.00341173898413141,0.00374554818027676),
 .UNSPECIFIED.);
#342=B_SPLINE_CURVE_WITH_KNOTS('',3,(#4107,#4108,#4109,#4110),
 .UNSPECIFIED.,.F.,.F.,(4,4),(0.,0.000890303079416191),.UNSPECIFIED.);
#343=B_SPLINE_CURVE_WITH_KNOTS('',3,(#4111,#4112,#4113,#4114),
 .UNSPECIFIED.,.F.,.F.,(4,4),(3.70405107424761E-7,0.000579389328310078),
 .UNSPECIFIED.);
#344=B_SPLINE_CURVE_WITH_KNOTS('',3,(#4115,#4116,#4117,#4118),
 .UNSPECIFIED.,.F.,.F.,(4,4),(3.28648344205362E-7,0.00122291331812701),
 .UNSPECIFIED.);
#345=B_SPLINE_CURVE_WITH_KNOTS('',3,(#4120,#4121,#4122,#4123,#4124),
 .UNSPECIFIED.,.F.,.F.,(4,1,4),(0.,0.00171824916382962,0.00343649832765924),
 .UNSPECIFIED.);
#346=B_SPLINE_CURVE_WITH_KNOTS('',3,(#4125,#4126,#4127,#4128,#4129,#4130,
#4131),.UNSPECIFIED.,.F.,.F.,(4,1,1,1,4),(0.,0.000801184129828383,0.00160236825965677,
0.00240355238948515,0.00320473651931353),.UNSPECIFIED.);
#347=B_SPLINE_CURVE_WITH_KNOTS('',3,(#4132,#4133,#4134,#4135),
 .UNSPECIFIED.,.F.,.F.,(4,4),(2.1208683542593E-7,0.000362740573088069),
 .UNSPECIFIED.);
#348=B_SPLINE_CURVE_WITH_KNOTS('',3,(#4136,#4137,#4138,#4139),
 .UNSPECIFIED.,.F.,.F.,(4,4),(2.10439818434832E-7,0.00036277260659863),
 .UNSPECIFIED.);
#349=B_SPLINE_CURVE_WITH_KNOTS('',3,(#4141,#4142,#4143,#4144,#4145,#4146,
#4147),.UNSPECIFIED.,.F.,.F.,(4,1,1,1,4),(0.,0.00161374408747143,0.00322748817494286,
0.00484123226241428,0.00645497634988571),.UNSPECIFIED.);
#350=B_SPLINE_CURVE_WITH_KNOTS('',3,(#4148,#4149,#4150,#4151),
 .UNSPECIFIED.,.F.,.F.,(4,4),(2.13581431397861E-10,0.00114714430101806),
 .UNSPECIFIED.);
#351=B_SPLINE_CURVE_WITH_KNOTS('',3,(#4159,#4160,#4161,#4162),
 .UNSPECIFIED.,.F.,.F.,(4,4),(1.77414831037547E-15,0.000155360633206182),
 .UNSPECIFIED.);
#352=B_SPLINE_CURVE_WITH_KNOTS('',3,(#4168,#4169,#4170,#4171),
 .UNSPECIFIED.,.F.,.F.,(4,4),(2.12086835436487E-7,0.000362740573088079),
 .UNSPECIFIED.);
#353=B_SPLINE_CURVE_WITH_KNOTS('',3,(#4175,#4176,#4177,#4178),
 .UNSPECIFIED.,.F.,.F.,(4,4),(2.10439818431363E-7,0.00036277260659863),
 .UNSPECIFIED.);
#354=B_SPLINE_CURVE_WITH_KNOTS('',3,(#4180,#4181,#4182,#4183),
 .UNSPECIFIED.,.F.,.F.,(4,4),(2.13581432359693E-10,0.00114714430101807),
 .UNSPECIFIED.);
#355=B_SPLINE_CURVE_WITH_KNOTS('',3,(#4188,#4189,#4190,#4191),
 .UNSPECIFIED.,.F.,.F.,(4,4),(2.10439818430925E-7,0.000362772606598637),
 .UNSPECIFIED.);
#356=B_SPLINE_CURVE_WITH_KNOTS('',3,(#4195,#4196,#4197,#4198),
 .UNSPECIFIED.,.F.,.F.,(4,4),(2.12086835431175E-7,0.000362740573088076),
 .UNSPECIFIED.);
#357=B_SPLINE_CURVE_WITH_KNOTS('',3,(#4200,#4201,#4202,#4203),
 .UNSPECIFIED.,.F.,.F.,(4,4),(3.70405107419844E-7,0.00122259526826446),
 .UNSPECIFIED.);
#358=B_SPLINE_CURVE_WITH_KNOTS('',3,(#4210,#4211,#4212,#4213,#4214,#4215,
#4216),.UNSPECIFIED.,.F.,.F.,(4,1,1,1,4),(0.,0.000801184129828384,0.00160236825965677,
0.00240355238948515,0.00320473651931354),.UNSPECIFIED.);
#359=B_SPLINE_CURVE_WITH_KNOTS('',3,(#4220,#4221,#4222,#4223,#4224,#4225,
#4226),.UNSPECIFIED.,.F.,.F.,(4,1,1,1,4),(0.,0.000801184243740546,0.00160236848748109,
0.00240355273122164,0.00320473697496218),.UNSPECIFIED.);
#360=B_SPLINE_CURVE_WITH_KNOTS('',3,(#4230,#4231,#4232,#4233),
 .UNSPECIFIED.,.F.,.F.,(4,4),(7.94950163848063E-18,0.000890303079416179),
 .UNSPECIFIED.);
#361=B_SPLINE_CURVE_WITH_KNOTS('',3,(#4245,#4246,#4247,#4248),
 .UNSPECIFIED.,.F.,.F.,(4,4),(0.,0.000155360633205698),.UNSPECIFIED.);
#362=B_SPLINE_CURVE_WITH_KNOTS('',3,(#4250,#4251,#4252,#4253),
 .UNSPECIFIED.,.F.,.F.,(4,4),(0.00341173898412819,0.00374554818027676),
 .UNSPECIFIED.);
#363=B_SPLINE_CURVE_WITH_KNOTS('',3,(#4255,#4256,#4257,#4258),
 .UNSPECIFIED.,.F.,.F.,(4,4),(2.83520802784849E-7,0.000579483853071543),
 .UNSPECIFIED.);
#364=B_SPLINE_CURVE_WITH_KNOTS('',3,(#4267,#4268,#4269,#4270),
 .UNSPECIFIED.,.F.,.F.,(4,4),(0.00341173898413141,0.00374554818027677),
 .UNSPECIFIED.);
#365=B_SPLINE_CURVE_WITH_KNOTS('',3,(#4277,#4278,#4279,#4280),
 .UNSPECIFIED.,.F.,.F.,(4,4),(2.90921971083665E-18,0.000890303079416186),
 .UNSPECIFIED.);
#366=B_SPLINE_CURVE_WITH_KNOTS('',3,(#4281,#4282,#4283,#4284),
 .UNSPECIFIED.,.F.,.F.,(4,4),(3.70405107421884E-7,0.000579389328310071),
 .UNSPECIFIED.);
#367=B_SPLINE_CURVE_WITH_KNOTS('',3,(#4285,#4286,#4287,#4288),
 .UNSPECIFIED.,.F.,.F.,(4,4),(3.28648344209124E-7,0.00122291331812702),
 .UNSPECIFIED.);
#368=B_SPLINE_CURVE_WITH_KNOTS('',3,(#4290,#4291,#4292,#4293,#4294),
 .UNSPECIFIED.,.F.,.F.,(4,1,4),(0.,0.00171824916382963,0.00343649832765926),
 .UNSPECIFIED.);
#369=B_SPLINE_CURVE_WITH_KNOTS('',3,(#4295,#4296,#4297,#4298,#4299,#4300,
#4301),.UNSPECIFIED.,.F.,.F.,(4,1,1,1,4),(0.,0.00161374408747143,0.00322748817494286,
0.00484123226241429,0.00645497634988571),.UNSPECIFIED.);
#370=B_SPLINE_CURVE_WITH_KNOTS('',3,(#4302,#4303,#4304,#4305),
 .UNSPECIFIED.,.F.,.F.,(4,4),(2.13581431955921E-10,0.00114714430101806),
 .UNSPECIFIED.);
#371=B_SPLINE_CURVE_WITH_KNOTS('',3,(#4313,#4314,#4315,#4316),
 .UNSPECIFIED.,.F.,.F.,(4,4),(1.77024010057928E-15,0.000155360633206182),
 .UNSPECIFIED.);
#372=B_SPLINE_CURVE_WITH_KNOTS('',3,(#4322,#4323,#4324,#4325),
 .UNSPECIFIED.,.F.,.F.,(4,4),(2.12086835436949E-7,0.000362740573088078),
 .UNSPECIFIED.);
#373=B_SPLINE_CURVE_WITH_KNOTS('',3,(#4329,#4330,#4331,#4332),
 .UNSPECIFIED.,.F.,.F.,(4,4),(2.10439818436352E-7,0.000362772606598633),
 .UNSPECIFIED.);
#374=B_SPLINE_CURVE_WITH_KNOTS('',3,(#4334,#4335,#4336,#4337),
 .UNSPECIFIED.,.F.,.F.,(4,4),(2.13581432395787E-10,0.00114714430101807),
 .UNSPECIFIED.);
#375=B_SPLINE_CURVE_WITH_KNOTS('',3,(#4342,#4343,#4344,#4345),
 .UNSPECIFIED.,.F.,.F.,(4,4),(2.10439818432765E-7,0.00036277260659863),
 .UNSPECIFIED.);
#376=B_SPLINE_CURVE_WITH_KNOTS('',3,(#4349,#4350,#4351,#4352),
 .UNSPECIFIED.,.F.,.F.,(4,4),(2.1208683542875E-7,0.000362740573088074),
 .UNSPECIFIED.);
#377=B_SPLINE_CURVE_WITH_KNOTS('',3,(#4354,#4355,#4356,#4357),
 .UNSPECIFIED.,.F.,.F.,(4,4),(3.70405107413969E-7,0.00122259526826446),
 .UNSPECIFIED.);
#378=B_SPLINE_CURVE_WITH_KNOTS('',3,(#4364,#4365,#4366,#4367,#4368,#4369,
#4370),.UNSPECIFIED.,.F.,.F.,(4,1,1,1,4),(0.,0.000801184129828381,0.00160236825965676,
0.00240355238948514,0.00320473651931352),.UNSPECIFIED.);
#379=B_SPLINE_CURVE_WITH_KNOTS('',3,(#4374,#4375,#4376,#4377,#4378,#4379,
#4380),.UNSPECIFIED.,.F.,.F.,(4,1,1,1,4),(0.,0.000801184243740549,0.0016023684874811,
0.00240355273122165,0.0032047369749622),.UNSPECIFIED.);
#380=B_SPLINE_CURVE_WITH_KNOTS('',3,(#4384,#4385,#4386,#4387),
 .UNSPECIFIED.,.F.,.F.,(4,4),(8.0767717975609E-18,0.000890303079416181),
 .UNSPECIFIED.);
#381=B_SPLINE_CURVE_WITH_KNOTS('',3,(#4399,#4400,#4401,#4402),
 .UNSPECIFIED.,.F.,.F.,(4,4),(0.,0.000155360633205702),.UNSPECIFIED.);
#382=B_SPLINE_CURVE_WITH_KNOTS('',3,(#4404,#4405,#4406,#4407),
 .UNSPECIFIED.,.F.,.F.,(4,4),(0.00341173898412818,0.00374554818027675),
 .UNSPECIFIED.);
#383=B_SPLINE_CURVE_WITH_KNOTS('',3,(#4409,#4410,#4411,#4412),
 .UNSPECIFIED.,.F.,.F.,(4,4),(2.8352080278326E-7,0.000579483853071537),
 .UNSPECIFIED.);
#384=B_SPLINE_CURVE_WITH_KNOTS('',3,(#4421,#4422,#4423,#4424),
 .UNSPECIFIED.,.F.,.F.,(4,4),(0.00341173898413141,0.00374554818027676),
 .UNSPECIFIED.);
#385=B_SPLINE_CURVE_WITH_KNOTS('',3,(#4431,#4432,#4433,#4434),
 .UNSPECIFIED.,.F.,.F.,(4,4),(0.,0.00089030307941619),.UNSPECIFIED.);
#386=B_SPLINE_CURVE_WITH_KNOTS('',3,(#4435,#4436,#4437,#4438),
 .UNSPECIFIED.,.F.,.F.,(4,4),(3.70405107435427E-7,0.000579389328310077),
 .UNSPECIFIED.);
#387=B_SPLINE_CURVE_WITH_KNOTS('',3,(#4439,#4440,#4441,#4442),
 .UNSPECIFIED.,.F.,.F.,(4,4),(3.28648344204049E-7,0.00122291331812702),
 .UNSPECIFIED.);
#388=B_SPLINE_CURVE_WITH_KNOTS('',3,(#4444,#4445,#4446,#4447,#4448),
 .UNSPECIFIED.,.F.,.F.,(4,1,4),(0.,0.00171824916382963,0.00343649832765926),
 .UNSPECIFIED.);
#389=B_SPLINE_CURVE_WITH_KNOTS('',3,(#4449,#4450,#4451,#4452,#4453,#4454,
#4455),.UNSPECIFIED.,.F.,.F.,(4,1,1,1,4),(0.,0.00161374408747144,0.00322748817494288,
0.00484123226241431,0.00645497634988575),.UNSPECIFIED.);
#390=B_SPLINE_CURVE_WITH_KNOTS('',3,(#4456,#4457,#4458,#4459),
 .UNSPECIFIED.,.F.,.F.,(4,4),(2.13581431762496E-10,0.00114714430101807),
 .UNSPECIFIED.);
#391=B_SPLINE_CURVE_WITH_KNOTS('',3,(#4467,#4468,#4469,#4470),
 .UNSPECIFIED.,.F.,.F.,(4,4),(1.77076290796994E-15,0.000155360633206183),
 .UNSPECIFIED.);
#392=B_SPLINE_CURVE_WITH_KNOTS('',3,(#4476,#4477,#4478,#4479),
 .UNSPECIFIED.,.F.,.F.,(4,4),(2.12086835440815E-7,0.000362740573088077),
 .UNSPECIFIED.);
#393=B_SPLINE_CURVE_WITH_KNOTS('',3,(#4483,#4484,#4485,#4486),
 .UNSPECIFIED.,.F.,.F.,(4,4),(2.10439818433087E-7,0.000362772606598627),
 .UNSPECIFIED.);
#394=B_SPLINE_CURVE_WITH_KNOTS('',3,(#4488,#4489,#4490,#4491),
 .UNSPECIFIED.,.F.,.F.,(4,4),(2.13581432398982E-10,0.00114714430101807),
 .UNSPECIFIED.);
#395=B_SPLINE_CURVE_WITH_KNOTS('',3,(#4496,#4497,#4498,#4499),
 .UNSPECIFIED.,.F.,.F.,(4,4),(2.10439818437437E-7,0.000362772606598636),
 .UNSPECIFIED.);
#396=B_SPLINE_CURVE_WITH_KNOTS('',3,(#4503,#4504,#4505,#4506),
 .UNSPECIFIED.,.F.,.F.,(4,4),(2.12086835431335E-7,0.000362740573088075),
 .UNSPECIFIED.);
#397=B_SPLINE_CURVE_WITH_KNOTS('',3,(#4508,#4509,#4510,#4511),
 .UNSPECIFIED.,.F.,.F.,(4,4),(3.70405107429233E-7,0.00122259526826447),
 .UNSPECIFIED.);
#398=B_SPLINE_CURVE_WITH_KNOTS('',3,(#4518,#4519,#4520,#4521,#4522,#4523,
#4524),.UNSPECIFIED.,.F.,.F.,(4,1,1,1,4),(0.,0.000801184129828383,0.00160236825965677,
0.00240355238948515,0.00320473651931353),.UNSPECIFIED.);
#399=B_SPLINE_CURVE_WITH_KNOTS('',3,(#4528,#4529,#4530,#4531,#4532,#4533,
#4534),.UNSPECIFIED.,.F.,.F.,(4,1,1,1,4),(0.,0.00080118424374055,0.0016023684874811,
0.00240355273122165,0.0032047369749622),.UNSPECIFIED.);
#400=B_SPLINE_CURVE_WITH_KNOTS('',3,(#4538,#4539,#4540,#4541),
 .UNSPECIFIED.,.F.,.F.,(4,4),(7.94950163848063E-18,0.000890303079416179),
 .UNSPECIFIED.);
#401=B_SPLINE_CURVE_WITH_KNOTS('',3,(#4553,#4554,#4555,#4556),
 .UNSPECIFIED.,.F.,.F.,(4,4),(0.,0.0001553606332057),.UNSPECIFIED.);
#402=B_SPLINE_CURVE_WITH_KNOTS('',3,(#4558,#4559,#4560,#4561),
 .UNSPECIFIED.,.F.,.F.,(4,4),(0.00341173898412819,0.00374554818027676),
 .UNSPECIFIED.);
#403=B_SPLINE_CURVE_WITH_KNOTS('',3,(#4563,#4564,#4565,#4566),
 .UNSPECIFIED.,.F.,.F.,(4,4),(2.83520802788587E-7,0.000579483853071539),
 .UNSPECIFIED.);
#404=B_SPLINE_CURVE_WITH_KNOTS('',3,(#4575,#4576,#4577,#4578),
 .UNSPECIFIED.,.F.,.F.,(4,4),(0.0034117389841314,0.00374554818027674),
 .UNSPECIFIED.);
#405=B_SPLINE_CURVE_WITH_KNOTS('',3,(#4585,#4586,#4587,#4588),
 .UNSPECIFIED.,.F.,.F.,(4,4),(0.,0.00089030307941619),.UNSPECIFIED.);
#406=B_SPLINE_CURVE_WITH_KNOTS('',3,(#4589,#4590,#4591,#4592),
 .UNSPECIFIED.,.F.,.F.,(4,4),(3.70405107422331E-7,0.000579389328310076),
 .UNSPECIFIED.);
#407=B_SPLINE_CURVE_WITH_KNOTS('',3,(#4593,#4594,#4595,#4596),
 .UNSPECIFIED.,.F.,.F.,(4,4),(3.28648344206619E-7,0.00122291331812701),
 .UNSPECIFIED.);
#408=B_SPLINE_CURVE_WITH_KNOTS('',3,(#4598,#4599,#4600,#4601,#4602),
 .UNSPECIFIED.,.F.,.F.,(4,1,4),(0.,0.00171824916382964,0.00343649832765927),
 .UNSPECIFIED.);
#409=B_SPLINE_CURVE_WITH_KNOTS('',3,(#4603,#4604,#4605,#4606,#4607,#4608,
#4609),.UNSPECIFIED.,.F.,.F.,(4,1,1,1,4),(0.,0.00161374408747144,0.00322748817494289,
0.00484123226241433,0.00645497634988577),.UNSPECIFIED.);
#410=B_SPLINE_CURVE_WITH_KNOTS('',3,(#4610,#4611,#4612,#4613),
 .UNSPECIFIED.,.F.,.F.,(4,4),(2.13581433261097E-10,0.00114714430101807),
 .UNSPECIFIED.);
#411=B_SPLINE_CURVE_WITH_KNOTS('',3,(#4621,#4622,#4623,#4624),
 .UNSPECIFIED.,.F.,.F.,(4,4),(1.77287996639047E-15,0.00015536063320618),
 .UNSPECIFIED.);
#412=B_SPLINE_CURVE_WITH_KNOTS('',3,(#4630,#4631,#4632,#4633),
 .UNSPECIFIED.,.F.,.F.,(4,4),(2.12086835441307E-7,0.000362740573088083),
 .UNSPECIFIED.);
#413=B_SPLINE_CURVE_WITH_KNOTS('',3,(#4637,#4638,#4639,#4640),
 .UNSPECIFIED.,.F.,.F.,(4,4),(2.10439818433194E-7,0.000362772606598631),
 .UNSPECIFIED.);
#414=B_SPLINE_CURVE_WITH_KNOTS('',3,(#4642,#4643,#4644,#4645),
 .UNSPECIFIED.,.F.,.F.,(4,4),(2.13581432317244E-10,0.00114714430101807),
 .UNSPECIFIED.);
#415=B_SPLINE_CURVE_WITH_KNOTS('',3,(#4650,#4651,#4652,#4653),
 .UNSPECIFIED.,.F.,.F.,(4,4),(2.10439818433607E-7,0.000362772606598635),
 .UNSPECIFIED.);
#416=B_SPLINE_CURVE_WITH_KNOTS('',3,(#4657,#4658,#4659,#4660),
 .UNSPECIFIED.,.F.,.F.,(4,4),(2.12086835432252E-7,0.000362740573088077),
 .UNSPECIFIED.);
#417=B_SPLINE_CURVE_WITH_KNOTS('',3,(#4662,#4663,#4664,#4665),
 .UNSPECIFIED.,.F.,.F.,(4,4),(3.70405107424453E-7,0.00122259526826447),
 .UNSPECIFIED.);
#418=B_SPLINE_CURVE_WITH_KNOTS('',3,(#4672,#4673,#4674,#4675,#4676,#4677,
#4678),.UNSPECIFIED.,.F.,.F.,(4,1,1,1,4),(0.,0.000801184129828383,0.00160236825965677,
0.00240355238948515,0.00320473651931353),.UNSPECIFIED.);
#419=B_SPLINE_CURVE_WITH_KNOTS('',3,(#4682,#4683,#4684,#4685,#4686,#4687,
#4688),.UNSPECIFIED.,.F.,.F.,(4,1,1,1,4),(0.,0.000801184243740546,0.00160236848748109,
0.00240355273122164,0.00320473697496218),.UNSPECIFIED.);
#420=B_SPLINE_CURVE_WITH_KNOTS('',3,(#4692,#4693,#4694,#4695),
 .UNSPECIFIED.,.F.,.F.,(4,4),(7.94950163848063E-18,0.000890303079416181),
 .UNSPECIFIED.);
#421=B_SPLINE_CURVE_WITH_KNOTS('',3,(#4707,#4708,#4709,#4710),
 .UNSPECIFIED.,.F.,.F.,(4,4),(0.,0.000155360633205705),.UNSPECIFIED.);
#422=B_SPLINE_CURVE_WITH_KNOTS('',3,(#4712,#4713,#4714,#4715),
 .UNSPECIFIED.,.F.,.F.,(4,4),(0.00341173898412819,0.00374554818027677),
 .UNSPECIFIED.);
#423=B_SPLINE_CURVE_WITH_KNOTS('',3,(#4717,#4718,#4719,#4720),
 .UNSPECIFIED.,.F.,.F.,(4,4),(2.83520802793188E-7,0.000579483853071533),
 .UNSPECIFIED.);
#424=B_SPLINE_CURVE_WITH_KNOTS('',3,(#4729,#4730,#4731,#4732),
 .UNSPECIFIED.,.F.,.F.,(4,4),(0.00341173898413143,0.00374554818027678),
 .UNSPECIFIED.);
#425=B_SPLINE_CURVE_WITH_KNOTS('',3,(#4739,#4740,#4741,#4742),
 .UNSPECIFIED.,.F.,.F.,(4,4),(2.16840434497101E-18,0.000890303079416187),
 .UNSPECIFIED.);
#426=B_SPLINE_CURVE_WITH_KNOTS('',3,(#4743,#4744,#4745,#4746),
 .UNSPECIFIED.,.F.,.F.,(4,4),(3.70405107425943E-7,0.000579389328310082),
 .UNSPECIFIED.);
#427=B_SPLINE_CURVE_WITH_KNOTS('',3,(#4747,#4748,#4749,#4750),
 .UNSPECIFIED.,.F.,.F.,(4,4),(3.28648344205255E-7,0.00122291331812701),
 .UNSPECIFIED.);
#428=B_SPLINE_CURVE_WITH_KNOTS('',3,(#4752,#4753,#4754,#4755,#4756),
 .UNSPECIFIED.,.F.,.F.,(4,1,4),(0.,0.00171824916382964,0.00343649832765927),
 .UNSPECIFIED.);
#429=B_SPLINE_CURVE_WITH_KNOTS('',3,(#4757,#4758,#4759,#4760,#4761,#4762,
#4763),.UNSPECIFIED.,.F.,.F.,(4,1,1,1,4),(0.,0.00161374408747145,0.00322748817494289,
0.00484123226241434,0.00645497634988579),.UNSPECIFIED.);
#430=B_SPLINE_CURVE_WITH_KNOTS('',3,(#4764,#4765,#4766,#4767),
 .UNSPECIFIED.,.F.,.F.,(4,4),(2.13581432632721E-10,0.00114714430101807),
 .UNSPECIFIED.);
#431=B_SPLINE_CURVE_WITH_KNOTS('',3,(#4775,#4776,#4777,#4778),
 .UNSPECIFIED.,.F.,.F.,(4,4),(1.77533862573415E-15,0.00015536063320618),
 .UNSPECIFIED.);
#432=B_SPLINE_CURVE_WITH_KNOTS('',3,(#4784,#4785,#4786,#4787),
 .UNSPECIFIED.,.F.,.F.,(4,4),(2.12086835437632E-7,0.000362740573088077),
 .UNSPECIFIED.);
#433=B_SPLINE_CURVE_WITH_KNOTS('',3,(#4791,#4792,#4793,#4794),
 .UNSPECIFIED.,.F.,.F.,(4,4),(2.10439818437437E-7,0.000362772606598632),
 .UNSPECIFIED.);
#434=B_SPLINE_CURVE_WITH_KNOTS('',3,(#4796,#4797,#4798,#4799),
 .UNSPECIFIED.,.F.,.F.,(4,4),(2.13581431347444E-10,0.00114714430101806),
 .UNSPECIFIED.);
#435=B_SPLINE_CURVE_WITH_KNOTS('',3,(#4804,#4805,#4806,#4807),
 .UNSPECIFIED.,.F.,.F.,(4,4),(2.10439818436243E-7,0.000362772606598634),
 .UNSPECIFIED.);
#436=B_SPLINE_CURVE_WITH_KNOTS('',3,(#4811,#4812,#4813,#4814),
 .UNSPECIFIED.,.F.,.F.,(4,4),(2.12086835431104E-7,0.000362740573088072),
 .UNSPECIFIED.);
#437=B_SPLINE_CURVE_WITH_KNOTS('',3,(#4816,#4817,#4818,#4819),
 .UNSPECIFIED.,.F.,.F.,(4,4),(3.70405107423817E-7,0.00122259526826448),
 .UNSPECIFIED.);
#438=B_SPLINE_CURVE_WITH_KNOTS('',3,(#4826,#4827,#4828,#4829,#4830,#4831,
#4832),.UNSPECIFIED.,.F.,.F.,(4,1,1,1,4),(0.,0.00080118412982838,0.00160236825965676,
0.00240355238948514,0.00320473651931352),.UNSPECIFIED.);
#439=B_SPLINE_CURVE_WITH_KNOTS('',3,(#4836,#4837,#4838,#4839,#4840,#4841,
#4842),.UNSPECIFIED.,.F.,.F.,(4,1,1,1,4),(0.,0.00080118424374055,0.0016023684874811,
0.00240355273122165,0.0032047369749622),.UNSPECIFIED.);
#440=B_SPLINE_CURVE_WITH_KNOTS('',3,(#4846,#4847,#4848,#4849),
 .UNSPECIFIED.,.F.,.F.,(4,4),(8.06984430057698E-18,0.000890303079416181),
 .UNSPECIFIED.);
#441=B_SPLINE_CURVE_WITH_KNOTS('',3,(#4861,#4862,#4863,#4864),
 .UNSPECIFIED.,.F.,.F.,(4,4),(0.,0.000155360633205701),.UNSPECIFIED.);
#442=B_SPLINE_CURVE_WITH_KNOTS('',3,(#4866,#4867,#4868,#4869),
 .UNSPECIFIED.,.F.,.F.,(4,4),(0.0034117389841282,0.00374554818027678),
 .UNSPECIFIED.);
#443=B_SPLINE_CURVE_WITH_KNOTS('',3,(#4871,#4872,#4873,#4874),
 .UNSPECIFIED.,.F.,.F.,(4,4),(2.83520802786548E-7,0.00057948385307154),
 .UNSPECIFIED.);
#444=B_SPLINE_CURVE_WITH_KNOTS('',3,(#4883,#4884,#4885,#4886),
 .UNSPECIFIED.,.F.,.F.,(4,4),(0.00341173898413141,0.00374554818027676),
 .UNSPECIFIED.);
#445=B_SPLINE_CURVE_WITH_KNOTS('',3,(#4893,#4894,#4895,#4896),
 .UNSPECIFIED.,.F.,.F.,(4,4),(0.,0.000890303079416189),.UNSPECIFIED.);
#446=B_SPLINE_CURVE_WITH_KNOTS('',3,(#4897,#4898,#4899,#4900),
 .UNSPECIFIED.,.F.,.F.,(4,4),(3.7040510741938E-7,0.000579389328310075),
 .UNSPECIFIED.);
#447=B_SPLINE_CURVE_WITH_KNOTS('',3,(#4901,#4902,#4903,#4904),
 .UNSPECIFIED.,.F.,.F.,(4,4),(3.28648344197933E-7,0.00122291331812701),
 .UNSPECIFIED.);
#448=B_SPLINE_CURVE_WITH_KNOTS('',3,(#4906,#4907,#4908,#4909,#4910),
 .UNSPECIFIED.,.F.,.F.,(4,1,4),(0.,0.00171824916382964,0.00343649832765928),
 .UNSPECIFIED.);
#449=B_SPLINE_CURVE_WITH_KNOTS('',3,(#4911,#4912,#4913,#4914,#4915,#4916,
#4917),.UNSPECIFIED.,.F.,.F.,(4,1,1,1,4),(0.,0.00161374408747145,0.0032274881749429,
0.00484123226241435,0.0064549763498858),.UNSPECIFIED.);
#450=B_SPLINE_CURVE_WITH_KNOTS('',3,(#4918,#4919,#4920,#4921),
 .UNSPECIFIED.,.F.,.F.,(4,4),(2.13581432741117E-10,0.00114714430101807),
 .UNSPECIFIED.);
#451=B_SPLINE_CURVE_WITH_KNOTS('',3,(#4929,#4930,#4931,#4932),
 .UNSPECIFIED.,.F.,.F.,(4,4),(1.77157610496375E-15,0.00015536063320618),
 .UNSPECIFIED.);
#452=B_SPLINE_CURVE_WITH_KNOTS('',3,(#4938,#4939,#4940,#4941),
 .UNSPECIFIED.,.F.,.F.,(4,4),(2.12086835436771E-7,0.000362740573088078),
 .UNSPECIFIED.);
#453=B_SPLINE_CURVE_WITH_KNOTS('',3,(#4945,#4946,#4947,#4948),
 .UNSPECIFIED.,.F.,.F.,(4,4),(2.10439818433179E-7,0.000362772606598626),
 .UNSPECIFIED.);
#454=B_SPLINE_CURVE_WITH_KNOTS('',3,(#4950,#4951,#4952,#4953),
 .UNSPECIFIED.,.F.,.F.,(4,4),(2.13581431565604E-10,0.00114714430101806),
 .UNSPECIFIED.);
#455=B_SPLINE_CURVE_WITH_KNOTS('',3,(#4958,#4959,#4960,#4961),
 .UNSPECIFIED.,.F.,.F.,(4,4),(2.10439818430808E-7,0.000362772606598632),
 .UNSPECIFIED.);
#456=B_SPLINE_CURVE_WITH_KNOTS('',3,(#4965,#4966,#4967,#4968),
 .UNSPECIFIED.,.F.,.F.,(4,4),(2.12086835431088E-7,0.000362740573088075),
 .UNSPECIFIED.);
#457=B_SPLINE_CURVE_WITH_KNOTS('',3,(#4970,#4971,#4972,#4973),
 .UNSPECIFIED.,.F.,.F.,(4,4),(3.70405107423901E-7,0.00122259526826447),
 .UNSPECIFIED.);
#458=B_SPLINE_CURVE_WITH_KNOTS('',3,(#4980,#4981,#4982,#4983,#4984,#4985,
#4986),.UNSPECIFIED.,.F.,.F.,(4,1,1,1,4),(0.,0.000801184129828376,0.00160236825965675,
0.00240355238948513,0.0032047365193135),.UNSPECIFIED.);
#459=B_SPLINE_CURVE_WITH_KNOTS('',3,(#4990,#4991,#4992,#4993,#4994,#4995,
#4996),.UNSPECIFIED.,.F.,.F.,(4,1,1,1,4),(0.,0.00080118424374055,0.0016023684874811,
0.00240355273122165,0.0032047369749622),.UNSPECIFIED.);
#460=B_SPLINE_CURVE_WITH_KNOTS('',3,(#5000,#5001,#5002,#5003),
 .UNSPECIFIED.,.F.,.F.,(4,4),(8.49837472194074E-18,0.000890303079416182),
 .UNSPECIFIED.);
#461=B_SPLINE_CURVE_WITH_KNOTS('',3,(#5015,#5016,#5017,#5018),
 .UNSPECIFIED.,.F.,.F.,(4,4),(0.,0.000155360633205703),.UNSPECIFIED.);
#462=B_SPLINE_CURVE_WITH_KNOTS('',3,(#5020,#5021,#5022,#5023),
 .UNSPECIFIED.,.F.,.F.,(4,4),(0.0034117389841282,0.00374554818027677),
 .UNSPECIFIED.);
#463=B_SPLINE_CURVE_WITH_KNOTS('',3,(#5025,#5026,#5027,#5028),
 .UNSPECIFIED.,.F.,.F.,(4,4),(2.83520802783545E-7,0.000579483853071539),
 .UNSPECIFIED.);
#464=B_SPLINE_CURVE_WITH_KNOTS('',3,(#5037,#5038,#5039,#5040),
 .UNSPECIFIED.,.F.,.F.,(4,4),(0.00341173898413141,0.00374554818027676),
 .UNSPECIFIED.);
#465=B_SPLINE_CURVE_WITH_KNOTS('',3,(#5047,#5048,#5049,#5050),
 .UNSPECIFIED.,.F.,.F.,(4,4),(0.,0.000890303079416187),.UNSPECIFIED.);
#466=B_SPLINE_CURVE_WITH_KNOTS('',3,(#5051,#5052,#5053,#5054),
 .UNSPECIFIED.,.F.,.F.,(4,4),(3.70405107421827E-7,0.000579389328310073),
 .UNSPECIFIED.);
#467=B_SPLINE_CURVE_WITH_KNOTS('',3,(#5055,#5056,#5057,#5058),
 .UNSPECIFIED.,.F.,.F.,(4,4),(3.28648344208497E-7,0.00122291331812701),
 .UNSPECIFIED.);
#468=B_SPLINE_CURVE_WITH_KNOTS('',3,(#5060,#5061,#5062,#5063,#5064),
 .UNSPECIFIED.,.F.,.F.,(4,1,4),(0.,0.00171824916382964,0.00343649832765928),
 .UNSPECIFIED.);
#469=B_SPLINE_CURVE_WITH_KNOTS('',3,(#5065,#5066,#5067,#5068,#5069,#5070,
#5071),.UNSPECIFIED.,.F.,.F.,(4,1,1,1,4),(4.24918736097037E-18,0.00161374408747146,
0.00322748817494291,0.00484123226241436,0.00645497634988581),
 .UNSPECIFIED.);
#470=B_SPLINE_CURVE_WITH_KNOTS('',3,(#5072,#5073,#5074,#5075),
 .UNSPECIFIED.,.F.,.F.,(4,4),(2.13581433670602E-10,0.00114714430101808),
 .UNSPECIFIED.);
#471=B_SPLINE_CURVE_WITH_KNOTS('',3,(#5083,#5084,#5085,#5086),
 .UNSPECIFIED.,.F.,.F.,(4,4),(1.77266947775811E-15,0.000155360633206185),
 .UNSPECIFIED.);
#472=B_SPLINE_CURVE_WITH_KNOTS('',3,(#5092,#5093,#5094,#5095),
 .UNSPECIFIED.,.F.,.F.,(4,4),(2.12086835439869E-7,0.00036274057308808),
 .UNSPECIFIED.);
#473=B_SPLINE_CURVE_WITH_KNOTS('',3,(#5099,#5100,#5101,#5102),
 .UNSPECIFIED.,.F.,.F.,(4,4),(2.10439818436432E-7,0.000362772606598632),
 .UNSPECIFIED.);
#474=B_SPLINE_CURVE_WITH_KNOTS('',3,(#5104,#5105,#5106,#5107),
 .UNSPECIFIED.,.F.,.F.,(4,4),(2.13581432308794E-10,0.00114714430101807),
 .UNSPECIFIED.);
#475=B_SPLINE_CURVE_WITH_KNOTS('',3,(#5112,#5113,#5114,#5115),
 .UNSPECIFIED.,.F.,.F.,(4,4),(2.10439818431777E-7,0.00036277260659863),
 .UNSPECIFIED.);
#476=B_SPLINE_CURVE_WITH_KNOTS('',3,(#5119,#5120,#5121,#5122),
 .UNSPECIFIED.,.F.,.F.,(4,4),(2.12086835427489E-7,0.000362740573088072),
 .UNSPECIFIED.);
#477=B_SPLINE_CURVE_WITH_KNOTS('',3,(#5124,#5125,#5126,#5127),
 .UNSPECIFIED.,.F.,.F.,(4,4),(3.70405107423508E-7,0.00122259526826446),
 .UNSPECIFIED.);
#478=B_SPLINE_CURVE_WITH_KNOTS('',3,(#5134,#5135,#5136,#5137,#5138,#5139,
#5140),.UNSPECIFIED.,.F.,.F.,(4,1,1,1,4),(0.,0.000801184129828379,0.00160236825965676,
0.00240355238948514,0.00320473651931352),.UNSPECIFIED.);
#479=B_SPLINE_CURVE_WITH_KNOTS('',3,(#5144,#5145,#5146,#5147,#5148,#5149,
#5150),.UNSPECIFIED.,.F.,.F.,(4,1,1,1,4),(0.,0.000801184243740553,0.00160236848748111,
0.00240355273122166,0.00320473697496221),.UNSPECIFIED.);
#480=B_SPLINE_CURVE_WITH_KNOTS('',3,(#5154,#5155,#5156,#5157),
 .UNSPECIFIED.,.F.,.F.,(4,4),(8.36453368460804E-18,0.00089030307941618),
 .UNSPECIFIED.);
#481=B_SPLINE_CURVE_WITH_KNOTS('',3,(#5169,#5170,#5171,#5172),
 .UNSPECIFIED.,.F.,.F.,(4,4),(0.,0.000155360633205697),.UNSPECIFIED.);
#482=B_SPLINE_CURVE_WITH_KNOTS('',3,(#5174,#5175,#5176,#5177),
 .UNSPECIFIED.,.F.,.F.,(4,4),(0.0034117389841282,0.00374554818027678),
 .UNSPECIFIED.);
#483=B_SPLINE_CURVE_WITH_KNOTS('',3,(#5179,#5180,#5181,#5182),
 .UNSPECIFIED.,.F.,.F.,(4,4),(2.8352080278248E-7,0.000579483853071539),
 .UNSPECIFIED.);
#484=B_SPLINE_CURVE_WITH_KNOTS('',3,(#5191,#5192,#5193,#5194),
 .UNSPECIFIED.,.F.,.F.,(4,4),(0.0034117389841314,0.00374554818027675),
 .UNSPECIFIED.);
#485=B_SPLINE_CURVE_WITH_KNOTS('',3,(#5201,#5202,#5203,#5204),
 .UNSPECIFIED.,.F.,.F.,(4,4),(2.16840434497101E-19,0.00089030307941619),
 .UNSPECIFIED.);
#486=B_SPLINE_CURVE_WITH_KNOTS('',3,(#5205,#5206,#5207,#5208),
 .UNSPECIFIED.,.F.,.F.,(4,4),(3.70405107410611E-7,0.000579389328310065),
 .UNSPECIFIED.);
#487=B_SPLINE_CURVE_WITH_KNOTS('',3,(#5209,#5210,#5211,#5212),
 .UNSPECIFIED.,.F.,.F.,(4,4),(3.28648344205222E-7,0.001222913318127),
 .UNSPECIFIED.);
#488=B_SPLINE_CURVE_WITH_KNOTS('',3,(#5214,#5215,#5216,#5217,#5218),
 .UNSPECIFIED.,.F.,.F.,(4,1,4),(0.,0.00171824916382963,0.00343649832765926),
 .UNSPECIFIED.);
#489=B_SPLINE_CURVE_WITH_KNOTS('',3,(#5219,#5220,#5221,#5222,#5223,#5224,
#5225),.UNSPECIFIED.,.F.,.F.,(4,1,1,1,4),(8.67361737988403E-19,0.00161374408747143,
0.00322748817494287,0.0048412322624143,0.00645497634988574),
 .UNSPECIFIED.);
#490=B_SPLINE_CURVE_WITH_KNOTS('',3,(#5226,#5227,#5228,#5229),
 .UNSPECIFIED.,.F.,.F.,(4,4),(2.13581431971914E-10,0.00114714430101807),
 .UNSPECIFIED.);
#491=B_SPLINE_CURVE_WITH_KNOTS('',3,(#5237,#5238,#5239,#5240),
 .UNSPECIFIED.,.F.,.F.,(4,4),(1.77259972351697E-15,0.000155360633206181),
 .UNSPECIFIED.);
#492=B_SPLINE_CURVE_WITH_KNOTS('',3,(#5246,#5247,#5248,#5249),
 .UNSPECIFIED.,.F.,.F.,(4,4),(2.12086835440915E-7,0.000362740573088082),
 .UNSPECIFIED.);
#493=B_SPLINE_CURVE_WITH_KNOTS('',3,(#5253,#5254,#5255,#5256),
 .UNSPECIFIED.,.F.,.F.,(4,4),(2.10439818433724E-7,0.000362772606598631),
 .UNSPECIFIED.);
#494=B_SPLINE_CURVE_WITH_KNOTS('',3,(#5258,#5259,#5260,#5261),
 .UNSPECIFIED.,.F.,.F.,(4,4),(2.13581433242116E-10,0.00114714430101807),
 .UNSPECIFIED.);
#495=B_SPLINE_CURVE_WITH_KNOTS('',3,(#5266,#5267,#5268,#5269),
 .UNSPECIFIED.,.F.,.F.,(4,4),(2.10439818434666E-7,0.000362772606598636),
 .UNSPECIFIED.);
#496=B_SPLINE_CURVE_WITH_KNOTS('',3,(#5273,#5274,#5275,#5276),
 .UNSPECIFIED.,.F.,.F.,(4,4),(2.12086835431313E-7,0.000362740573088075),
 .UNSPECIFIED.);
#497=B_SPLINE_CURVE_WITH_KNOTS('',3,(#5278,#5279,#5280,#5281),
 .UNSPECIFIED.,.F.,.F.,(4,4),(3.70405107415643E-7,0.00122259526826447),
 .UNSPECIFIED.);
#498=B_SPLINE_CURVE_WITH_KNOTS('',3,(#5288,#5289,#5290,#5291,#5292,#5293,
#5294),.UNSPECIFIED.,.F.,.F.,(4,1,1,1,4),(0.,0.000801184129828382,0.00160236825965676,
0.00240355238948515,0.00320473651931353),.UNSPECIFIED.);
#499=B_SPLINE_CURVE_WITH_KNOTS('',3,(#5298,#5299,#5300,#5301,#5302,#5303,
#5304),.UNSPECIFIED.,.F.,.F.,(4,1,1,1,4),(0.,0.00080118424374055,0.0016023684874811,
0.00240355273122165,0.0032047369749622),.UNSPECIFIED.);
#500=B_SPLINE_CURVE_WITH_KNOTS('',3,(#5308,#5309,#5310,#5311),
 .UNSPECIFIED.,.F.,.F.,(4,4),(8.36453368460804E-18,0.00089030307941618),
 .UNSPECIFIED.);
#501=B_SPLINE_CURVE_WITH_KNOTS('',3,(#5323,#5324,#5325,#5326),
 .UNSPECIFIED.,.F.,.F.,(4,4),(0.,0.000155360633205703),.UNSPECIFIED.);
#502=B_SPLINE_CURVE_WITH_KNOTS('',3,(#5328,#5329,#5330,#5331),
 .UNSPECIFIED.,.F.,.F.,(4,4),(0.0034117389841282,0.00374554818027678),
 .UNSPECIFIED.);
#503=B_SPLINE_CURVE_WITH_KNOTS('',3,(#5333,#5334,#5335,#5336),
 .UNSPECIFIED.,.F.,.F.,(4,4),(2.83520802784152E-7,0.000579483853071545),
 .UNSPECIFIED.);
#504=B_SPLINE_CURVE_WITH_KNOTS('',3,(#5345,#5346,#5347,#5348),
 .UNSPECIFIED.,.F.,.F.,(4,4),(0.00341173898413141,0.00374554818027676),
 .UNSPECIFIED.);
#505=B_SPLINE_CURVE_WITH_KNOTS('',3,(#5355,#5356,#5357,#5358),
 .UNSPECIFIED.,.F.,.F.,(4,4),(4.98261384108449E-18,0.000890303079416187),
 .UNSPECIFIED.);
#506=B_SPLINE_CURVE_WITH_KNOTS('',3,(#5359,#5360,#5361,#5362),
 .UNSPECIFIED.,.F.,.F.,(4,4),(3.70405107433495E-7,0.000579389328310082),
 .UNSPECIFIED.);
#507=B_SPLINE_CURVE_WITH_KNOTS('',3,(#5363,#5364,#5365,#5366),
 .UNSPECIFIED.,.F.,.F.,(4,4),(3.28648344215588E-7,0.00122291331812702),
 .UNSPECIFIED.);
#508=B_SPLINE_CURVE_WITH_KNOTS('',3,(#5368,#5369,#5370,#5371,#5372),
 .UNSPECIFIED.,.F.,.F.,(4,1,4),(0.,0.00171824916382963,0.00343649832765925),
 .UNSPECIFIED.);
#509=B_SPLINE_CURVE_WITH_KNOTS('',3,(#5373,#5374,#5375,#5376,#5377,#5378,
#5379),.UNSPECIFIED.,.F.,.F.,(4,1,1,1,4),(2.5287722848199E-18,0.00161374408747142,
0.00322748817494284,0.00484123226241426,0.00645497634988567),
 .UNSPECIFIED.);
#510=B_SPLINE_CURVE_WITH_KNOTS('',3,(#5380,#5381,#5382,#5383),
 .UNSPECIFIED.,.F.,.F.,(4,4),(2.13581431511947E-10,0.00114714430101806),
 .UNSPECIFIED.);
#511=B_SPLINE_CURVE_WITH_KNOTS('',3,(#5391,#5392,#5393,#5394),
 .UNSPECIFIED.,.F.,.F.,(4,4),(1.76892063072968E-15,0.000155360633206186),
 .UNSPECIFIED.);
#512=B_SPLINE_CURVE_WITH_KNOTS('',3,(#5400,#5401,#5402,#5403),
 .UNSPECIFIED.,.F.,.F.,(4,4),(2.12086835434368E-7,0.000362740573088076),
 .UNSPECIFIED.);
#513=B_SPLINE_CURVE_WITH_KNOTS('',3,(#5407,#5408,#5409,#5410),
 .UNSPECIFIED.,.F.,.F.,(4,4),(2.10439818434048E-7,0.000362772606598631),
 .UNSPECIFIED.);
#514=B_SPLINE_CURVE_WITH_KNOTS('',3,(#5412,#5413,#5414,#5415),
 .UNSPECIFIED.,.F.,.F.,(4,4),(2.13581431397861E-10,0.00114714430101807),
 .UNSPECIFIED.);
#515=B_SPLINE_CURVE_WITH_KNOTS('',3,(#5420,#5421,#5422,#5423),
 .UNSPECIFIED.,.F.,.F.,(4,4),(2.10439818434419E-7,0.000362772606598633),
 .UNSPECIFIED.);
#516=B_SPLINE_CURVE_WITH_KNOTS('',3,(#5427,#5428,#5429,#5430),
 .UNSPECIFIED.,.F.,.F.,(4,4),(2.12086835427497E-7,0.000362740573088075),
 .UNSPECIFIED.);
#517=B_SPLINE_CURVE_WITH_KNOTS('',3,(#5432,#5433,#5434,#5435),
 .UNSPECIFIED.,.F.,.F.,(4,4),(3.70405107413071E-7,0.00122259526826446),
 .UNSPECIFIED.);
#518=B_SPLINE_CURVE_WITH_KNOTS('',3,(#5442,#5443,#5444,#5445,#5446,#5447,
#5448),.UNSPECIFIED.,.F.,.F.,(4,1,1,1,4),(0.,0.000801184129828382,0.00160236825965676,
0.00240355238948515,0.00320473651931353),.UNSPECIFIED.);
#519=B_SPLINE_CURVE_WITH_KNOTS('',3,(#5452,#5453,#5454,#5455,#5456,#5457,
#5458),.UNSPECIFIED.,.F.,.F.,(4,1,1,1,4),(0.,0.00080118424374055,0.0016023684874811,
0.00240355273122165,0.0032047369749622),.UNSPECIFIED.);
#520=B_SPLINE_CURVE_WITH_KNOTS('',3,(#5462,#5463,#5464,#5465),
 .UNSPECIFIED.,.F.,.F.,(4,4),(8.49837472194074E-18,0.000890303079416183),
 .UNSPECIFIED.);
#521=B_SPLINE_CURVE_WITH_KNOTS('',3,(#5477,#5478,#5479,#5480),
 .UNSPECIFIED.,.F.,.F.,(4,4),(0.,0.000155360633205706),.UNSPECIFIED.);
#522=B_SPLINE_CURVE_WITH_KNOTS('',3,(#5482,#5483,#5484,#5485),
 .UNSPECIFIED.,.F.,.F.,(4,4),(0.00341173898412819,0.00374554818027677),
 .UNSPECIFIED.);
#523=B_SPLINE_CURVE_WITH_KNOTS('',3,(#5487,#5488,#5489,#5490),
 .UNSPECIFIED.,.F.,.F.,(4,4),(2.83520802787816E-7,0.000579483853071543),
 .UNSPECIFIED.);
#524=B_SPLINE_CURVE_WITH_KNOTS('',3,(#5499,#5500,#5501,#5502),
 .UNSPECIFIED.,.F.,.F.,(4,4),(0.00341173898413142,0.00374554818027677),
 .UNSPECIFIED.);
#525=B_SPLINE_CURVE_WITH_KNOTS('',3,(#5509,#5510,#5511,#5512),
 .UNSPECIFIED.,.F.,.F.,(4,4),(5.34677684329522E-18,0.000890303079416189),
 .UNSPECIFIED.);
#526=B_SPLINE_CURVE_WITH_KNOTS('',3,(#5513,#5514,#5515,#5516),
 .UNSPECIFIED.,.F.,.F.,(4,4),(3.70405107425962E-7,0.000579389328310077),
 .UNSPECIFIED.);
#527=B_SPLINE_CURVE_WITH_KNOTS('',3,(#5517,#5518,#5519,#5520),
 .UNSPECIFIED.,.F.,.F.,(4,4),(3.28648344208251E-7,0.00122291331812701),
 .UNSPECIFIED.);
#528=B_SPLINE_CURVE_WITH_KNOTS('',3,(#5522,#5523,#5524,#5525,#5526),
 .UNSPECIFIED.,.F.,.F.,(4,1,4),(0.,0.00171824916382963,0.00343649832765927),
 .UNSPECIFIED.);
#529=B_SPLINE_CURVE_WITH_KNOTS('',3,(#5527,#5528,#5529,#5530,#5531,#5532,
#5533),.UNSPECIFIED.,.F.,.F.,(4,1,1,1,4),(0.,0.00161374408747144,0.00322748817494288,
0.00484123226241432,0.00645497634988576),.UNSPECIFIED.);
#530=B_SPLINE_CURVE_WITH_KNOTS('',3,(#5534,#5535,#5536,#5537),
 .UNSPECIFIED.,.F.,.F.,(4,4),(2.13581431751371E-10,0.00114714430101807),
 .UNSPECIFIED.);
#531=B_SPLINE_CURVE_WITH_KNOTS('',3,(#5545,#5546,#5547,#5548),
 .UNSPECIFIED.,.F.,.F.,(4,4),(1.77940312245102E-15,0.00015536063320618),
 .UNSPECIFIED.);
#532=B_SPLINE_CURVE_WITH_KNOTS('',3,(#5559,#5560,#5561,#5562),
 .UNSPECIFIED.,.F.,.F.,(4,4),(7.96132246529041E-18,0.000890303079416181),
 .UNSPECIFIED.);
#533=B_SPLINE_CURVE_WITH_KNOTS('',3,(#5570,#5571,#5572,#5573),
 .UNSPECIFIED.,.F.,.F.,(4,4),(2.13581432369672E-10,0.00114714430101807),
 .UNSPECIFIED.);
#534=B_SPLINE_CURVE_WITH_KNOTS('',3,(#5577,#5578,#5579,#5580,#5581),
 .UNSPECIFIED.,.F.,.F.,(4,1,4),(0.,0.00171824916382963,0.00343649832765926),
 .UNSPECIFIED.);
#535=B_SPLINE_CURVE_WITH_KNOTS('',3,(#5590,#5591,#5592,#5593,#5594,#5595,
#5596),.UNSPECIFIED.,.F.,.F.,(4,1,1,1,4),(0.,0.00161374408747144,0.00322748817494287,
0.00484123226241431,0.00645497634988575),.UNSPECIFIED.);
#536=B_SPLINE_CURVE_WITH_KNOTS('',3,(#5598,#5599,#5600,#5601,#5602,#5603,
#5604),.UNSPECIFIED.,.F.,.F.,(4,1,1,1,4),(0.,0.000801184243740547,0.00160236848748109,
0.00240355273122164,0.00320473697496219),.UNSPECIFIED.);
#537=B_SPLINE_CURVE_WITH_KNOTS('',3,(#5606,#5607,#5608,#5609),
 .UNSPECIFIED.,.F.,.F.,(4,4),(2.12086835436709E-7,0.000362740573088079),
 .UNSPECIFIED.);
#538=B_SPLINE_CURVE_WITH_KNOTS('',3,(#5611,#5612,#5613,#5614),
 .UNSPECIFIED.,.F.,.F.,(4,4),(3.70405107412013E-7,0.00122259526826446),
 .UNSPECIFIED.);
#539=B_SPLINE_CURVE_WITH_KNOTS('',3,(#5616,#5617,#5618,#5619),
 .UNSPECIFIED.,.F.,.F.,(4,4),(2.10439818433635E-7,0.000362772606598635),
 .UNSPECIFIED.);
#540=B_SPLINE_CURVE_WITH_KNOTS('',3,(#5621,#5622,#5623,#5624),
 .UNSPECIFIED.,.F.,.F.,(4,4),(0.,0.000155360633205703),.UNSPECIFIED.);
#541=B_SPLINE_CURVE_WITH_KNOTS('',3,(#5626,#5627,#5628,#5629),
 .UNSPECIFIED.,.F.,.F.,(4,4),(0.00341173898412818,0.00374554818027675),
 .UNSPECIFIED.);
#542=B_SPLINE_CURVE_WITH_KNOTS('',3,(#5631,#5632,#5633,#5634),
 .UNSPECIFIED.,.F.,.F.,(4,4),(2.83520802789116E-7,0.000579483853071551),
 .UNSPECIFIED.);
#543=ORIENTED_EDGE('',*,*,#1471,.F.);
#544=ORIENTED_EDGE('',*,*,#1472,.T.);
#545=ORIENTED_EDGE('',*,*,#1473,.F.);
#546=ORIENTED_EDGE('',*,*,#1474,.T.);
#547=ORIENTED_EDGE('',*,*,#1475,.T.);
#548=ORIENTED_EDGE('',*,*,#1476,.F.);
#549=ORIENTED_EDGE('',*,*,#1477,.T.);
#550=ORIENTED_EDGE('',*,*,#1478,.F.);
#551=ORIENTED_EDGE('',*,*,#1479,.F.);
#552=ORIENTED_EDGE('',*,*,#1480,.T.);
#553=ORIENTED_EDGE('',*,*,#1481,.F.);
#554=ORIENTED_EDGE('',*,*,#1482,.T.);
#555=ORIENTED_EDGE('',*,*,#1483,.F.);
#556=ORIENTED_EDGE('',*,*,#1484,.T.);
#557=ORIENTED_EDGE('',*,*,#1485,.F.);
#558=ORIENTED_EDGE('',*,*,#1486,.T.);
#559=ORIENTED_EDGE('',*,*,#1487,.T.);
#560=ORIENTED_EDGE('',*,*,#1488,.F.);
#561=ORIENTED_EDGE('',*,*,#1489,.T.);
#562=ORIENTED_EDGE('',*,*,#1490,.F.);
#563=ORIENTED_EDGE('',*,*,#1491,.T.);
#564=ORIENTED_EDGE('',*,*,#1492,.T.);
#565=ORIENTED_EDGE('',*,*,#1493,.T.);
#566=ORIENTED_EDGE('',*,*,#1494,.F.);
#567=ORIENTED_EDGE('',*,*,#1495,.T.);
#568=ORIENTED_EDGE('',*,*,#1496,.F.);
#569=ORIENTED_EDGE('',*,*,#1497,.F.);
#570=ORIENTED_EDGE('',*,*,#1498,.T.);
#571=ORIENTED_EDGE('',*,*,#1499,.T.);
#572=ORIENTED_EDGE('',*,*,#1500,.T.);
#573=ORIENTED_EDGE('',*,*,#1491,.F.);
#574=ORIENTED_EDGE('',*,*,#1501,.T.);
#575=ORIENTED_EDGE('',*,*,#1502,.F.);
#576=ORIENTED_EDGE('',*,*,#1503,.T.);
#577=ORIENTED_EDGE('',*,*,#1504,.T.);
#578=ORIENTED_EDGE('',*,*,#1505,.T.);
#579=ORIENTED_EDGE('',*,*,#1506,.F.);
#580=ORIENTED_EDGE('',*,*,#1507,.T.);
#581=ORIENTED_EDGE('',*,*,#1508,.F.);
#582=ORIENTED_EDGE('',*,*,#1509,.T.);
#583=ORIENTED_EDGE('',*,*,#1502,.T.);
#584=ORIENTED_EDGE('',*,*,#1510,.T.);
#585=ORIENTED_EDGE('',*,*,#1499,.F.);
#586=ORIENTED_EDGE('',*,*,#1511,.T.);
#587=ORIENTED_EDGE('',*,*,#1512,.F.);
#588=ORIENTED_EDGE('',*,*,#1513,.T.);
#589=ORIENTED_EDGE('',*,*,#1514,.T.);
#590=ORIENTED_EDGE('',*,*,#1515,.F.);
#591=ORIENTED_EDGE('',*,*,#1504,.F.);
#592=ORIENTED_EDGE('',*,*,#1516,.T.);
#593=ORIENTED_EDGE('',*,*,#1497,.T.);
#594=ORIENTED_EDGE('',*,*,#1517,.T.);
#595=ORIENTED_EDGE('',*,*,#1518,.T.);
#596=ORIENTED_EDGE('',*,*,#1515,.T.);
#597=ORIENTED_EDGE('',*,*,#1519,.F.);
#598=ORIENTED_EDGE('',*,*,#1490,.T.);
#599=ORIENTED_EDGE('',*,*,#1520,.F.);
#600=ORIENTED_EDGE('',*,*,#1521,.F.);
#601=ORIENTED_EDGE('',*,*,#1484,.F.);
#602=ORIENTED_EDGE('',*,*,#1522,.T.);
#603=ORIENTED_EDGE('',*,*,#1505,.F.);
#604=ORIENTED_EDGE('',*,*,#1517,.F.);
#605=ORIENTED_EDGE('',*,*,#1496,.T.);
#606=ORIENTED_EDGE('',*,*,#1523,.F.);
#607=ORIENTED_EDGE('',*,*,#1478,.T.);
#608=ORIENTED_EDGE('',*,*,#1524,.F.);
#609=ORIENTED_EDGE('',*,*,#1525,.T.);
#610=ORIENTED_EDGE('',*,*,#1472,.F.);
#611=ORIENTED_EDGE('',*,*,#1526,.T.);
#612=ORIENTED_EDGE('',*,*,#1480,.F.);
#613=ORIENTED_EDGE('',*,*,#1527,.F.);
#614=ORIENTED_EDGE('',*,*,#1528,.F.);
#615=ORIENTED_EDGE('',*,*,#1529,.F.);
#616=ORIENTED_EDGE('',*,*,#1530,.F.);
#617=ORIENTED_EDGE('',*,*,#1513,.F.);
#618=ORIENTED_EDGE('',*,*,#1498,.F.);
#619=ORIENTED_EDGE('',*,*,#1516,.F.);
#620=ORIENTED_EDGE('',*,*,#1503,.F.);
#621=ORIENTED_EDGE('',*,*,#1511,.F.);
#622=ORIENTED_EDGE('',*,*,#1501,.F.);
#623=ORIENTED_EDGE('',*,*,#1531,.F.);
#624=ORIENTED_EDGE('',*,*,#1532,.T.);
#625=ORIENTED_EDGE('',*,*,#1533,.F.);
#626=ORIENTED_EDGE('',*,*,#1534,.T.);
#627=ORIENTED_EDGE('',*,*,#1481,.T.);
#628=ORIENTED_EDGE('',*,*,#1526,.F.);
#629=ORIENTED_EDGE('',*,*,#1471,.T.);
#630=ORIENTED_EDGE('',*,*,#1535,.F.);
#631=ORIENTED_EDGE('',*,*,#1536,.F.);
#632=ORIENTED_EDGE('',*,*,#1537,.T.);
#633=ORIENTED_EDGE('',*,*,#1538,.F.);
#634=ORIENTED_EDGE('',*,*,#1539,.T.);
#635=ORIENTED_EDGE('',*,*,#1489,.F.);
#636=ORIENTED_EDGE('',*,*,#1540,.T.);
#637=ORIENTED_EDGE('',*,*,#1541,.F.);
#638=ORIENTED_EDGE('',*,*,#1520,.T.);
#639=ORIENTED_EDGE('',*,*,#1542,.T.);
#640=ORIENTED_EDGE('',*,*,#1543,.F.);
#641=ORIENTED_EDGE('',*,*,#1544,.T.);
#642=ORIENTED_EDGE('',*,*,#1545,.F.);
#643=ORIENTED_EDGE('',*,*,#1546,.T.);
#644=ORIENTED_EDGE('',*,*,#1527,.T.);
#645=ORIENTED_EDGE('',*,*,#1512,.T.);
#646=ORIENTED_EDGE('',*,*,#1518,.F.);
#647=ORIENTED_EDGE('',*,*,#1479,.T.);
#648=ORIENTED_EDGE('',*,*,#1547,.F.);
#649=ORIENTED_EDGE('',*,*,#1548,.F.);
#650=ORIENTED_EDGE('',*,*,#1549,.T.);
#651=ORIENTED_EDGE('',*,*,#1550,.T.);
#652=ORIENTED_EDGE('',*,*,#1528,.T.);
#653=ORIENTED_EDGE('',*,*,#1546,.F.);
#654=ORIENTED_EDGE('',*,*,#1551,.T.);
#655=ORIENTED_EDGE('',*,*,#1552,.F.);
#656=ORIENTED_EDGE('',*,*,#1553,.T.);
#657=ORIENTED_EDGE('',*,*,#1554,.T.);
#658=ORIENTED_EDGE('',*,*,#1555,.T.);
#659=ORIENTED_EDGE('',*,*,#1487,.F.);
#660=ORIENTED_EDGE('',*,*,#1519,.T.);
#661=ORIENTED_EDGE('',*,*,#1514,.F.);
#662=ORIENTED_EDGE('',*,*,#1530,.T.);
#663=ORIENTED_EDGE('',*,*,#1552,.T.);
#664=ORIENTED_EDGE('',*,*,#1529,.T.);
#665=ORIENTED_EDGE('',*,*,#1550,.F.);
#666=ORIENTED_EDGE('',*,*,#1556,.T.);
#667=ORIENTED_EDGE('',*,*,#1557,.F.);
#668=ORIENTED_EDGE('',*,*,#1558,.T.);
#669=ORIENTED_EDGE('',*,*,#1559,.T.);
#670=ORIENTED_EDGE('',*,*,#1560,.F.);
#671=ORIENTED_EDGE('',*,*,#1554,.F.);
#672=ORIENTED_EDGE('',*,*,#1561,.T.);
#673=ORIENTED_EDGE('',*,*,#1548,.T.);
#674=ORIENTED_EDGE('',*,*,#1562,.T.);
#675=ORIENTED_EDGE('',*,*,#1563,.T.);
#676=ORIENTED_EDGE('',*,*,#1560,.T.);
#677=ORIENTED_EDGE('',*,*,#1564,.F.);
#678=ORIENTED_EDGE('',*,*,#1545,.T.);
#679=ORIENTED_EDGE('',*,*,#1565,.F.);
#680=ORIENTED_EDGE('',*,*,#1566,.F.);
#681=ORIENTED_EDGE('',*,*,#1540,.F.);
#682=ORIENTED_EDGE('',*,*,#1488,.T.);
#683=ORIENTED_EDGE('',*,*,#1555,.F.);
#684=ORIENTED_EDGE('',*,*,#1562,.F.);
#685=ORIENTED_EDGE('',*,*,#1547,.T.);
#686=ORIENTED_EDGE('',*,*,#1482,.F.);
#687=ORIENTED_EDGE('',*,*,#1535,.T.);
#688=ORIENTED_EDGE('',*,*,#1474,.F.);
#689=ORIENTED_EDGE('',*,*,#1567,.T.);
#690=ORIENTED_EDGE('',*,*,#1532,.F.);
#691=ORIENTED_EDGE('',*,*,#1568,.T.);
#692=ORIENTED_EDGE('',*,*,#1537,.F.);
#693=ORIENTED_EDGE('',*,*,#1569,.F.);
#694=ORIENTED_EDGE('',*,*,#1570,.F.);
#695=ORIENTED_EDGE('',*,*,#1571,.F.);
#696=ORIENTED_EDGE('',*,*,#1572,.F.);
#697=ORIENTED_EDGE('',*,*,#1558,.F.);
#698=ORIENTED_EDGE('',*,*,#1549,.F.);
#699=ORIENTED_EDGE('',*,*,#1561,.F.);
#700=ORIENTED_EDGE('',*,*,#1553,.F.);
#701=ORIENTED_EDGE('',*,*,#1556,.F.);
#702=ORIENTED_EDGE('',*,*,#1551,.F.);
#703=ORIENTED_EDGE('',*,*,#1573,.F.);
#704=ORIENTED_EDGE('',*,*,#1574,.T.);
#705=ORIENTED_EDGE('',*,*,#1575,.F.);
#706=ORIENTED_EDGE('',*,*,#1576,.T.);
#707=ORIENTED_EDGE('',*,*,#1538,.T.);
#708=ORIENTED_EDGE('',*,*,#1568,.F.);
#709=ORIENTED_EDGE('',*,*,#1531,.T.);
#710=ORIENTED_EDGE('',*,*,#1577,.F.);
#711=ORIENTED_EDGE('',*,*,#1578,.F.);
#712=ORIENTED_EDGE('',*,*,#1579,.T.);
#713=ORIENTED_EDGE('',*,*,#1580,.F.);
#714=ORIENTED_EDGE('',*,*,#1581,.T.);
#715=ORIENTED_EDGE('',*,*,#1544,.F.);
#716=ORIENTED_EDGE('',*,*,#1582,.T.);
#717=ORIENTED_EDGE('',*,*,#1583,.F.);
#718=ORIENTED_EDGE('',*,*,#1565,.T.);
#719=ORIENTED_EDGE('',*,*,#1584,.T.);
#720=ORIENTED_EDGE('',*,*,#1585,.F.);
#721=ORIENTED_EDGE('',*,*,#1586,.T.);
#722=ORIENTED_EDGE('',*,*,#1587,.F.);
#723=ORIENTED_EDGE('',*,*,#1588,.T.);
#724=ORIENTED_EDGE('',*,*,#1569,.T.);
#725=ORIENTED_EDGE('',*,*,#1557,.T.);
#726=ORIENTED_EDGE('',*,*,#1563,.F.);
#727=ORIENTED_EDGE('',*,*,#1536,.T.);
#728=ORIENTED_EDGE('',*,*,#1589,.F.);
#729=ORIENTED_EDGE('',*,*,#1590,.F.);
#730=ORIENTED_EDGE('',*,*,#1591,.T.);
#731=ORIENTED_EDGE('',*,*,#1592,.T.);
#732=ORIENTED_EDGE('',*,*,#1570,.T.);
#733=ORIENTED_EDGE('',*,*,#1588,.F.);
#734=ORIENTED_EDGE('',*,*,#1593,.T.);
#735=ORIENTED_EDGE('',*,*,#1594,.F.);
#736=ORIENTED_EDGE('',*,*,#1595,.T.);
#737=ORIENTED_EDGE('',*,*,#1596,.T.);
#738=ORIENTED_EDGE('',*,*,#1597,.T.);
#739=ORIENTED_EDGE('',*,*,#1542,.F.);
#740=ORIENTED_EDGE('',*,*,#1564,.T.);
#741=ORIENTED_EDGE('',*,*,#1559,.F.);
#742=ORIENTED_EDGE('',*,*,#1572,.T.);
#743=ORIENTED_EDGE('',*,*,#1594,.T.);
#744=ORIENTED_EDGE('',*,*,#1571,.T.);
#745=ORIENTED_EDGE('',*,*,#1592,.F.);
#746=ORIENTED_EDGE('',*,*,#1598,.T.);
#747=ORIENTED_EDGE('',*,*,#1599,.F.);
#748=ORIENTED_EDGE('',*,*,#1600,.T.);
#749=ORIENTED_EDGE('',*,*,#1601,.T.);
#750=ORIENTED_EDGE('',*,*,#1602,.F.);
#751=ORIENTED_EDGE('',*,*,#1596,.F.);
#752=ORIENTED_EDGE('',*,*,#1603,.T.);
#753=ORIENTED_EDGE('',*,*,#1590,.T.);
#754=ORIENTED_EDGE('',*,*,#1604,.T.);
#755=ORIENTED_EDGE('',*,*,#1605,.T.);
#756=ORIENTED_EDGE('',*,*,#1602,.T.);
#757=ORIENTED_EDGE('',*,*,#1606,.F.);
#758=ORIENTED_EDGE('',*,*,#1587,.T.);
#759=ORIENTED_EDGE('',*,*,#1607,.F.);
#760=ORIENTED_EDGE('',*,*,#1608,.F.);
#761=ORIENTED_EDGE('',*,*,#1582,.F.);
#762=ORIENTED_EDGE('',*,*,#1543,.T.);
#763=ORIENTED_EDGE('',*,*,#1597,.F.);
#764=ORIENTED_EDGE('',*,*,#1604,.F.);
#765=ORIENTED_EDGE('',*,*,#1589,.T.);
#766=ORIENTED_EDGE('',*,*,#1539,.F.);
#767=ORIENTED_EDGE('',*,*,#1577,.T.);
#768=ORIENTED_EDGE('',*,*,#1534,.F.);
#769=ORIENTED_EDGE('',*,*,#1609,.T.);
#770=ORIENTED_EDGE('',*,*,#1574,.F.);
#771=ORIENTED_EDGE('',*,*,#1610,.T.);
#772=ORIENTED_EDGE('',*,*,#1579,.F.);
#773=ORIENTED_EDGE('',*,*,#1611,.F.);
#774=ORIENTED_EDGE('',*,*,#1612,.F.);
#775=ORIENTED_EDGE('',*,*,#1613,.F.);
#776=ORIENTED_EDGE('',*,*,#1614,.F.);
#777=ORIENTED_EDGE('',*,*,#1600,.F.);
#778=ORIENTED_EDGE('',*,*,#1591,.F.);
#779=ORIENTED_EDGE('',*,*,#1603,.F.);
#780=ORIENTED_EDGE('',*,*,#1595,.F.);
#781=ORIENTED_EDGE('',*,*,#1598,.F.);
#782=ORIENTED_EDGE('',*,*,#1593,.F.);
#783=ORIENTED_EDGE('',*,*,#1615,.F.);
#784=ORIENTED_EDGE('',*,*,#1616,.T.);
#785=ORIENTED_EDGE('',*,*,#1617,.F.);
#786=ORIENTED_EDGE('',*,*,#1618,.T.);
#787=ORIENTED_EDGE('',*,*,#1580,.T.);
#788=ORIENTED_EDGE('',*,*,#1610,.F.);
#789=ORIENTED_EDGE('',*,*,#1573,.T.);
#790=ORIENTED_EDGE('',*,*,#1619,.F.);
#791=ORIENTED_EDGE('',*,*,#1620,.F.);
#792=ORIENTED_EDGE('',*,*,#1621,.T.);
#793=ORIENTED_EDGE('',*,*,#1622,.F.);
#794=ORIENTED_EDGE('',*,*,#1623,.T.);
#795=ORIENTED_EDGE('',*,*,#1586,.F.);
#796=ORIENTED_EDGE('',*,*,#1624,.T.);
#797=ORIENTED_EDGE('',*,*,#1625,.F.);
#798=ORIENTED_EDGE('',*,*,#1607,.T.);
#799=ORIENTED_EDGE('',*,*,#1626,.T.);
#800=ORIENTED_EDGE('',*,*,#1627,.F.);
#801=ORIENTED_EDGE('',*,*,#1628,.T.);
#802=ORIENTED_EDGE('',*,*,#1629,.F.);
#803=ORIENTED_EDGE('',*,*,#1630,.T.);
#804=ORIENTED_EDGE('',*,*,#1611,.T.);
#805=ORIENTED_EDGE('',*,*,#1599,.T.);
#806=ORIENTED_EDGE('',*,*,#1605,.F.);
#807=ORIENTED_EDGE('',*,*,#1578,.T.);
#808=ORIENTED_EDGE('',*,*,#1631,.F.);
#809=ORIENTED_EDGE('',*,*,#1632,.F.);
#810=ORIENTED_EDGE('',*,*,#1633,.T.);
#811=ORIENTED_EDGE('',*,*,#1634,.T.);
#812=ORIENTED_EDGE('',*,*,#1612,.T.);
#813=ORIENTED_EDGE('',*,*,#1630,.F.);
#814=ORIENTED_EDGE('',*,*,#1635,.T.);
#815=ORIENTED_EDGE('',*,*,#1636,.F.);
#816=ORIENTED_EDGE('',*,*,#1637,.T.);
#817=ORIENTED_EDGE('',*,*,#1638,.T.);
#818=ORIENTED_EDGE('',*,*,#1639,.T.);
#819=ORIENTED_EDGE('',*,*,#1584,.F.);
#820=ORIENTED_EDGE('',*,*,#1606,.T.);
#821=ORIENTED_EDGE('',*,*,#1601,.F.);
#822=ORIENTED_EDGE('',*,*,#1614,.T.);
#823=ORIENTED_EDGE('',*,*,#1636,.T.);
#824=ORIENTED_EDGE('',*,*,#1613,.T.);
#825=ORIENTED_EDGE('',*,*,#1634,.F.);
#826=ORIENTED_EDGE('',*,*,#1640,.T.);
#827=ORIENTED_EDGE('',*,*,#1641,.F.);
#828=ORIENTED_EDGE('',*,*,#1642,.T.);
#829=ORIENTED_EDGE('',*,*,#1643,.T.);
#830=ORIENTED_EDGE('',*,*,#1644,.F.);
#831=ORIENTED_EDGE('',*,*,#1638,.F.);
#832=ORIENTED_EDGE('',*,*,#1645,.T.);
#833=ORIENTED_EDGE('',*,*,#1632,.T.);
#834=ORIENTED_EDGE('',*,*,#1646,.T.);
#835=ORIENTED_EDGE('',*,*,#1647,.T.);
#836=ORIENTED_EDGE('',*,*,#1644,.T.);
#837=ORIENTED_EDGE('',*,*,#1648,.F.);
#838=ORIENTED_EDGE('',*,*,#1629,.T.);
#839=ORIENTED_EDGE('',*,*,#1649,.F.);
#840=ORIENTED_EDGE('',*,*,#1650,.F.);
#841=ORIENTED_EDGE('',*,*,#1624,.F.);
#842=ORIENTED_EDGE('',*,*,#1585,.T.);
#843=ORIENTED_EDGE('',*,*,#1639,.F.);
#844=ORIENTED_EDGE('',*,*,#1646,.F.);
#845=ORIENTED_EDGE('',*,*,#1631,.T.);
#846=ORIENTED_EDGE('',*,*,#1581,.F.);
#847=ORIENTED_EDGE('',*,*,#1619,.T.);
#848=ORIENTED_EDGE('',*,*,#1576,.F.);
#849=ORIENTED_EDGE('',*,*,#1651,.T.);
#850=ORIENTED_EDGE('',*,*,#1616,.F.);
#851=ORIENTED_EDGE('',*,*,#1652,.T.);
#852=ORIENTED_EDGE('',*,*,#1621,.F.);
#853=ORIENTED_EDGE('',*,*,#1653,.F.);
#854=ORIENTED_EDGE('',*,*,#1654,.F.);
#855=ORIENTED_EDGE('',*,*,#1655,.F.);
#856=ORIENTED_EDGE('',*,*,#1656,.F.);
#857=ORIENTED_EDGE('',*,*,#1642,.F.);
#858=ORIENTED_EDGE('',*,*,#1633,.F.);
#859=ORIENTED_EDGE('',*,*,#1645,.F.);
#860=ORIENTED_EDGE('',*,*,#1637,.F.);
#861=ORIENTED_EDGE('',*,*,#1640,.F.);
#862=ORIENTED_EDGE('',*,*,#1635,.F.);
#863=ORIENTED_EDGE('',*,*,#1657,.F.);
#864=ORIENTED_EDGE('',*,*,#1658,.T.);
#865=ORIENTED_EDGE('',*,*,#1659,.F.);
#866=ORIENTED_EDGE('',*,*,#1660,.T.);
#867=ORIENTED_EDGE('',*,*,#1622,.T.);
#868=ORIENTED_EDGE('',*,*,#1652,.F.);
#869=ORIENTED_EDGE('',*,*,#1615,.T.);
#870=ORIENTED_EDGE('',*,*,#1661,.F.);
#871=ORIENTED_EDGE('',*,*,#1662,.F.);
#872=ORIENTED_EDGE('',*,*,#1663,.T.);
#873=ORIENTED_EDGE('',*,*,#1664,.F.);
#874=ORIENTED_EDGE('',*,*,#1665,.T.);
#875=ORIENTED_EDGE('',*,*,#1628,.F.);
#876=ORIENTED_EDGE('',*,*,#1666,.T.);
#877=ORIENTED_EDGE('',*,*,#1667,.F.);
#878=ORIENTED_EDGE('',*,*,#1649,.T.);
#879=ORIENTED_EDGE('',*,*,#1668,.T.);
#880=ORIENTED_EDGE('',*,*,#1669,.F.);
#881=ORIENTED_EDGE('',*,*,#1670,.T.);
#882=ORIENTED_EDGE('',*,*,#1671,.F.);
#883=ORIENTED_EDGE('',*,*,#1672,.T.);
#884=ORIENTED_EDGE('',*,*,#1653,.T.);
#885=ORIENTED_EDGE('',*,*,#1641,.T.);
#886=ORIENTED_EDGE('',*,*,#1647,.F.);
#887=ORIENTED_EDGE('',*,*,#1620,.T.);
#888=ORIENTED_EDGE('',*,*,#1673,.F.);
#889=ORIENTED_EDGE('',*,*,#1674,.F.);
#890=ORIENTED_EDGE('',*,*,#1675,.T.);
#891=ORIENTED_EDGE('',*,*,#1676,.T.);
#892=ORIENTED_EDGE('',*,*,#1654,.T.);
#893=ORIENTED_EDGE('',*,*,#1672,.F.);
#894=ORIENTED_EDGE('',*,*,#1677,.T.);
#895=ORIENTED_EDGE('',*,*,#1678,.F.);
#896=ORIENTED_EDGE('',*,*,#1679,.T.);
#897=ORIENTED_EDGE('',*,*,#1680,.T.);
#898=ORIENTED_EDGE('',*,*,#1681,.T.);
#899=ORIENTED_EDGE('',*,*,#1626,.F.);
#900=ORIENTED_EDGE('',*,*,#1648,.T.);
#901=ORIENTED_EDGE('',*,*,#1643,.F.);
#902=ORIENTED_EDGE('',*,*,#1656,.T.);
#903=ORIENTED_EDGE('',*,*,#1678,.T.);
#904=ORIENTED_EDGE('',*,*,#1655,.T.);
#905=ORIENTED_EDGE('',*,*,#1676,.F.);
#906=ORIENTED_EDGE('',*,*,#1682,.T.);
#907=ORIENTED_EDGE('',*,*,#1683,.F.);
#908=ORIENTED_EDGE('',*,*,#1684,.T.);
#909=ORIENTED_EDGE('',*,*,#1685,.T.);
#910=ORIENTED_EDGE('',*,*,#1686,.F.);
#911=ORIENTED_EDGE('',*,*,#1680,.F.);
#912=ORIENTED_EDGE('',*,*,#1687,.T.);
#913=ORIENTED_EDGE('',*,*,#1674,.T.);
#914=ORIENTED_EDGE('',*,*,#1688,.T.);
#915=ORIENTED_EDGE('',*,*,#1689,.T.);
#916=ORIENTED_EDGE('',*,*,#1686,.T.);
#917=ORIENTED_EDGE('',*,*,#1690,.F.);
#918=ORIENTED_EDGE('',*,*,#1671,.T.);
#919=ORIENTED_EDGE('',*,*,#1691,.F.);
#920=ORIENTED_EDGE('',*,*,#1692,.F.);
#921=ORIENTED_EDGE('',*,*,#1666,.F.);
#922=ORIENTED_EDGE('',*,*,#1627,.T.);
#923=ORIENTED_EDGE('',*,*,#1681,.F.);
#924=ORIENTED_EDGE('',*,*,#1688,.F.);
#925=ORIENTED_EDGE('',*,*,#1673,.T.);
#926=ORIENTED_EDGE('',*,*,#1623,.F.);
#927=ORIENTED_EDGE('',*,*,#1661,.T.);
#928=ORIENTED_EDGE('',*,*,#1618,.F.);
#929=ORIENTED_EDGE('',*,*,#1693,.T.);
#930=ORIENTED_EDGE('',*,*,#1658,.F.);
#931=ORIENTED_EDGE('',*,*,#1694,.T.);
#932=ORIENTED_EDGE('',*,*,#1663,.F.);
#933=ORIENTED_EDGE('',*,*,#1695,.F.);
#934=ORIENTED_EDGE('',*,*,#1696,.F.);
#935=ORIENTED_EDGE('',*,*,#1697,.F.);
#936=ORIENTED_EDGE('',*,*,#1698,.F.);
#937=ORIENTED_EDGE('',*,*,#1684,.F.);
#938=ORIENTED_EDGE('',*,*,#1675,.F.);
#939=ORIENTED_EDGE('',*,*,#1687,.F.);
#940=ORIENTED_EDGE('',*,*,#1679,.F.);
#941=ORIENTED_EDGE('',*,*,#1682,.F.);
#942=ORIENTED_EDGE('',*,*,#1677,.F.);
#943=ORIENTED_EDGE('',*,*,#1699,.F.);
#944=ORIENTED_EDGE('',*,*,#1700,.T.);
#945=ORIENTED_EDGE('',*,*,#1701,.F.);
#946=ORIENTED_EDGE('',*,*,#1702,.T.);
#947=ORIENTED_EDGE('',*,*,#1664,.T.);
#948=ORIENTED_EDGE('',*,*,#1694,.F.);
#949=ORIENTED_EDGE('',*,*,#1657,.T.);
#950=ORIENTED_EDGE('',*,*,#1703,.F.);
#951=ORIENTED_EDGE('',*,*,#1704,.F.);
#952=ORIENTED_EDGE('',*,*,#1705,.T.);
#953=ORIENTED_EDGE('',*,*,#1706,.F.);
#954=ORIENTED_EDGE('',*,*,#1707,.T.);
#955=ORIENTED_EDGE('',*,*,#1670,.F.);
#956=ORIENTED_EDGE('',*,*,#1708,.T.);
#957=ORIENTED_EDGE('',*,*,#1709,.F.);
#958=ORIENTED_EDGE('',*,*,#1691,.T.);
#959=ORIENTED_EDGE('',*,*,#1710,.T.);
#960=ORIENTED_EDGE('',*,*,#1711,.F.);
#961=ORIENTED_EDGE('',*,*,#1712,.T.);
#962=ORIENTED_EDGE('',*,*,#1713,.F.);
#963=ORIENTED_EDGE('',*,*,#1714,.T.);
#964=ORIENTED_EDGE('',*,*,#1695,.T.);
#965=ORIENTED_EDGE('',*,*,#1683,.T.);
#966=ORIENTED_EDGE('',*,*,#1689,.F.);
#967=ORIENTED_EDGE('',*,*,#1662,.T.);
#968=ORIENTED_EDGE('',*,*,#1715,.F.);
#969=ORIENTED_EDGE('',*,*,#1716,.F.);
#970=ORIENTED_EDGE('',*,*,#1717,.T.);
#971=ORIENTED_EDGE('',*,*,#1718,.T.);
#972=ORIENTED_EDGE('',*,*,#1696,.T.);
#973=ORIENTED_EDGE('',*,*,#1714,.F.);
#974=ORIENTED_EDGE('',*,*,#1719,.T.);
#975=ORIENTED_EDGE('',*,*,#1720,.F.);
#976=ORIENTED_EDGE('',*,*,#1721,.T.);
#977=ORIENTED_EDGE('',*,*,#1722,.T.);
#978=ORIENTED_EDGE('',*,*,#1723,.T.);
#979=ORIENTED_EDGE('',*,*,#1668,.F.);
#980=ORIENTED_EDGE('',*,*,#1690,.T.);
#981=ORIENTED_EDGE('',*,*,#1685,.F.);
#982=ORIENTED_EDGE('',*,*,#1698,.T.);
#983=ORIENTED_EDGE('',*,*,#1720,.T.);
#984=ORIENTED_EDGE('',*,*,#1697,.T.);
#985=ORIENTED_EDGE('',*,*,#1718,.F.);
#986=ORIENTED_EDGE('',*,*,#1724,.T.);
#987=ORIENTED_EDGE('',*,*,#1725,.F.);
#988=ORIENTED_EDGE('',*,*,#1726,.T.);
#989=ORIENTED_EDGE('',*,*,#1727,.T.);
#990=ORIENTED_EDGE('',*,*,#1728,.F.);
#991=ORIENTED_EDGE('',*,*,#1722,.F.);
#992=ORIENTED_EDGE('',*,*,#1729,.T.);
#993=ORIENTED_EDGE('',*,*,#1716,.T.);
#994=ORIENTED_EDGE('',*,*,#1730,.T.);
#995=ORIENTED_EDGE('',*,*,#1731,.T.);
#996=ORIENTED_EDGE('',*,*,#1728,.T.);
#997=ORIENTED_EDGE('',*,*,#1732,.F.);
#998=ORIENTED_EDGE('',*,*,#1713,.T.);
#999=ORIENTED_EDGE('',*,*,#1733,.F.);
#1000=ORIENTED_EDGE('',*,*,#1734,.F.);
#1001=ORIENTED_EDGE('',*,*,#1708,.F.);
#1002=ORIENTED_EDGE('',*,*,#1669,.T.);
#1003=ORIENTED_EDGE('',*,*,#1723,.F.);
#1004=ORIENTED_EDGE('',*,*,#1730,.F.);
#1005=ORIENTED_EDGE('',*,*,#1715,.T.);
#1006=ORIENTED_EDGE('',*,*,#1665,.F.);
#1007=ORIENTED_EDGE('',*,*,#1703,.T.);
#1008=ORIENTED_EDGE('',*,*,#1660,.F.);
#1009=ORIENTED_EDGE('',*,*,#1735,.T.);
#1010=ORIENTED_EDGE('',*,*,#1700,.F.);
#1011=ORIENTED_EDGE('',*,*,#1736,.T.);
#1012=ORIENTED_EDGE('',*,*,#1705,.F.);
#1013=ORIENTED_EDGE('',*,*,#1737,.F.);
#1014=ORIENTED_EDGE('',*,*,#1738,.F.);
#1015=ORIENTED_EDGE('',*,*,#1739,.F.);
#1016=ORIENTED_EDGE('',*,*,#1740,.F.);
#1017=ORIENTED_EDGE('',*,*,#1726,.F.);
#1018=ORIENTED_EDGE('',*,*,#1717,.F.);
#1019=ORIENTED_EDGE('',*,*,#1729,.F.);
#1020=ORIENTED_EDGE('',*,*,#1721,.F.);
#1021=ORIENTED_EDGE('',*,*,#1724,.F.);
#1022=ORIENTED_EDGE('',*,*,#1719,.F.);
#1023=ORIENTED_EDGE('',*,*,#1741,.F.);
#1024=ORIENTED_EDGE('',*,*,#1742,.T.);
#1025=ORIENTED_EDGE('',*,*,#1743,.F.);
#1026=ORIENTED_EDGE('',*,*,#1744,.T.);
#1027=ORIENTED_EDGE('',*,*,#1706,.T.);
#1028=ORIENTED_EDGE('',*,*,#1736,.F.);
#1029=ORIENTED_EDGE('',*,*,#1699,.T.);
#1030=ORIENTED_EDGE('',*,*,#1745,.F.);
#1031=ORIENTED_EDGE('',*,*,#1746,.F.);
#1032=ORIENTED_EDGE('',*,*,#1747,.T.);
#1033=ORIENTED_EDGE('',*,*,#1748,.F.);
#1034=ORIENTED_EDGE('',*,*,#1749,.T.);
#1035=ORIENTED_EDGE('',*,*,#1712,.F.);
#1036=ORIENTED_EDGE('',*,*,#1750,.T.);
#1037=ORIENTED_EDGE('',*,*,#1751,.F.);
#1038=ORIENTED_EDGE('',*,*,#1733,.T.);
#1039=ORIENTED_EDGE('',*,*,#1752,.T.);
#1040=ORIENTED_EDGE('',*,*,#1753,.F.);
#1041=ORIENTED_EDGE('',*,*,#1754,.T.);
#1042=ORIENTED_EDGE('',*,*,#1755,.F.);
#1043=ORIENTED_EDGE('',*,*,#1756,.T.);
#1044=ORIENTED_EDGE('',*,*,#1737,.T.);
#1045=ORIENTED_EDGE('',*,*,#1725,.T.);
#1046=ORIENTED_EDGE('',*,*,#1731,.F.);
#1047=ORIENTED_EDGE('',*,*,#1704,.T.);
#1048=ORIENTED_EDGE('',*,*,#1757,.F.);
#1049=ORIENTED_EDGE('',*,*,#1758,.F.);
#1050=ORIENTED_EDGE('',*,*,#1759,.T.);
#1051=ORIENTED_EDGE('',*,*,#1760,.T.);
#1052=ORIENTED_EDGE('',*,*,#1738,.T.);
#1053=ORIENTED_EDGE('',*,*,#1756,.F.);
#1054=ORIENTED_EDGE('',*,*,#1761,.T.);
#1055=ORIENTED_EDGE('',*,*,#1762,.F.);
#1056=ORIENTED_EDGE('',*,*,#1763,.T.);
#1057=ORIENTED_EDGE('',*,*,#1764,.T.);
#1058=ORIENTED_EDGE('',*,*,#1765,.T.);
#1059=ORIENTED_EDGE('',*,*,#1710,.F.);
#1060=ORIENTED_EDGE('',*,*,#1732,.T.);
#1061=ORIENTED_EDGE('',*,*,#1727,.F.);
#1062=ORIENTED_EDGE('',*,*,#1740,.T.);
#1063=ORIENTED_EDGE('',*,*,#1762,.T.);
#1064=ORIENTED_EDGE('',*,*,#1739,.T.);
#1065=ORIENTED_EDGE('',*,*,#1760,.F.);
#1066=ORIENTED_EDGE('',*,*,#1766,.T.);
#1067=ORIENTED_EDGE('',*,*,#1767,.F.);
#1068=ORIENTED_EDGE('',*,*,#1768,.T.);
#1069=ORIENTED_EDGE('',*,*,#1769,.T.);
#1070=ORIENTED_EDGE('',*,*,#1770,.F.);
#1071=ORIENTED_EDGE('',*,*,#1764,.F.);
#1072=ORIENTED_EDGE('',*,*,#1771,.T.);
#1073=ORIENTED_EDGE('',*,*,#1758,.T.);
#1074=ORIENTED_EDGE('',*,*,#1772,.T.);
#1075=ORIENTED_EDGE('',*,*,#1773,.T.);
#1076=ORIENTED_EDGE('',*,*,#1770,.T.);
#1077=ORIENTED_EDGE('',*,*,#1774,.F.);
#1078=ORIENTED_EDGE('',*,*,#1755,.T.);
#1079=ORIENTED_EDGE('',*,*,#1775,.F.);
#1080=ORIENTED_EDGE('',*,*,#1776,.F.);
#1081=ORIENTED_EDGE('',*,*,#1750,.F.);
#1082=ORIENTED_EDGE('',*,*,#1711,.T.);
#1083=ORIENTED_EDGE('',*,*,#1765,.F.);
#1084=ORIENTED_EDGE('',*,*,#1772,.F.);
#1085=ORIENTED_EDGE('',*,*,#1757,.T.);
#1086=ORIENTED_EDGE('',*,*,#1707,.F.);
#1087=ORIENTED_EDGE('',*,*,#1745,.T.);
#1088=ORIENTED_EDGE('',*,*,#1702,.F.);
#1089=ORIENTED_EDGE('',*,*,#1777,.T.);
#1090=ORIENTED_EDGE('',*,*,#1742,.F.);
#1091=ORIENTED_EDGE('',*,*,#1778,.T.);
#1092=ORIENTED_EDGE('',*,*,#1747,.F.);
#1093=ORIENTED_EDGE('',*,*,#1779,.F.);
#1094=ORIENTED_EDGE('',*,*,#1780,.F.);
#1095=ORIENTED_EDGE('',*,*,#1781,.F.);
#1096=ORIENTED_EDGE('',*,*,#1782,.F.);
#1097=ORIENTED_EDGE('',*,*,#1768,.F.);
#1098=ORIENTED_EDGE('',*,*,#1759,.F.);
#1099=ORIENTED_EDGE('',*,*,#1771,.F.);
#1100=ORIENTED_EDGE('',*,*,#1763,.F.);
#1101=ORIENTED_EDGE('',*,*,#1766,.F.);
#1102=ORIENTED_EDGE('',*,*,#1761,.F.);
#1103=ORIENTED_EDGE('',*,*,#1783,.F.);
#1104=ORIENTED_EDGE('',*,*,#1784,.T.);
#1105=ORIENTED_EDGE('',*,*,#1785,.F.);
#1106=ORIENTED_EDGE('',*,*,#1786,.T.);
#1107=ORIENTED_EDGE('',*,*,#1748,.T.);
#1108=ORIENTED_EDGE('',*,*,#1778,.F.);
#1109=ORIENTED_EDGE('',*,*,#1741,.T.);
#1110=ORIENTED_EDGE('',*,*,#1787,.F.);
#1111=ORIENTED_EDGE('',*,*,#1788,.F.);
#1112=ORIENTED_EDGE('',*,*,#1789,.T.);
#1113=ORIENTED_EDGE('',*,*,#1790,.F.);
#1114=ORIENTED_EDGE('',*,*,#1791,.T.);
#1115=ORIENTED_EDGE('',*,*,#1754,.F.);
#1116=ORIENTED_EDGE('',*,*,#1792,.T.);
#1117=ORIENTED_EDGE('',*,*,#1793,.F.);
#1118=ORIENTED_EDGE('',*,*,#1775,.T.);
#1119=ORIENTED_EDGE('',*,*,#1794,.T.);
#1120=ORIENTED_EDGE('',*,*,#1795,.F.);
#1121=ORIENTED_EDGE('',*,*,#1796,.T.);
#1122=ORIENTED_EDGE('',*,*,#1797,.F.);
#1123=ORIENTED_EDGE('',*,*,#1798,.T.);
#1124=ORIENTED_EDGE('',*,*,#1779,.T.);
#1125=ORIENTED_EDGE('',*,*,#1767,.T.);
#1126=ORIENTED_EDGE('',*,*,#1773,.F.);
#1127=ORIENTED_EDGE('',*,*,#1746,.T.);
#1128=ORIENTED_EDGE('',*,*,#1799,.F.);
#1129=ORIENTED_EDGE('',*,*,#1800,.F.);
#1130=ORIENTED_EDGE('',*,*,#1801,.T.);
#1131=ORIENTED_EDGE('',*,*,#1802,.T.);
#1132=ORIENTED_EDGE('',*,*,#1780,.T.);
#1133=ORIENTED_EDGE('',*,*,#1798,.F.);
#1134=ORIENTED_EDGE('',*,*,#1803,.T.);
#1135=ORIENTED_EDGE('',*,*,#1804,.F.);
#1136=ORIENTED_EDGE('',*,*,#1805,.T.);
#1137=ORIENTED_EDGE('',*,*,#1806,.T.);
#1138=ORIENTED_EDGE('',*,*,#1807,.T.);
#1139=ORIENTED_EDGE('',*,*,#1752,.F.);
#1140=ORIENTED_EDGE('',*,*,#1774,.T.);
#1141=ORIENTED_EDGE('',*,*,#1769,.F.);
#1142=ORIENTED_EDGE('',*,*,#1782,.T.);
#1143=ORIENTED_EDGE('',*,*,#1804,.T.);
#1144=ORIENTED_EDGE('',*,*,#1781,.T.);
#1145=ORIENTED_EDGE('',*,*,#1802,.F.);
#1146=ORIENTED_EDGE('',*,*,#1808,.T.);
#1147=ORIENTED_EDGE('',*,*,#1809,.F.);
#1148=ORIENTED_EDGE('',*,*,#1810,.T.);
#1149=ORIENTED_EDGE('',*,*,#1811,.T.);
#1150=ORIENTED_EDGE('',*,*,#1812,.F.);
#1151=ORIENTED_EDGE('',*,*,#1806,.F.);
#1152=ORIENTED_EDGE('',*,*,#1813,.T.);
#1153=ORIENTED_EDGE('',*,*,#1800,.T.);
#1154=ORIENTED_EDGE('',*,*,#1814,.T.);
#1155=ORIENTED_EDGE('',*,*,#1815,.T.);
#1156=ORIENTED_EDGE('',*,*,#1812,.T.);
#1157=ORIENTED_EDGE('',*,*,#1816,.F.);
#1158=ORIENTED_EDGE('',*,*,#1797,.T.);
#1159=ORIENTED_EDGE('',*,*,#1817,.F.);
#1160=ORIENTED_EDGE('',*,*,#1818,.F.);
#1161=ORIENTED_EDGE('',*,*,#1792,.F.);
#1162=ORIENTED_EDGE('',*,*,#1753,.T.);
#1163=ORIENTED_EDGE('',*,*,#1807,.F.);
#1164=ORIENTED_EDGE('',*,*,#1814,.F.);
#1165=ORIENTED_EDGE('',*,*,#1799,.T.);
#1166=ORIENTED_EDGE('',*,*,#1749,.F.);
#1167=ORIENTED_EDGE('',*,*,#1787,.T.);
#1168=ORIENTED_EDGE('',*,*,#1744,.F.);
#1169=ORIENTED_EDGE('',*,*,#1819,.T.);
#1170=ORIENTED_EDGE('',*,*,#1784,.F.);
#1171=ORIENTED_EDGE('',*,*,#1820,.T.);
#1172=ORIENTED_EDGE('',*,*,#1789,.F.);
#1173=ORIENTED_EDGE('',*,*,#1821,.F.);
#1174=ORIENTED_EDGE('',*,*,#1822,.F.);
#1175=ORIENTED_EDGE('',*,*,#1823,.F.);
#1176=ORIENTED_EDGE('',*,*,#1824,.F.);
#1177=ORIENTED_EDGE('',*,*,#1810,.F.);
#1178=ORIENTED_EDGE('',*,*,#1801,.F.);
#1179=ORIENTED_EDGE('',*,*,#1813,.F.);
#1180=ORIENTED_EDGE('',*,*,#1805,.F.);
#1181=ORIENTED_EDGE('',*,*,#1808,.F.);
#1182=ORIENTED_EDGE('',*,*,#1803,.F.);
#1183=ORIENTED_EDGE('',*,*,#1825,.F.);
#1184=ORIENTED_EDGE('',*,*,#1826,.T.);
#1185=ORIENTED_EDGE('',*,*,#1827,.F.);
#1186=ORIENTED_EDGE('',*,*,#1828,.T.);
#1187=ORIENTED_EDGE('',*,*,#1790,.T.);
#1188=ORIENTED_EDGE('',*,*,#1820,.F.);
#1189=ORIENTED_EDGE('',*,*,#1783,.T.);
#1190=ORIENTED_EDGE('',*,*,#1829,.F.);
#1191=ORIENTED_EDGE('',*,*,#1830,.F.);
#1192=ORIENTED_EDGE('',*,*,#1831,.T.);
#1193=ORIENTED_EDGE('',*,*,#1832,.F.);
#1194=ORIENTED_EDGE('',*,*,#1833,.T.);
#1195=ORIENTED_EDGE('',*,*,#1796,.F.);
#1196=ORIENTED_EDGE('',*,*,#1834,.T.);
#1197=ORIENTED_EDGE('',*,*,#1835,.F.);
#1198=ORIENTED_EDGE('',*,*,#1817,.T.);
#1199=ORIENTED_EDGE('',*,*,#1836,.T.);
#1200=ORIENTED_EDGE('',*,*,#1837,.F.);
#1201=ORIENTED_EDGE('',*,*,#1838,.T.);
#1202=ORIENTED_EDGE('',*,*,#1839,.F.);
#1203=ORIENTED_EDGE('',*,*,#1840,.T.);
#1204=ORIENTED_EDGE('',*,*,#1821,.T.);
#1205=ORIENTED_EDGE('',*,*,#1809,.T.);
#1206=ORIENTED_EDGE('',*,*,#1815,.F.);
#1207=ORIENTED_EDGE('',*,*,#1788,.T.);
#1208=ORIENTED_EDGE('',*,*,#1841,.F.);
#1209=ORIENTED_EDGE('',*,*,#1842,.F.);
#1210=ORIENTED_EDGE('',*,*,#1843,.T.);
#1211=ORIENTED_EDGE('',*,*,#1844,.T.);
#1212=ORIENTED_EDGE('',*,*,#1822,.T.);
#1213=ORIENTED_EDGE('',*,*,#1840,.F.);
#1214=ORIENTED_EDGE('',*,*,#1845,.T.);
#1215=ORIENTED_EDGE('',*,*,#1846,.F.);
#1216=ORIENTED_EDGE('',*,*,#1847,.T.);
#1217=ORIENTED_EDGE('',*,*,#1848,.T.);
#1218=ORIENTED_EDGE('',*,*,#1849,.T.);
#1219=ORIENTED_EDGE('',*,*,#1794,.F.);
#1220=ORIENTED_EDGE('',*,*,#1816,.T.);
#1221=ORIENTED_EDGE('',*,*,#1811,.F.);
#1222=ORIENTED_EDGE('',*,*,#1824,.T.);
#1223=ORIENTED_EDGE('',*,*,#1846,.T.);
#1224=ORIENTED_EDGE('',*,*,#1823,.T.);
#1225=ORIENTED_EDGE('',*,*,#1844,.F.);
#1226=ORIENTED_EDGE('',*,*,#1850,.T.);
#1227=ORIENTED_EDGE('',*,*,#1851,.F.);
#1228=ORIENTED_EDGE('',*,*,#1852,.T.);
#1229=ORIENTED_EDGE('',*,*,#1853,.T.);
#1230=ORIENTED_EDGE('',*,*,#1854,.F.);
#1231=ORIENTED_EDGE('',*,*,#1848,.F.);
#1232=ORIENTED_EDGE('',*,*,#1855,.T.);
#1233=ORIENTED_EDGE('',*,*,#1842,.T.);
#1234=ORIENTED_EDGE('',*,*,#1856,.T.);
#1235=ORIENTED_EDGE('',*,*,#1857,.T.);
#1236=ORIENTED_EDGE('',*,*,#1854,.T.);
#1237=ORIENTED_EDGE('',*,*,#1858,.F.);
#1238=ORIENTED_EDGE('',*,*,#1839,.T.);
#1239=ORIENTED_EDGE('',*,*,#1859,.F.);
#1240=ORIENTED_EDGE('',*,*,#1860,.F.);
#1241=ORIENTED_EDGE('',*,*,#1834,.F.);
#1242=ORIENTED_EDGE('',*,*,#1795,.T.);
#1243=ORIENTED_EDGE('',*,*,#1849,.F.);
#1244=ORIENTED_EDGE('',*,*,#1856,.F.);
#1245=ORIENTED_EDGE('',*,*,#1841,.T.);
#1246=ORIENTED_EDGE('',*,*,#1791,.F.);
#1247=ORIENTED_EDGE('',*,*,#1829,.T.);
#1248=ORIENTED_EDGE('',*,*,#1786,.F.);
#1249=ORIENTED_EDGE('',*,*,#1861,.T.);
#1250=ORIENTED_EDGE('',*,*,#1826,.F.);
#1251=ORIENTED_EDGE('',*,*,#1862,.T.);
#1252=ORIENTED_EDGE('',*,*,#1831,.F.);
#1253=ORIENTED_EDGE('',*,*,#1863,.F.);
#1254=ORIENTED_EDGE('',*,*,#1864,.F.);
#1255=ORIENTED_EDGE('',*,*,#1865,.F.);
#1256=ORIENTED_EDGE('',*,*,#1866,.F.);
#1257=ORIENTED_EDGE('',*,*,#1852,.F.);
#1258=ORIENTED_EDGE('',*,*,#1843,.F.);
#1259=ORIENTED_EDGE('',*,*,#1855,.F.);
#1260=ORIENTED_EDGE('',*,*,#1847,.F.);
#1261=ORIENTED_EDGE('',*,*,#1850,.F.);
#1262=ORIENTED_EDGE('',*,*,#1845,.F.);
#1263=ORIENTED_EDGE('',*,*,#1867,.F.);
#1264=ORIENTED_EDGE('',*,*,#1868,.T.);
#1265=ORIENTED_EDGE('',*,*,#1869,.F.);
#1266=ORIENTED_EDGE('',*,*,#1870,.T.);
#1267=ORIENTED_EDGE('',*,*,#1832,.T.);
#1268=ORIENTED_EDGE('',*,*,#1862,.F.);
#1269=ORIENTED_EDGE('',*,*,#1825,.T.);
#1270=ORIENTED_EDGE('',*,*,#1871,.F.);
#1271=ORIENTED_EDGE('',*,*,#1872,.F.);
#1272=ORIENTED_EDGE('',*,*,#1873,.T.);
#1273=ORIENTED_EDGE('',*,*,#1874,.F.);
#1274=ORIENTED_EDGE('',*,*,#1875,.T.);
#1275=ORIENTED_EDGE('',*,*,#1838,.F.);
#1276=ORIENTED_EDGE('',*,*,#1876,.T.);
#1277=ORIENTED_EDGE('',*,*,#1877,.F.);
#1278=ORIENTED_EDGE('',*,*,#1859,.T.);
#1279=ORIENTED_EDGE('',*,*,#1878,.T.);
#1280=ORIENTED_EDGE('',*,*,#1879,.F.);
#1281=ORIENTED_EDGE('',*,*,#1880,.T.);
#1282=ORIENTED_EDGE('',*,*,#1881,.F.);
#1283=ORIENTED_EDGE('',*,*,#1882,.T.);
#1284=ORIENTED_EDGE('',*,*,#1863,.T.);
#1285=ORIENTED_EDGE('',*,*,#1851,.T.);
#1286=ORIENTED_EDGE('',*,*,#1857,.F.);
#1287=ORIENTED_EDGE('',*,*,#1830,.T.);
#1288=ORIENTED_EDGE('',*,*,#1883,.F.);
#1289=ORIENTED_EDGE('',*,*,#1884,.F.);
#1290=ORIENTED_EDGE('',*,*,#1885,.T.);
#1291=ORIENTED_EDGE('',*,*,#1886,.T.);
#1292=ORIENTED_EDGE('',*,*,#1864,.T.);
#1293=ORIENTED_EDGE('',*,*,#1882,.F.);
#1294=ORIENTED_EDGE('',*,*,#1887,.T.);
#1295=ORIENTED_EDGE('',*,*,#1888,.F.);
#1296=ORIENTED_EDGE('',*,*,#1889,.T.);
#1297=ORIENTED_EDGE('',*,*,#1890,.T.);
#1298=ORIENTED_EDGE('',*,*,#1891,.T.);
#1299=ORIENTED_EDGE('',*,*,#1836,.F.);
#1300=ORIENTED_EDGE('',*,*,#1858,.T.);
#1301=ORIENTED_EDGE('',*,*,#1853,.F.);
#1302=ORIENTED_EDGE('',*,*,#1866,.T.);
#1303=ORIENTED_EDGE('',*,*,#1888,.T.);
#1304=ORIENTED_EDGE('',*,*,#1865,.T.);
#1305=ORIENTED_EDGE('',*,*,#1886,.F.);
#1306=ORIENTED_EDGE('',*,*,#1892,.T.);
#1307=ORIENTED_EDGE('',*,*,#1893,.F.);
#1308=ORIENTED_EDGE('',*,*,#1894,.T.);
#1309=ORIENTED_EDGE('',*,*,#1895,.T.);
#1310=ORIENTED_EDGE('',*,*,#1896,.F.);
#1311=ORIENTED_EDGE('',*,*,#1890,.F.);
#1312=ORIENTED_EDGE('',*,*,#1897,.T.);
#1313=ORIENTED_EDGE('',*,*,#1884,.T.);
#1314=ORIENTED_EDGE('',*,*,#1898,.T.);
#1315=ORIENTED_EDGE('',*,*,#1899,.T.);
#1316=ORIENTED_EDGE('',*,*,#1896,.T.);
#1317=ORIENTED_EDGE('',*,*,#1900,.F.);
#1318=ORIENTED_EDGE('',*,*,#1881,.T.);
#1319=ORIENTED_EDGE('',*,*,#1901,.F.);
#1320=ORIENTED_EDGE('',*,*,#1902,.F.);
#1321=ORIENTED_EDGE('',*,*,#1876,.F.);
#1322=ORIENTED_EDGE('',*,*,#1837,.T.);
#1323=ORIENTED_EDGE('',*,*,#1891,.F.);
#1324=ORIENTED_EDGE('',*,*,#1898,.F.);
#1325=ORIENTED_EDGE('',*,*,#1883,.T.);
#1326=ORIENTED_EDGE('',*,*,#1833,.F.);
#1327=ORIENTED_EDGE('',*,*,#1871,.T.);
#1328=ORIENTED_EDGE('',*,*,#1828,.F.);
#1329=ORIENTED_EDGE('',*,*,#1903,.T.);
#1330=ORIENTED_EDGE('',*,*,#1868,.F.);
#1331=ORIENTED_EDGE('',*,*,#1904,.T.);
#1332=ORIENTED_EDGE('',*,*,#1873,.F.);
#1333=ORIENTED_EDGE('',*,*,#1905,.F.);
#1334=ORIENTED_EDGE('',*,*,#1906,.F.);
#1335=ORIENTED_EDGE('',*,*,#1907,.F.);
#1336=ORIENTED_EDGE('',*,*,#1908,.F.);
#1337=ORIENTED_EDGE('',*,*,#1894,.F.);
#1338=ORIENTED_EDGE('',*,*,#1885,.F.);
#1339=ORIENTED_EDGE('',*,*,#1897,.F.);
#1340=ORIENTED_EDGE('',*,*,#1889,.F.);
#1341=ORIENTED_EDGE('',*,*,#1892,.F.);
#1342=ORIENTED_EDGE('',*,*,#1887,.F.);
#1343=ORIENTED_EDGE('',*,*,#1909,.T.);
#1344=ORIENTED_EDGE('',*,*,#1907,.T.);
#1345=ORIENTED_EDGE('',*,*,#1910,.F.);
#1346=ORIENTED_EDGE('',*,*,#1911,.T.);
#1347=ORIENTED_EDGE('',*,*,#1912,.T.);
#1348=ORIENTED_EDGE('',*,*,#1905,.T.);
#1349=ORIENTED_EDGE('',*,*,#1893,.T.);
#1350=ORIENTED_EDGE('',*,*,#1899,.F.);
#1351=ORIENTED_EDGE('',*,*,#1872,.T.);
#1352=ORIENTED_EDGE('',*,*,#1913,.F.);
#1353=ORIENTED_EDGE('',*,*,#1914,.F.);
#1354=ORIENTED_EDGE('',*,*,#1915,.T.);
#1355=ORIENTED_EDGE('',*,*,#1910,.T.);
#1356=ORIENTED_EDGE('',*,*,#1906,.T.);
#1357=ORIENTED_EDGE('',*,*,#1912,.F.);
#1358=ORIENTED_EDGE('',*,*,#1916,.T.);
#1359=ORIENTED_EDGE('',*,*,#1874,.T.);
#1360=ORIENTED_EDGE('',*,*,#1904,.F.);
#1361=ORIENTED_EDGE('',*,*,#1867,.T.);
#1362=ORIENTED_EDGE('',*,*,#1917,.F.);
#1363=ORIENTED_EDGE('',*,*,#1485,.T.);
#1364=ORIENTED_EDGE('',*,*,#1521,.T.);
#1365=ORIENTED_EDGE('',*,*,#1541,.T.);
#1366=ORIENTED_EDGE('',*,*,#1566,.T.);
#1367=ORIENTED_EDGE('',*,*,#1583,.T.);
#1368=ORIENTED_EDGE('',*,*,#1608,.T.);
#1369=ORIENTED_EDGE('',*,*,#1625,.T.);
#1370=ORIENTED_EDGE('',*,*,#1650,.T.);
#1371=ORIENTED_EDGE('',*,*,#1667,.T.);
#1372=ORIENTED_EDGE('',*,*,#1692,.T.);
#1373=ORIENTED_EDGE('',*,*,#1709,.T.);
#1374=ORIENTED_EDGE('',*,*,#1734,.T.);
#1375=ORIENTED_EDGE('',*,*,#1751,.T.);
#1376=ORIENTED_EDGE('',*,*,#1776,.T.);
#1377=ORIENTED_EDGE('',*,*,#1793,.T.);
#1378=ORIENTED_EDGE('',*,*,#1818,.T.);
#1379=ORIENTED_EDGE('',*,*,#1835,.T.);
#1380=ORIENTED_EDGE('',*,*,#1860,.T.);
#1381=ORIENTED_EDGE('',*,*,#1877,.T.);
#1382=ORIENTED_EDGE('',*,*,#1902,.T.);
#1383=ORIENTED_EDGE('',*,*,#1918,.T.);
#1384=ORIENTED_EDGE('',*,*,#1919,.T.);
#1385=ORIENTED_EDGE('',*,*,#1920,.T.);
#1386=ORIENTED_EDGE('',*,*,#1920,.F.);
#1387=ORIENTED_EDGE('',*,*,#1921,.T.);
#1388=ORIENTED_EDGE('',*,*,#1473,.T.);
#1389=ORIENTED_EDGE('',*,*,#1525,.F.);
#1390=ORIENTED_EDGE('',*,*,#1922,.T.);
#1391=ORIENTED_EDGE('',*,*,#1923,.F.);
#1392=ORIENTED_EDGE('',*,*,#1869,.T.);
#1393=ORIENTED_EDGE('',*,*,#1903,.F.);
#1394=ORIENTED_EDGE('',*,*,#1827,.T.);
#1395=ORIENTED_EDGE('',*,*,#1861,.F.);
#1396=ORIENTED_EDGE('',*,*,#1785,.T.);
#1397=ORIENTED_EDGE('',*,*,#1819,.F.);
#1398=ORIENTED_EDGE('',*,*,#1743,.T.);
#1399=ORIENTED_EDGE('',*,*,#1777,.F.);
#1400=ORIENTED_EDGE('',*,*,#1701,.T.);
#1401=ORIENTED_EDGE('',*,*,#1735,.F.);
#1402=ORIENTED_EDGE('',*,*,#1659,.T.);
#1403=ORIENTED_EDGE('',*,*,#1693,.F.);
#1404=ORIENTED_EDGE('',*,*,#1617,.T.);
#1405=ORIENTED_EDGE('',*,*,#1651,.F.);
#1406=ORIENTED_EDGE('',*,*,#1575,.T.);
#1407=ORIENTED_EDGE('',*,*,#1609,.F.);
#1408=ORIENTED_EDGE('',*,*,#1533,.T.);
#1409=ORIENTED_EDGE('',*,*,#1567,.F.);
#1410=ORIENTED_EDGE('',*,*,#1921,.F.);
#1411=ORIENTED_EDGE('',*,*,#1506,.T.);
#1412=ORIENTED_EDGE('',*,*,#1522,.F.);
#1413=ORIENTED_EDGE('',*,*,#1483,.T.);
#1414=ORIENTED_EDGE('',*,*,#1924,.F.);
#1415=ORIENTED_EDGE('',*,*,#1477,.F.);
#1416=ORIENTED_EDGE('',*,*,#1925,.T.);
#1417=ORIENTED_EDGE('',*,*,#1922,.F.);
#1418=ORIENTED_EDGE('',*,*,#1524,.T.);
#1419=ORIENTED_EDGE('',*,*,#1880,.F.);
#1420=ORIENTED_EDGE('',*,*,#1926,.T.);
#1421=ORIENTED_EDGE('',*,*,#1918,.F.);
#1422=ORIENTED_EDGE('',*,*,#1901,.T.);
#1423=ORIENTED_EDGE('',*,*,#1495,.F.);
#1424=ORIENTED_EDGE('',*,*,#1927,.T.);
#1425=ORIENTED_EDGE('',*,*,#1475,.F.);
#1426=ORIENTED_EDGE('',*,*,#1523,.T.);
#1427=ORIENTED_EDGE('',*,*,#1909,.F.);
#1428=ORIENTED_EDGE('',*,*,#1928,.T.);
#1429=ORIENTED_EDGE('',*,*,#1929,.T.);
#1430=ORIENTED_EDGE('',*,*,#1930,.T.);
#1431=ORIENTED_EDGE('',*,*,#1878,.F.);
#1432=ORIENTED_EDGE('',*,*,#1900,.T.);
#1433=ORIENTED_EDGE('',*,*,#1895,.F.);
#1434=ORIENTED_EDGE('',*,*,#1908,.T.);
#1435=ORIENTED_EDGE('',*,*,#1494,.T.);
#1436=ORIENTED_EDGE('',*,*,#1931,.T.);
#1437=ORIENTED_EDGE('',*,*,#1507,.F.);
#1438=ORIENTED_EDGE('',*,*,#1924,.T.);
#1439=ORIENTED_EDGE('',*,*,#1486,.F.);
#1440=ORIENTED_EDGE('',*,*,#1919,.F.);
#1441=ORIENTED_EDGE('',*,*,#1926,.F.);
#1442=ORIENTED_EDGE('',*,*,#1879,.T.);
#1443=ORIENTED_EDGE('',*,*,#1930,.F.);
#1444=ORIENTED_EDGE('',*,*,#1932,.F.);
#1445=ORIENTED_EDGE('',*,*,#1913,.T.);
#1446=ORIENTED_EDGE('',*,*,#1875,.F.);
#1447=ORIENTED_EDGE('',*,*,#1917,.T.);
#1448=ORIENTED_EDGE('',*,*,#1870,.F.);
#1449=ORIENTED_EDGE('',*,*,#1923,.T.);
#1450=ORIENTED_EDGE('',*,*,#1925,.F.);
#1451=ORIENTED_EDGE('',*,*,#1476,.T.);
#1452=ORIENTED_EDGE('',*,*,#1927,.F.);
#1453=ORIENTED_EDGE('',*,*,#1929,.F.);
#1454=ORIENTED_EDGE('',*,*,#1933,.T.);
#1455=ORIENTED_EDGE('',*,*,#1914,.T.);
#1456=ORIENTED_EDGE('',*,*,#1932,.T.);
#1457=ORIENTED_EDGE('',*,*,#1493,.F.);
#1458=ORIENTED_EDGE('',*,*,#1934,.T.);
#1459=ORIENTED_EDGE('',*,*,#1508,.T.);
#1460=ORIENTED_EDGE('',*,*,#1931,.F.);
#1461=ORIENTED_EDGE('',*,*,#1492,.F.);
#1462=ORIENTED_EDGE('',*,*,#1500,.F.);
#1463=ORIENTED_EDGE('',*,*,#1510,.F.);
#1464=ORIENTED_EDGE('',*,*,#1509,.F.);
#1465=ORIENTED_EDGE('',*,*,#1934,.F.);
#1466=ORIENTED_EDGE('',*,*,#1915,.F.);
#1467=ORIENTED_EDGE('',*,*,#1933,.F.);
#1468=ORIENTED_EDGE('',*,*,#1928,.F.);
#1469=ORIENTED_EDGE('',*,*,#1911,.F.);
#1470=ORIENTED_EDGE('',*,*,#1916,.F.);
#1471=EDGE_CURVE('',#1935,#1936,#2245,.T.);
#1472=EDGE_CURVE('',#1935,#1937,#323,.T.);
#1473=EDGE_CURVE('',#1938,#1937,#2246,.F.);
#1474=EDGE_CURVE('',#1938,#1936,#324,.T.);
#1475=EDGE_CURVE('',#1939,#1940,#2247,.F.);
#1476=EDGE_CURVE('',#1941,#1940,#325,.T.);
#1477=EDGE_CURVE('',#1941,#1942,#2248,.T.);
#1478=EDGE_CURVE('',#1939,#1942,#326,.T.);
#1479=EDGE_CURVE('',#1943,#1944,#2249,.F.);
#1480=EDGE_CURVE('',#1943,#1945,#327,.T.);
#1481=EDGE_CURVE('',#1946,#1945,#2250,.F.);
#1482=EDGE_CURVE('',#1946,#1944,#328,.T.);
#1483=EDGE_CURVE('',#1947,#1948,#2251,.F.);
#1484=EDGE_CURVE('',#1947,#1949,#329,.T.);
#1485=EDGE_CURVE('',#1950,#1949,#2252,.T.);
#1486=EDGE_CURVE('',#1950,#1948,#330,.T.);
#1487=EDGE_CURVE('',#1951,#1952,#2253,.T.);
#1488=EDGE_CURVE('',#1953,#1952,#331,.T.);
#1489=EDGE_CURVE('',#1953,#1954,#2254,.F.);
#1490=EDGE_CURVE('',#1951,#1954,#332,.T.);
#1491=EDGE_CURVE('',#1955,#1956,#2255,.T.);
#1492=EDGE_CURVE('',#1956,#1957,#244,.F.);
#1493=EDGE_CURVE('',#1957,#1958,#68,.T.);
#1494=EDGE_CURVE('',#1959,#1958,#333,.T.);
#1495=EDGE_CURVE('',#1959,#1960,#2256,.F.);
#1496=EDGE_CURVE('',#1961,#1960,#334,.T.);
#1497=EDGE_CURVE('',#1962,#1961,#69,.T.);
#1498=EDGE_CURVE('',#1962,#1955,#245,.T.);
#1499=EDGE_CURVE('',#1963,#1964,#2257,.T.);
#1500=EDGE_CURVE('',#1964,#1956,#70,.T.);
#1501=EDGE_CURVE('',#1955,#1963,#71,.T.);
#1502=EDGE_CURVE('',#1965,#1966,#2258,.T.);
#1503=EDGE_CURVE('',#1965,#1967,#335,.T.);
#1504=EDGE_CURVE('',#1967,#1968,#336,.T.);
#1505=EDGE_CURVE('',#1968,#1969,#337,.T.);
#1506=EDGE_CURVE('',#1970,#1969,#2259,.T.);
#1507=EDGE_CURVE('',#1970,#1971,#338,.T.);
#1508=EDGE_CURVE('',#1972,#1971,#339,.T.);
#1509=EDGE_CURVE('',#1972,#1966,#340,.T.);
#1510=EDGE_CURVE('',#1966,#1964,#246,.T.);
#1511=EDGE_CURVE('',#1963,#1965,#247,.F.);
#1512=EDGE_CURVE('',#1973,#1974,#72,.T.);
#1513=EDGE_CURVE('',#1973,#1975,#73,.T.);
#1514=EDGE_CURVE('',#1975,#1976,#341,.T.);
#1515=EDGE_CURVE('',#1974,#1976,#74,.T.);
#1516=EDGE_CURVE('',#1967,#1962,#75,.T.);
#1517=EDGE_CURVE('',#1961,#1968,#76,.T.);
#1518=EDGE_CURVE('',#1943,#1974,#342,.T.);
#1519=EDGE_CURVE('',#1951,#1976,#343,.T.);
#1520=EDGE_CURVE('',#1977,#1954,#344,.T.);
#1521=EDGE_CURVE('',#1949,#1977,#345,.T.);
#1522=EDGE_CURVE('',#1947,#1969,#346,.T.);
#1523=EDGE_CURVE('',#1939,#1960,#347,.T.);
#1524=EDGE_CURVE('',#1978,#1942,#348,.T.);
#1525=EDGE_CURVE('',#1978,#1937,#349,.T.);
#1526=EDGE_CURVE('',#1935,#1945,#350,.T.);
#1527=EDGE_CURVE('',#1979,#1973,#248,.F.);
#1528=EDGE_CURVE('',#1980,#1979,#77,.T.);
#1529=EDGE_CURVE('',#1981,#1980,#249,.T.);
#1530=EDGE_CURVE('',#1975,#1981,#351,.T.);
#1531=EDGE_CURVE('',#1982,#1983,#2260,.T.);
#1532=EDGE_CURVE('',#1982,#1984,#352,.T.);
#1533=EDGE_CURVE('',#1985,#1984,#2261,.F.);
#1534=EDGE_CURVE('',#1985,#1983,#353,.T.);
#1535=EDGE_CURVE('',#1946,#1936,#354,.T.);
#1536=EDGE_CURVE('',#1986,#1987,#2262,.F.);
#1537=EDGE_CURVE('',#1986,#1988,#355,.T.);
#1538=EDGE_CURVE('',#1989,#1988,#2263,.F.);
#1539=EDGE_CURVE('',#1989,#1987,#356,.T.);
#1540=EDGE_CURVE('',#1953,#1990,#357,.T.);
#1541=EDGE_CURVE('',#1977,#1990,#2264,.T.);
#1542=EDGE_CURVE('',#1991,#1992,#2265,.T.);
#1543=EDGE_CURVE('',#1993,#1992,#358,.T.);
#1544=EDGE_CURVE('',#1993,#1994,#2266,.F.);
#1545=EDGE_CURVE('',#1991,#1994,#359,.T.);
#1546=EDGE_CURVE('',#1995,#1979,#2267,.T.);
#1547=EDGE_CURVE('',#1996,#1944,#360,.T.);
#1548=EDGE_CURVE('',#1997,#1996,#78,.T.);
#1549=EDGE_CURVE('',#1997,#1995,#250,.T.);
#1550=EDGE_CURVE('',#1998,#1980,#2268,.T.);
#1551=EDGE_CURVE('',#1995,#1998,#79,.T.);
#1552=EDGE_CURVE('',#1999,#1981,#2269,.T.);
#1553=EDGE_CURVE('',#1999,#2000,#361,.T.);
#1554=EDGE_CURVE('',#2000,#2001,#362,.T.);
#1555=EDGE_CURVE('',#2001,#1952,#363,.T.);
#1556=EDGE_CURVE('',#1998,#1999,#251,.F.);
#1557=EDGE_CURVE('',#2002,#2003,#80,.T.);
#1558=EDGE_CURVE('',#2002,#2004,#81,.T.);
#1559=EDGE_CURVE('',#2004,#2005,#364,.T.);
#1560=EDGE_CURVE('',#2003,#2005,#82,.T.);
#1561=EDGE_CURVE('',#2000,#1997,#83,.T.);
#1562=EDGE_CURVE('',#1996,#2001,#84,.T.);
#1563=EDGE_CURVE('',#1986,#2003,#365,.T.);
#1564=EDGE_CURVE('',#1991,#2005,#366,.T.);
#1565=EDGE_CURVE('',#2006,#1994,#367,.T.);
#1566=EDGE_CURVE('',#1990,#2006,#368,.T.);
#1567=EDGE_CURVE('',#1938,#1984,#369,.T.);
#1568=EDGE_CURVE('',#1982,#1988,#370,.T.);
#1569=EDGE_CURVE('',#2007,#2002,#252,.F.);
#1570=EDGE_CURVE('',#2008,#2007,#85,.T.);
#1571=EDGE_CURVE('',#2009,#2008,#253,.T.);
#1572=EDGE_CURVE('',#2004,#2009,#371,.T.);
#1573=EDGE_CURVE('',#2010,#2011,#2270,.T.);
#1574=EDGE_CURVE('',#2010,#2012,#372,.T.);
#1575=EDGE_CURVE('',#2013,#2012,#2271,.F.);
#1576=EDGE_CURVE('',#2013,#2011,#373,.T.);
#1577=EDGE_CURVE('',#1989,#1983,#374,.T.);
#1578=EDGE_CURVE('',#2014,#2015,#2272,.F.);
#1579=EDGE_CURVE('',#2014,#2016,#375,.T.);
#1580=EDGE_CURVE('',#2017,#2016,#2273,.F.);
#1581=EDGE_CURVE('',#2017,#2015,#376,.T.);
#1582=EDGE_CURVE('',#1993,#2018,#377,.T.);
#1583=EDGE_CURVE('',#2006,#2018,#2274,.T.);
#1584=EDGE_CURVE('',#2019,#2020,#2275,.T.);
#1585=EDGE_CURVE('',#2021,#2020,#378,.T.);
#1586=EDGE_CURVE('',#2021,#2022,#2276,.F.);
#1587=EDGE_CURVE('',#2019,#2022,#379,.T.);
#1588=EDGE_CURVE('',#2023,#2007,#2277,.T.);
#1589=EDGE_CURVE('',#2024,#1987,#380,.T.);
#1590=EDGE_CURVE('',#2025,#2024,#86,.T.);
#1591=EDGE_CURVE('',#2025,#2023,#254,.T.);
#1592=EDGE_CURVE('',#2026,#2008,#2278,.T.);
#1593=EDGE_CURVE('',#2023,#2026,#87,.T.);
#1594=EDGE_CURVE('',#2027,#2009,#2279,.T.);
#1595=EDGE_CURVE('',#2027,#2028,#381,.T.);
#1596=EDGE_CURVE('',#2028,#2029,#382,.T.);
#1597=EDGE_CURVE('',#2029,#1992,#383,.T.);
#1598=EDGE_CURVE('',#2026,#2027,#255,.F.);
#1599=EDGE_CURVE('',#2030,#2031,#88,.T.);
#1600=EDGE_CURVE('',#2030,#2032,#89,.T.);
#1601=EDGE_CURVE('',#2032,#2033,#384,.T.);
#1602=EDGE_CURVE('',#2031,#2033,#90,.T.);
#1603=EDGE_CURVE('',#2028,#2025,#91,.T.);
#1604=EDGE_CURVE('',#2024,#2029,#92,.T.);
#1605=EDGE_CURVE('',#2014,#2031,#385,.T.);
#1606=EDGE_CURVE('',#2019,#2033,#386,.T.);
#1607=EDGE_CURVE('',#2034,#2022,#387,.T.);
#1608=EDGE_CURVE('',#2018,#2034,#388,.T.);
#1609=EDGE_CURVE('',#1985,#2012,#389,.T.);
#1610=EDGE_CURVE('',#2010,#2016,#390,.T.);
#1611=EDGE_CURVE('',#2035,#2030,#256,.F.);
#1612=EDGE_CURVE('',#2036,#2035,#93,.T.);
#1613=EDGE_CURVE('',#2037,#2036,#257,.T.);
#1614=EDGE_CURVE('',#2032,#2037,#391,.T.);
#1615=EDGE_CURVE('',#2038,#2039,#2280,.T.);
#1616=EDGE_CURVE('',#2038,#2040,#392,.T.);
#1617=EDGE_CURVE('',#2041,#2040,#2281,.F.);
#1618=EDGE_CURVE('',#2041,#2039,#393,.T.);
#1619=EDGE_CURVE('',#2017,#2011,#394,.T.);
#1620=EDGE_CURVE('',#2042,#2043,#2282,.F.);
#1621=EDGE_CURVE('',#2042,#2044,#395,.T.);
#1622=EDGE_CURVE('',#2045,#2044,#2283,.F.);
#1623=EDGE_CURVE('',#2045,#2043,#396,.T.);
#1624=EDGE_CURVE('',#2021,#2046,#397,.T.);
#1625=EDGE_CURVE('',#2034,#2046,#2284,.T.);
#1626=EDGE_CURVE('',#2047,#2048,#2285,.T.);
#1627=EDGE_CURVE('',#2049,#2048,#398,.T.);
#1628=EDGE_CURVE('',#2049,#2050,#2286,.F.);
#1629=EDGE_CURVE('',#2047,#2050,#399,.T.);
#1630=EDGE_CURVE('',#2051,#2035,#2287,.T.);
#1631=EDGE_CURVE('',#2052,#2015,#400,.T.);
#1632=EDGE_CURVE('',#2053,#2052,#94,.T.);
#1633=EDGE_CURVE('',#2053,#2051,#258,.T.);
#1634=EDGE_CURVE('',#2054,#2036,#2288,.T.);
#1635=EDGE_CURVE('',#2051,#2054,#95,.T.);
#1636=EDGE_CURVE('',#2055,#2037,#2289,.T.);
#1637=EDGE_CURVE('',#2055,#2056,#401,.T.);
#1638=EDGE_CURVE('',#2056,#2057,#402,.T.);
#1639=EDGE_CURVE('',#2057,#2020,#403,.T.);
#1640=EDGE_CURVE('',#2054,#2055,#259,.F.);
#1641=EDGE_CURVE('',#2058,#2059,#96,.T.);
#1642=EDGE_CURVE('',#2058,#2060,#97,.T.);
#1643=EDGE_CURVE('',#2060,#2061,#404,.T.);
#1644=EDGE_CURVE('',#2059,#2061,#98,.T.);
#1645=EDGE_CURVE('',#2056,#2053,#99,.T.);
#1646=EDGE_CURVE('',#2052,#2057,#100,.T.);
#1647=EDGE_CURVE('',#2042,#2059,#405,.T.);
#1648=EDGE_CURVE('',#2047,#2061,#406,.T.);
#1649=EDGE_CURVE('',#2062,#2050,#407,.T.);
#1650=EDGE_CURVE('',#2046,#2062,#408,.T.);
#1651=EDGE_CURVE('',#2013,#2040,#409,.T.);
#1652=EDGE_CURVE('',#2038,#2044,#410,.T.);
#1653=EDGE_CURVE('',#2063,#2058,#260,.F.);
#1654=EDGE_CURVE('',#2064,#2063,#101,.T.);
#1655=EDGE_CURVE('',#2065,#2064,#261,.T.);
#1656=EDGE_CURVE('',#2060,#2065,#411,.T.);
#1657=EDGE_CURVE('',#2066,#2067,#2290,.T.);
#1658=EDGE_CURVE('',#2066,#2068,#412,.T.);
#1659=EDGE_CURVE('',#2069,#2068,#2291,.F.);
#1660=EDGE_CURVE('',#2069,#2067,#413,.T.);
#1661=EDGE_CURVE('',#2045,#2039,#414,.T.);
#1662=EDGE_CURVE('',#2070,#2071,#2292,.F.);
#1663=EDGE_CURVE('',#2070,#2072,#415,.T.);
#1664=EDGE_CURVE('',#2073,#2072,#2293,.F.);
#1665=EDGE_CURVE('',#2073,#2071,#416,.T.);
#1666=EDGE_CURVE('',#2049,#2074,#417,.T.);
#1667=EDGE_CURVE('',#2062,#2074,#2294,.T.);
#1668=EDGE_CURVE('',#2075,#2076,#2295,.T.);
#1669=EDGE_CURVE('',#2077,#2076,#418,.T.);
#1670=EDGE_CURVE('',#2077,#2078,#2296,.F.);
#1671=EDGE_CURVE('',#2075,#2078,#419,.T.);
#1672=EDGE_CURVE('',#2079,#2063,#2297,.T.);
#1673=EDGE_CURVE('',#2080,#2043,#420,.T.);
#1674=EDGE_CURVE('',#2081,#2080,#102,.T.);
#1675=EDGE_CURVE('',#2081,#2079,#262,.T.);
#1676=EDGE_CURVE('',#2082,#2064,#2298,.T.);
#1677=EDGE_CURVE('',#2079,#2082,#103,.T.);
#1678=EDGE_CURVE('',#2083,#2065,#2299,.T.);
#1679=EDGE_CURVE('',#2083,#2084,#421,.T.);
#1680=EDGE_CURVE('',#2084,#2085,#422,.T.);
#1681=EDGE_CURVE('',#2085,#2048,#423,.T.);
#1682=EDGE_CURVE('',#2082,#2083,#263,.F.);
#1683=EDGE_CURVE('',#2086,#2087,#104,.T.);
#1684=EDGE_CURVE('',#2086,#2088,#105,.T.);
#1685=EDGE_CURVE('',#2088,#2089,#424,.T.);
#1686=EDGE_CURVE('',#2087,#2089,#106,.T.);
#1687=EDGE_CURVE('',#2084,#2081,#107,.T.);
#1688=EDGE_CURVE('',#2080,#2085,#108,.T.);
#1689=EDGE_CURVE('',#2070,#2087,#425,.T.);
#1690=EDGE_CURVE('',#2075,#2089,#426,.T.);
#1691=EDGE_CURVE('',#2090,#2078,#427,.T.);
#1692=EDGE_CURVE('',#2074,#2090,#428,.T.);
#1693=EDGE_CURVE('',#2041,#2068,#429,.T.);
#1694=EDGE_CURVE('',#2066,#2072,#430,.T.);
#1695=EDGE_CURVE('',#2091,#2086,#264,.F.);
#1696=EDGE_CURVE('',#2092,#2091,#109,.T.);
#1697=EDGE_CURVE('',#2093,#2092,#265,.T.);
#1698=EDGE_CURVE('',#2088,#2093,#431,.T.);
#1699=EDGE_CURVE('',#2094,#2095,#2300,.T.);
#1700=EDGE_CURVE('',#2094,#2096,#432,.T.);
#1701=EDGE_CURVE('',#2097,#2096,#2301,.F.);
#1702=EDGE_CURVE('',#2097,#2095,#433,.T.);
#1703=EDGE_CURVE('',#2073,#2067,#434,.T.);
#1704=EDGE_CURVE('',#2098,#2099,#2302,.F.);
#1705=EDGE_CURVE('',#2098,#2100,#435,.T.);
#1706=EDGE_CURVE('',#2101,#2100,#2303,.F.);
#1707=EDGE_CURVE('',#2101,#2099,#436,.T.);
#1708=EDGE_CURVE('',#2077,#2102,#437,.T.);
#1709=EDGE_CURVE('',#2090,#2102,#2304,.T.);
#1710=EDGE_CURVE('',#2103,#2104,#2305,.T.);
#1711=EDGE_CURVE('',#2105,#2104,#438,.T.);
#1712=EDGE_CURVE('',#2105,#2106,#2306,.F.);
#1713=EDGE_CURVE('',#2103,#2106,#439,.T.);
#1714=EDGE_CURVE('',#2107,#2091,#2307,.T.);
#1715=EDGE_CURVE('',#2108,#2071,#440,.T.);
#1716=EDGE_CURVE('',#2109,#2108,#110,.T.);
#1717=EDGE_CURVE('',#2109,#2107,#266,.T.);
#1718=EDGE_CURVE('',#2110,#2092,#2308,.T.);
#1719=EDGE_CURVE('',#2107,#2110,#111,.T.);
#1720=EDGE_CURVE('',#2111,#2093,#2309,.T.);
#1721=EDGE_CURVE('',#2111,#2112,#441,.T.);
#1722=EDGE_CURVE('',#2112,#2113,#442,.T.);
#1723=EDGE_CURVE('',#2113,#2076,#443,.T.);
#1724=EDGE_CURVE('',#2110,#2111,#267,.F.);
#1725=EDGE_CURVE('',#2114,#2115,#112,.T.);
#1726=EDGE_CURVE('',#2114,#2116,#113,.T.);
#1727=EDGE_CURVE('',#2116,#2117,#444,.T.);
#1728=EDGE_CURVE('',#2115,#2117,#114,.T.);
#1729=EDGE_CURVE('',#2112,#2109,#115,.T.);
#1730=EDGE_CURVE('',#2108,#2113,#116,.T.);
#1731=EDGE_CURVE('',#2098,#2115,#445,.T.);
#1732=EDGE_CURVE('',#2103,#2117,#446,.T.);
#1733=EDGE_CURVE('',#2118,#2106,#447,.T.);
#1734=EDGE_CURVE('',#2102,#2118,#448,.T.);
#1735=EDGE_CURVE('',#2069,#2096,#449,.T.);
#1736=EDGE_CURVE('',#2094,#2100,#450,.T.);
#1737=EDGE_CURVE('',#2119,#2114,#268,.F.);
#1738=EDGE_CURVE('',#2120,#2119,#117,.T.);
#1739=EDGE_CURVE('',#2121,#2120,#269,.T.);
#1740=EDGE_CURVE('',#2116,#2121,#451,.T.);
#1741=EDGE_CURVE('',#2122,#2123,#2310,.T.);
#1742=EDGE_CURVE('',#2122,#2124,#452,.T.);
#1743=EDGE_CURVE('',#2125,#2124,#2311,.F.);
#1744=EDGE_CURVE('',#2125,#2123,#453,.T.);
#1745=EDGE_CURVE('',#2101,#2095,#454,.T.);
#1746=EDGE_CURVE('',#2126,#2127,#2312,.F.);
#1747=EDGE_CURVE('',#2126,#2128,#455,.T.);
#1748=EDGE_CURVE('',#2129,#2128,#2313,.F.);
#1749=EDGE_CURVE('',#2129,#2127,#456,.T.);
#1750=EDGE_CURVE('',#2105,#2130,#457,.T.);
#1751=EDGE_CURVE('',#2118,#2130,#2314,.T.);
#1752=EDGE_CURVE('',#2131,#2132,#2315,.T.);
#1753=EDGE_CURVE('',#2133,#2132,#458,.T.);
#1754=EDGE_CURVE('',#2133,#2134,#2316,.F.);
#1755=EDGE_CURVE('',#2131,#2134,#459,.T.);
#1756=EDGE_CURVE('',#2135,#2119,#2317,.T.);
#1757=EDGE_CURVE('',#2136,#2099,#460,.T.);
#1758=EDGE_CURVE('',#2137,#2136,#118,.T.);
#1759=EDGE_CURVE('',#2137,#2135,#270,.T.);
#1760=EDGE_CURVE('',#2138,#2120,#2318,.T.);
#1761=EDGE_CURVE('',#2135,#2138,#119,.T.);
#1762=EDGE_CURVE('',#2139,#2121,#2319,.T.);
#1763=EDGE_CURVE('',#2139,#2140,#461,.T.);
#1764=EDGE_CURVE('',#2140,#2141,#462,.T.);
#1765=EDGE_CURVE('',#2141,#2104,#463,.T.);
#1766=EDGE_CURVE('',#2138,#2139,#271,.F.);
#1767=EDGE_CURVE('',#2142,#2143,#120,.T.);
#1768=EDGE_CURVE('',#2142,#2144,#121,.T.);
#1769=EDGE_CURVE('',#2144,#2145,#464,.T.);
#1770=EDGE_CURVE('',#2143,#2145,#122,.T.);
#1771=EDGE_CURVE('',#2140,#2137,#123,.T.);
#1772=EDGE_CURVE('',#2136,#2141,#124,.T.);
#1773=EDGE_CURVE('',#2126,#2143,#465,.T.);
#1774=EDGE_CURVE('',#2131,#2145,#466,.T.);
#1775=EDGE_CURVE('',#2146,#2134,#467,.T.);
#1776=EDGE_CURVE('',#2130,#2146,#468,.T.);
#1777=EDGE_CURVE('',#2097,#2124,#469,.T.);
#1778=EDGE_CURVE('',#2122,#2128,#470,.T.);
#1779=EDGE_CURVE('',#2147,#2142,#272,.F.);
#1780=EDGE_CURVE('',#2148,#2147,#125,.T.);
#1781=EDGE_CURVE('',#2149,#2148,#273,.T.);
#1782=EDGE_CURVE('',#2144,#2149,#471,.T.);
#1783=EDGE_CURVE('',#2150,#2151,#2320,.T.);
#1784=EDGE_CURVE('',#2150,#2152,#472,.T.);
#1785=EDGE_CURVE('',#2153,#2152,#2321,.F.);
#1786=EDGE_CURVE('',#2153,#2151,#473,.T.);
#1787=EDGE_CURVE('',#2129,#2123,#474,.T.);
#1788=EDGE_CURVE('',#2154,#2155,#2322,.F.);
#1789=EDGE_CURVE('',#2154,#2156,#475,.T.);
#1790=EDGE_CURVE('',#2157,#2156,#2323,.F.);
#1791=EDGE_CURVE('',#2157,#2155,#476,.T.);
#1792=EDGE_CURVE('',#2133,#2158,#477,.T.);
#1793=EDGE_CURVE('',#2146,#2158,#2324,.T.);
#1794=EDGE_CURVE('',#2159,#2160,#2325,.T.);
#1795=EDGE_CURVE('',#2161,#2160,#478,.T.);
#1796=EDGE_CURVE('',#2161,#2162,#2326,.F.);
#1797=EDGE_CURVE('',#2159,#2162,#479,.T.);
#1798=EDGE_CURVE('',#2163,#2147,#2327,.T.);
#1799=EDGE_CURVE('',#2164,#2127,#480,.T.);
#1800=EDGE_CURVE('',#2165,#2164,#126,.T.);
#1801=EDGE_CURVE('',#2165,#2163,#274,.T.);
#1802=EDGE_CURVE('',#2166,#2148,#2328,.T.);
#1803=EDGE_CURVE('',#2163,#2166,#127,.T.);
#1804=EDGE_CURVE('',#2167,#2149,#2329,.T.);
#1805=EDGE_CURVE('',#2167,#2168,#481,.T.);
#1806=EDGE_CURVE('',#2168,#2169,#482,.T.);
#1807=EDGE_CURVE('',#2169,#2132,#483,.T.);
#1808=EDGE_CURVE('',#2166,#2167,#275,.F.);
#1809=EDGE_CURVE('',#2170,#2171,#128,.T.);
#1810=EDGE_CURVE('',#2170,#2172,#129,.T.);
#1811=EDGE_CURVE('',#2172,#2173,#484,.T.);
#1812=EDGE_CURVE('',#2171,#2173,#130,.T.);
#1813=EDGE_CURVE('',#2168,#2165,#131,.T.);
#1814=EDGE_CURVE('',#2164,#2169,#132,.T.);
#1815=EDGE_CURVE('',#2154,#2171,#485,.T.);
#1816=EDGE_CURVE('',#2159,#2173,#486,.T.);
#1817=EDGE_CURVE('',#2174,#2162,#487,.T.);
#1818=EDGE_CURVE('',#2158,#2174,#488,.T.);
#1819=EDGE_CURVE('',#2125,#2152,#489,.T.);
#1820=EDGE_CURVE('',#2150,#2156,#490,.T.);
#1821=EDGE_CURVE('',#2175,#2170,#276,.F.);
#1822=EDGE_CURVE('',#2176,#2175,#133,.T.);
#1823=EDGE_CURVE('',#2177,#2176,#277,.T.);
#1824=EDGE_CURVE('',#2172,#2177,#491,.T.);
#1825=EDGE_CURVE('',#2178,#2179,#2330,.T.);
#1826=EDGE_CURVE('',#2178,#2180,#492,.T.);
#1827=EDGE_CURVE('',#2181,#2180,#2331,.F.);
#1828=EDGE_CURVE('',#2181,#2179,#493,.T.);
#1829=EDGE_CURVE('',#2157,#2151,#494,.T.);
#1830=EDGE_CURVE('',#2182,#2183,#2332,.F.);
#1831=EDGE_CURVE('',#2182,#2184,#495,.T.);
#1832=EDGE_CURVE('',#2185,#2184,#2333,.F.);
#1833=EDGE_CURVE('',#2185,#2183,#496,.T.);
#1834=EDGE_CURVE('',#2161,#2186,#497,.T.);
#1835=EDGE_CURVE('',#2174,#2186,#2334,.T.);
#1836=EDGE_CURVE('',#2187,#2188,#2335,.T.);
#1837=EDGE_CURVE('',#2189,#2188,#498,.T.);
#1838=EDGE_CURVE('',#2189,#2190,#2336,.F.);
#1839=EDGE_CURVE('',#2187,#2190,#499,.T.);
#1840=EDGE_CURVE('',#2191,#2175,#2337,.T.);
#1841=EDGE_CURVE('',#2192,#2155,#500,.T.);
#1842=EDGE_CURVE('',#2193,#2192,#134,.T.);
#1843=EDGE_CURVE('',#2193,#2191,#278,.T.);
#1844=EDGE_CURVE('',#2194,#2176,#2338,.T.);
#1845=EDGE_CURVE('',#2191,#2194,#135,.T.);
#1846=EDGE_CURVE('',#2195,#2177,#2339,.T.);
#1847=EDGE_CURVE('',#2195,#2196,#501,.T.);
#1848=EDGE_CURVE('',#2196,#2197,#502,.T.);
#1849=EDGE_CURVE('',#2197,#2160,#503,.T.);
#1850=EDGE_CURVE('',#2194,#2195,#279,.F.);
#1851=EDGE_CURVE('',#2198,#2199,#136,.T.);
#1852=EDGE_CURVE('',#2198,#2200,#137,.T.);
#1853=EDGE_CURVE('',#2200,#2201,#504,.T.);
#1854=EDGE_CURVE('',#2199,#2201,#138,.T.);
#1855=EDGE_CURVE('',#2196,#2193,#139,.T.);
#1856=EDGE_CURVE('',#2192,#2197,#140,.T.);
#1857=EDGE_CURVE('',#2182,#2199,#505,.T.);
#1858=EDGE_CURVE('',#2187,#2201,#506,.T.);
#1859=EDGE_CURVE('',#2202,#2190,#507,.T.);
#1860=EDGE_CURVE('',#2186,#2202,#508,.T.);
#1861=EDGE_CURVE('',#2153,#2180,#509,.T.);
#1862=EDGE_CURVE('',#2178,#2184,#510,.T.);
#1863=EDGE_CURVE('',#2203,#2198,#280,.F.);
#1864=EDGE_CURVE('',#2204,#2203,#141,.T.);
#1865=EDGE_CURVE('',#2205,#2204,#281,.T.);
#1866=EDGE_CURVE('',#2200,#2205,#511,.T.);
#1867=EDGE_CURVE('',#2206,#2207,#2340,.T.);
#1868=EDGE_CURVE('',#2206,#2208,#512,.T.);
#1869=EDGE_CURVE('',#2209,#2208,#2341,.F.);
#1870=EDGE_CURVE('',#2209,#2207,#513,.T.);
#1871=EDGE_CURVE('',#2185,#2179,#514,.T.);
#1872=EDGE_CURVE('',#2210,#2211,#2342,.F.);
#1873=EDGE_CURVE('',#2210,#2212,#515,.T.);
#1874=EDGE_CURVE('',#2213,#2212,#2343,.F.);
#1875=EDGE_CURVE('',#2213,#2211,#516,.T.);
#1876=EDGE_CURVE('',#2189,#2214,#517,.T.);
#1877=EDGE_CURVE('',#2202,#2214,#2344,.T.);
#1878=EDGE_CURVE('',#2215,#2216,#2345,.T.);
#1879=EDGE_CURVE('',#2217,#2216,#518,.T.);
#1880=EDGE_CURVE('',#2217,#2218,#2346,.F.);
#1881=EDGE_CURVE('',#2215,#2218,#519,.T.);
#1882=EDGE_CURVE('',#2219,#2203,#2347,.T.);
#1883=EDGE_CURVE('',#2220,#2183,#520,.T.);
#1884=EDGE_CURVE('',#2221,#2220,#142,.T.);
#1885=EDGE_CURVE('',#2221,#2219,#282,.T.);
#1886=EDGE_CURVE('',#2222,#2204,#2348,.T.);
#1887=EDGE_CURVE('',#2219,#2222,#143,.T.);
#1888=EDGE_CURVE('',#2223,#2205,#2349,.T.);
#1889=EDGE_CURVE('',#2223,#2224,#521,.T.);
#1890=EDGE_CURVE('',#2224,#2225,#522,.T.);
#1891=EDGE_CURVE('',#2225,#2188,#523,.T.);
#1892=EDGE_CURVE('',#2222,#2223,#283,.F.);
#1893=EDGE_CURVE('',#2226,#2227,#144,.T.);
#1894=EDGE_CURVE('',#2226,#2228,#145,.T.);
#1895=EDGE_CURVE('',#2228,#2229,#524,.T.);
#1896=EDGE_CURVE('',#2227,#2229,#146,.T.);
#1897=EDGE_CURVE('',#2224,#2221,#147,.T.);
#1898=EDGE_CURVE('',#2220,#2225,#148,.T.);
#1899=EDGE_CURVE('',#2210,#2227,#525,.T.);
#1900=EDGE_CURVE('',#2215,#2229,#526,.T.);
#1901=EDGE_CURVE('',#2230,#2218,#527,.T.);
#1902=EDGE_CURVE('',#2214,#2230,#528,.T.);
#1903=EDGE_CURVE('',#2181,#2208,#529,.T.);
#1904=EDGE_CURVE('',#2206,#2212,#530,.T.);
#1905=EDGE_CURVE('',#2231,#2226,#284,.F.);
#1906=EDGE_CURVE('',#2232,#2231,#149,.T.);
#1907=EDGE_CURVE('',#2233,#2232,#285,.T.);
#1908=EDGE_CURVE('',#2228,#2233,#531,.T.);
#1909=EDGE_CURVE('',#2234,#2233,#2350,.T.);
#1910=EDGE_CURVE('',#2235,#2232,#2351,.T.);
#1911=EDGE_CURVE('',#2235,#2234,#286,.F.);
#1912=EDGE_CURVE('',#2236,#2231,#2352,.T.);
#1913=EDGE_CURVE('',#2237,#2211,#532,.T.);
#1914=EDGE_CURVE('',#2238,#2237,#150,.T.);
#1915=EDGE_CURVE('',#2238,#2236,#287,.T.);
#1916=EDGE_CURVE('',#2236,#2235,#151,.T.);
#1917=EDGE_CURVE('',#2213,#2207,#533,.T.);
#1918=EDGE_CURVE('',#2230,#2239,#2353,.T.);
#1919=EDGE_CURVE('',#2239,#1950,#534,.T.);
#1920=EDGE_CURVE('',#2240,#2240,#2354,.T.);
#1921=EDGE_CURVE('',#2241,#2241,#2355,.T.);
#1922=EDGE_CURVE('',#1978,#2242,#2356,.F.);
#1923=EDGE_CURVE('',#2209,#2242,#535,.T.);
#1924=EDGE_CURVE('',#1970,#1948,#536,.T.);
#1925=EDGE_CURVE('',#1941,#2242,#537,.T.);
#1926=EDGE_CURVE('',#2217,#2239,#538,.T.);
#1927=EDGE_CURVE('',#1959,#1940,#539,.T.);
#1928=EDGE_CURVE('',#2234,#2243,#540,.T.);
#1929=EDGE_CURVE('',#2243,#2244,#541,.T.);
#1930=EDGE_CURVE('',#2244,#2216,#542,.T.);
#1931=EDGE_CURVE('',#1958,#1971,#152,.T.);
#1932=EDGE_CURVE('',#2237,#2244,#153,.T.);
#1933=EDGE_CURVE('',#2243,#2238,#154,.T.);
#1934=EDGE_CURVE('',#1957,#1972,#155,.T.);
#1935=VERTEX_POINT('',#3945);
#1936=VERTEX_POINT('',#3946);
#1937=VERTEX_POINT('',#3951);
#1938=VERTEX_POINT('',#3953);
#1939=VERTEX_POINT('',#3960);
#1940=VERTEX_POINT('',#3961);
#1941=VERTEX_POINT('',#3966);
#1942=VERTEX_POINT('',#3968);
#1943=VERTEX_POINT('',#3975);
#1944=VERTEX_POINT('',#3976);
#1945=VERTEX_POINT('',#3981);
#1946=VERTEX_POINT('',#3983);
#1947=VERTEX_POINT('',#3990);
#1948=VERTEX_POINT('',#3991);
#1949=VERTEX_POINT('',#3996);
#1950=VERTEX_POINT('',#3998);
#1951=VERTEX_POINT('',#4005);
#1952=VERTEX_POINT('',#4006);
#1953=VERTEX_POINT('',#4014);
#1954=VERTEX_POINT('',#4016);
#1955=VERTEX_POINT('',#4026);
#1956=VERTEX_POINT('',#4027);
#1957=VERTEX_POINT('',#4029);
#1958=VERTEX_POINT('',#4031);
#1959=VERTEX_POINT('',#4036);
#1960=VERTEX_POINT('',#4038);
#1961=VERTEX_POINT('',#4043);
#1962=VERTEX_POINT('',#4045);
#1963=VERTEX_POINT('',#4049);
#1964=VERTEX_POINT('',#4050);
#1965=VERTEX_POINT('',#4055);
#1966=VERTEX_POINT('',#4056);
#1967=VERTEX_POINT('',#4061);
#1968=VERTEX_POINT('',#4066);
#1969=VERTEX_POINT('',#4071);
#1970=VERTEX_POINT('',#4073);
#1971=VERTEX_POINT('',#4078);
#1972=VERTEX_POINT('',#4083);
#1973=VERTEX_POINT('',#4093);
#1974=VERTEX_POINT('',#4094);
#1975=VERTEX_POINT('',#4096);
#1976=VERTEX_POINT('',#4101);
#1977=VERTEX_POINT('',#4119);
#1978=VERTEX_POINT('',#4140);
#1979=VERTEX_POINT('',#4154);
#1980=VERTEX_POINT('',#4156);
#1981=VERTEX_POINT('',#4158);
#1982=VERTEX_POINT('',#4166);
#1983=VERTEX_POINT('',#4167);
#1984=VERTEX_POINT('',#4172);
#1985=VERTEX_POINT('',#4174);
#1986=VERTEX_POINT('',#4186);
#1987=VERTEX_POINT('',#4187);
#1988=VERTEX_POINT('',#4192);
#1989=VERTEX_POINT('',#4194);
#1990=VERTEX_POINT('',#4204);
#1991=VERTEX_POINT('',#4208);
#1992=VERTEX_POINT('',#4209);
#1993=VERTEX_POINT('',#4217);
#1994=VERTEX_POINT('',#4219);
#1995=VERTEX_POINT('',#4229);
#1996=VERTEX_POINT('',#4234);
#1997=VERTEX_POINT('',#4236);
#1998=VERTEX_POINT('',#4240);
#1999=VERTEX_POINT('',#4244);
#2000=VERTEX_POINT('',#4249);
#2001=VERTEX_POINT('',#4254);
#2002=VERTEX_POINT('',#4263);
#2003=VERTEX_POINT('',#4264);
#2004=VERTEX_POINT('',#4266);
#2005=VERTEX_POINT('',#4271);
#2006=VERTEX_POINT('',#4289);
#2007=VERTEX_POINT('',#4308);
#2008=VERTEX_POINT('',#4310);
#2009=VERTEX_POINT('',#4312);
#2010=VERTEX_POINT('',#4320);
#2011=VERTEX_POINT('',#4321);
#2012=VERTEX_POINT('',#4326);
#2013=VERTEX_POINT('',#4328);
#2014=VERTEX_POINT('',#4340);
#2015=VERTEX_POINT('',#4341);
#2016=VERTEX_POINT('',#4346);
#2017=VERTEX_POINT('',#4348);
#2018=VERTEX_POINT('',#4358);
#2019=VERTEX_POINT('',#4362);
#2020=VERTEX_POINT('',#4363);
#2021=VERTEX_POINT('',#4371);
#2022=VERTEX_POINT('',#4373);
#2023=VERTEX_POINT('',#4383);
#2024=VERTEX_POINT('',#4388);
#2025=VERTEX_POINT('',#4390);
#2026=VERTEX_POINT('',#4394);
#2027=VERTEX_POINT('',#4398);
#2028=VERTEX_POINT('',#4403);
#2029=VERTEX_POINT('',#4408);
#2030=VERTEX_POINT('',#4417);
#2031=VERTEX_POINT('',#4418);
#2032=VERTEX_POINT('',#4420);
#2033=VERTEX_POINT('',#4425);
#2034=VERTEX_POINT('',#4443);
#2035=VERTEX_POINT('',#4462);
#2036=VERTEX_POINT('',#4464);
#2037=VERTEX_POINT('',#4466);
#2038=VERTEX_POINT('',#4474);
#2039=VERTEX_POINT('',#4475);
#2040=VERTEX_POINT('',#4480);
#2041=VERTEX_POINT('',#4482);
#2042=VERTEX_POINT('',#4494);
#2043=VERTEX_POINT('',#4495);
#2044=VERTEX_POINT('',#4500);
#2045=VERTEX_POINT('',#4502);
#2046=VERTEX_POINT('',#4512);
#2047=VERTEX_POINT('',#4516);
#2048=VERTEX_POINT('',#4517);
#2049=VERTEX_POINT('',#4525);
#2050=VERTEX_POINT('',#4527);
#2051=VERTEX_POINT('',#4537);
#2052=VERTEX_POINT('',#4542);
#2053=VERTEX_POINT('',#4544);
#2054=VERTEX_POINT('',#4548);
#2055=VERTEX_POINT('',#4552);
#2056=VERTEX_POINT('',#4557);
#2057=VERTEX_POINT('',#4562);
#2058=VERTEX_POINT('',#4571);
#2059=VERTEX_POINT('',#4572);
#2060=VERTEX_POINT('',#4574);
#2061=VERTEX_POINT('',#4579);
#2062=VERTEX_POINT('',#4597);
#2063=VERTEX_POINT('',#4616);
#2064=VERTEX_POINT('',#4618);
#2065=VERTEX_POINT('',#4620);
#2066=VERTEX_POINT('',#4628);
#2067=VERTEX_POINT('',#4629);
#2068=VERTEX_POINT('',#4634);
#2069=VERTEX_POINT('',#4636);
#2070=VERTEX_POINT('',#4648);
#2071=VERTEX_POINT('',#4649);
#2072=VERTEX_POINT('',#4654);
#2073=VERTEX_POINT('',#4656);
#2074=VERTEX_POINT('',#4666);
#2075=VERTEX_POINT('',#4670);
#2076=VERTEX_POINT('',#4671);
#2077=VERTEX_POINT('',#4679);
#2078=VERTEX_POINT('',#4681);
#2079=VERTEX_POINT('',#4691);
#2080=VERTEX_POINT('',#4696);
#2081=VERTEX_POINT('',#4698);
#2082=VERTEX_POINT('',#4702);
#2083=VERTEX_POINT('',#4706);
#2084=VERTEX_POINT('',#4711);
#2085=VERTEX_POINT('',#4716);
#2086=VERTEX_POINT('',#4725);
#2087=VERTEX_POINT('',#4726);
#2088=VERTEX_POINT('',#4728);
#2089=VERTEX_POINT('',#4733);
#2090=VERTEX_POINT('',#4751);
#2091=VERTEX_POINT('',#4770);
#2092=VERTEX_POINT('',#4772);
#2093=VERTEX_POINT('',#4774);
#2094=VERTEX_POINT('',#4782);
#2095=VERTEX_POINT('',#4783);
#2096=VERTEX_POINT('',#4788);
#2097=VERTEX_POINT('',#4790);
#2098=VERTEX_POINT('',#4802);
#2099=VERTEX_POINT('',#4803);
#2100=VERTEX_POINT('',#4808);
#2101=VERTEX_POINT('',#4810);
#2102=VERTEX_POINT('',#4820);
#2103=VERTEX_POINT('',#4824);
#2104=VERTEX_POINT('',#4825);
#2105=VERTEX_POINT('',#4833);
#2106=VERTEX_POINT('',#4835);
#2107=VERTEX_POINT('',#4845);
#2108=VERTEX_POINT('',#4850);
#2109=VERTEX_POINT('',#4852);
#2110=VERTEX_POINT('',#4856);
#2111=VERTEX_POINT('',#4860);
#2112=VERTEX_POINT('',#4865);
#2113=VERTEX_POINT('',#4870);
#2114=VERTEX_POINT('',#4879);
#2115=VERTEX_POINT('',#4880);
#2116=VERTEX_POINT('',#4882);
#2117=VERTEX_POINT('',#4887);
#2118=VERTEX_POINT('',#4905);
#2119=VERTEX_POINT('',#4924);
#2120=VERTEX_POINT('',#4926);
#2121=VERTEX_POINT('',#4928);
#2122=VERTEX_POINT('',#4936);
#2123=VERTEX_POINT('',#4937);
#2124=VERTEX_POINT('',#4942);
#2125=VERTEX_POINT('',#4944);
#2126=VERTEX_POINT('',#4956);
#2127=VERTEX_POINT('',#4957);
#2128=VERTEX_POINT('',#4962);
#2129=VERTEX_POINT('',#4964);
#2130=VERTEX_POINT('',#4974);
#2131=VERTEX_POINT('',#4978);
#2132=VERTEX_POINT('',#4979);
#2133=VERTEX_POINT('',#4987);
#2134=VERTEX_POINT('',#4989);
#2135=VERTEX_POINT('',#4999);
#2136=VERTEX_POINT('',#5004);
#2137=VERTEX_POINT('',#5006);
#2138=VERTEX_POINT('',#5010);
#2139=VERTEX_POINT('',#5014);
#2140=VERTEX_POINT('',#5019);
#2141=VERTEX_POINT('',#5024);
#2142=VERTEX_POINT('',#5033);
#2143=VERTEX_POINT('',#5034);
#2144=VERTEX_POINT('',#5036);
#2145=VERTEX_POINT('',#5041);
#2146=VERTEX_POINT('',#5059);
#2147=VERTEX_POINT('',#5078);
#2148=VERTEX_POINT('',#5080);
#2149=VERTEX_POINT('',#5082);
#2150=VERTEX_POINT('',#5090);
#2151=VERTEX_POINT('',#5091);
#2152=VERTEX_POINT('',#5096);
#2153=VERTEX_POINT('',#5098);
#2154=VERTEX_POINT('',#5110);
#2155=VERTEX_POINT('',#5111);
#2156=VERTEX_POINT('',#5116);
#2157=VERTEX_POINT('',#5118);
#2158=VERTEX_POINT('',#5128);
#2159=VERTEX_POINT('',#5132);
#2160=VERTEX_POINT('',#5133);
#2161=VERTEX_POINT('',#5141);
#2162=VERTEX_POINT('',#5143);
#2163=VERTEX_POINT('',#5153);
#2164=VERTEX_POINT('',#5158);
#2165=VERTEX_POINT('',#5160);
#2166=VERTEX_POINT('',#5164);
#2167=VERTEX_POINT('',#5168);
#2168=VERTEX_POINT('',#5173);
#2169=VERTEX_POINT('',#5178);
#2170=VERTEX_POINT('',#5187);
#2171=VERTEX_POINT('',#5188);
#2172=VERTEX_POINT('',#5190);
#2173=VERTEX_POINT('',#5195);
#2174=VERTEX_POINT('',#5213);
#2175=VERTEX_POINT('',#5232);
#2176=VERTEX_POINT('',#5234);
#2177=VERTEX_POINT('',#5236);
#2178=VERTEX_POINT('',#5244);
#2179=VERTEX_POINT('',#5245);
#2180=VERTEX_POINT('',#5250);
#2181=VERTEX_POINT('',#5252);
#2182=VERTEX_POINT('',#5264);
#2183=VERTEX_POINT('',#5265);
#2184=VERTEX_POINT('',#5270);
#2185=VERTEX_POINT('',#5272);
#2186=VERTEX_POINT('',#5282);
#2187=VERTEX_POINT('',#5286);
#2188=VERTEX_POINT('',#5287);
#2189=VERTEX_POINT('',#5295);
#2190=VERTEX_POINT('',#5297);
#2191=VERTEX_POINT('',#5307);
#2192=VERTEX_POINT('',#5312);
#2193=VERTEX_POINT('',#5314);
#2194=VERTEX_POINT('',#5318);
#2195=VERTEX_POINT('',#5322);
#2196=VERTEX_POINT('',#5327);
#2197=VERTEX_POINT('',#5332);
#2198=VERTEX_POINT('',#5341);
#2199=VERTEX_POINT('',#5342);
#2200=VERTEX_POINT('',#5344);
#2201=VERTEX_POINT('',#5349);
#2202=VERTEX_POINT('',#5367);
#2203=VERTEX_POINT('',#5386);
#2204=VERTEX_POINT('',#5388);
#2205=VERTEX_POINT('',#5390);
#2206=VERTEX_POINT('',#5398);
#2207=VERTEX_POINT('',#5399);
#2208=VERTEX_POINT('',#5404);
#2209=VERTEX_POINT('',#5406);
#2210=VERTEX_POINT('',#5418);
#2211=VERTEX_POINT('',#5419);
#2212=VERTEX_POINT('',#5424);
#2213=VERTEX_POINT('',#5426);
#2214=VERTEX_POINT('',#5436);
#2215=VERTEX_POINT('',#5440);
#2216=VERTEX_POINT('',#5441);
#2217=VERTEX_POINT('',#5449);
#2218=VERTEX_POINT('',#5451);
#2219=VERTEX_POINT('',#5461);
#2220=VERTEX_POINT('',#5466);
#2221=VERTEX_POINT('',#5468);
#2222=VERTEX_POINT('',#5472);
#2223=VERTEX_POINT('',#5476);
#2224=VERTEX_POINT('',#5481);
#2225=VERTEX_POINT('',#5486);
#2226=VERTEX_POINT('',#5495);
#2227=VERTEX_POINT('',#5496);
#2228=VERTEX_POINT('',#5498);
#2229=VERTEX_POINT('',#5503);
#2230=VERTEX_POINT('',#5521);
#2231=VERTEX_POINT('',#5540);
#2232=VERTEX_POINT('',#5542);
#2233=VERTEX_POINT('',#5544);
#2234=VERTEX_POINT('',#5552);
#2235=VERTEX_POINT('',#5554);
#2236=VERTEX_POINT('',#5558);
#2237=VERTEX_POINT('',#5563);
#2238=VERTEX_POINT('',#5565);
#2239=VERTEX_POINT('',#5576);
#2240=VERTEX_POINT('',#5583);
#2241=VERTEX_POINT('',#5586);
#2242=VERTEX_POINT('',#5589);
#2243=VERTEX_POINT('',#5625);
#2244=VERTEX_POINT('',#5630);
#2245=CIRCLE('',#2914,0.0141191301779916);
#2246=CIRCLE('',#2915,0.0140575655496801);
#2247=CIRCLE('',#2917,0.0141191301779916);
#2248=CIRCLE('',#2918,0.0141191301779916);
#2249=CIRCLE('',#2920,0.0140575655496801);
#2250=CIRCLE('',#2921,0.0141191301779916);
#2251=CIRCLE('',#2923,0.0116379952423451);
#2252=CIRCLE('',#2924,0.0120417436452935);
#2253=CIRCLE('',#2926,0.0116379952423451);
#2254=CIRCLE('',#2927,0.0116379952423451);
#2255=CIRCLE('',#2929,0.0140575655496801);
#2256=CIRCLE('',#2931,0.0140575655496801);
#2257=CIRCLE('',#2934,0.0120417436452935);
#2258=CIRCLE('',#2936,0.0120417436452935);
#2259=CIRCLE('',#2937,0.0116379952423451);
#2260=CIRCLE('',#2949,0.0141191301779916);
#2261=CIRCLE('',#2950,0.0140575655496801);
#2262=CIRCLE('',#2953,0.0140575655496801);
#2263=CIRCLE('',#2954,0.0141191301779916);
#2264=CIRCLE('',#2956,0.0120417436452935);
#2265=CIRCLE('',#2958,0.0116379952423451);
#2266=CIRCLE('',#2959,0.0116379952423451);
#2267=CIRCLE('',#2961,0.0140575655496801);
#2268=CIRCLE('',#2964,0.0120417436452935);
#2269=CIRCLE('',#2966,0.0120417436452935);
#2270=CIRCLE('',#2977,0.0141191301779916);
#2271=CIRCLE('',#2978,0.0140575655496801);
#2272=CIRCLE('',#2981,0.0140575655496801);
#2273=CIRCLE('',#2982,0.0141191301779916);
#2274=CIRCLE('',#2984,0.0120417436452935);
#2275=CIRCLE('',#2986,0.0116379952423451);
#2276=CIRCLE('',#2987,0.0116379952423451);
#2277=CIRCLE('',#2989,0.0140575655496801);
#2278=CIRCLE('',#2992,0.0120417436452935);
#2279=CIRCLE('',#2994,0.0120417436452935);
#2280=CIRCLE('',#3005,0.0141191301779916);
#2281=CIRCLE('',#3006,0.0140575655496801);
#2282=CIRCLE('',#3009,0.0140575655496801);
#2283=CIRCLE('',#3010,0.0141191301779916);
#2284=CIRCLE('',#3012,0.0120417436452935);
#2285=CIRCLE('',#3014,0.0116379952423451);
#2286=CIRCLE('',#3015,0.0116379952423451);
#2287=CIRCLE('',#3017,0.0140575655496801);
#2288=CIRCLE('',#3020,0.0120417436452935);
#2289=CIRCLE('',#3022,0.0120417436452935);
#2290=CIRCLE('',#3033,0.0141191301779916);
#2291=CIRCLE('',#3034,0.0140575655496801);
#2292=CIRCLE('',#3037,0.0140575655496801);
#2293=CIRCLE('',#3038,0.0141191301779916);
#2294=CIRCLE('',#3040,0.0120417436452935);
#2295=CIRCLE('',#3042,0.0116379952423451);
#2296=CIRCLE('',#3043,0.0116379952423451);
#2297=CIRCLE('',#3045,0.0140575655496801);
#2298=CIRCLE('',#3048,0.0120417436452935);
#2299=CIRCLE('',#3050,0.0120417436452935);
#2300=CIRCLE('',#3061,0.0141191301779916);
#2301=CIRCLE('',#3062,0.0140575655496801);
#2302=CIRCLE('',#3065,0.0140575655496801);
#2303=CIRCLE('',#3066,0.0141191301779916);
#2304=CIRCLE('',#3068,0.0120417436452935);
#2305=CIRCLE('',#3070,0.0116379952423451);
#2306=CIRCLE('',#3071,0.0116379952423451);
#2307=CIRCLE('',#3073,0.0140575655496801);
#2308=CIRCLE('',#3076,0.0120417436452935);
#2309=CIRCLE('',#3078,0.0120417436452935);
#2310=CIRCLE('',#3089,0.0141191301779916);
#2311=CIRCLE('',#3090,0.0140575655496801);
#2312=CIRCLE('',#3093,0.0140575655496801);
#2313=CIRCLE('',#3094,0.0141191301779916);
#2314=CIRCLE('',#3096,0.0120417436452935);
#2315=CIRCLE('',#3098,0.0116379952423451);
#2316=CIRCLE('',#3099,0.0116379952423451);
#2317=CIRCLE('',#3101,0.0140575655496801);
#2318=CIRCLE('',#3104,0.0120417436452935);
#2319=CIRCLE('',#3106,0.0120417436452935);
#2320=CIRCLE('',#3117,0.0141191301779916);
#2321=CIRCLE('',#3118,0.0140575655496801);
#2322=CIRCLE('',#3121,0.0140575655496801);
#2323=CIRCLE('',#3122,0.0141191301779916);
#2324=CIRCLE('',#3124,0.0120417436452935);
#2325=CIRCLE('',#3126,0.0116379952423451);
#2326=CIRCLE('',#3127,0.0116379952423451);
#2327=CIRCLE('',#3129,0.0140575655496801);
#2328=CIRCLE('',#3132,0.0120417436452935);
#2329=CIRCLE('',#3134,0.0120417436452935);
#2330=CIRCLE('',#3145,0.0141191301779916);
#2331=CIRCLE('',#3146,0.0140575655496801);
#2332=CIRCLE('',#3149,0.0140575655496801);
#2333=CIRCLE('',#3150,0.0141191301779916);
#2334=CIRCLE('',#3152,0.0120417436452935);
#2335=CIRCLE('',#3154,0.0116379952423451);
#2336=CIRCLE('',#3155,0.0116379952423451);
#2337=CIRCLE('',#3157,0.0140575655496801);
#2338=CIRCLE('',#3160,0.0120417436452935);
#2339=CIRCLE('',#3162,0.0120417436452935);
#2340=CIRCLE('',#3173,0.0141191301779916);
#2341=CIRCLE('',#3174,0.0140575655496801);
#2342=CIRCLE('',#3177,0.0140575655496801);
#2343=CIRCLE('',#3178,0.0141191301779916);
#2344=CIRCLE('',#3180,0.0120417436452935);
#2345=CIRCLE('',#3182,0.0116379952423451);
#2346=CIRCLE('',#3183,0.0116379952423451);
#2347=CIRCLE('',#3185,0.0140575655496801);
#2348=CIRCLE('',#3188,0.0120417436452935);
#2349=CIRCLE('',#3190,0.0120417436452935);
#2350=CIRCLE('',#3201,0.0120417436452935);
#2351=CIRCLE('',#3202,0.0120417436452935);
#2352=CIRCLE('',#3205,0.0140575655496801);
#2353=CIRCLE('',#3210,0.0120417436452935);
#2354=CIRCLE('',#3211,0.0120417436452935);
#2355=CIRCLE('',#3213,0.0140575655496801);
#2356=CIRCLE('',#3215,0.0140575655496801);
#2357=EDGE_LOOP('',(#543,#544,#545,#546));
#2358=EDGE_LOOP('',(#547,#548,#549,#550));
#2359=EDGE_LOOP('',(#551,#552,#553,#554));
#2360=EDGE_LOOP('',(#555,#556,#557,#558));
#2361=EDGE_LOOP('',(#559,#560,#561,#562));
#2362=EDGE_LOOP('',(#563,#564,#565,#566,#567,#568,#569,#570));
#2363=EDGE_LOOP('',(#571,#572,#573,#574));
#2364=EDGE_LOOP('',(#575,#576,#577,#578,#579,#580,#581,#582));
#2365=EDGE_LOOP('',(#583,#584,#585,#586));
#2366=EDGE_LOOP('',(#587,#588,#589,#590));
#2367=EDGE_LOOP('',(#591,#592,#593,#594));
#2368=EDGE_LOOP('',(#595,#596,#597,#598,#599,#600,#601,#602,#603,#604,#605,
#606,#607,#608,#609,#610,#611,#612));
#2369=EDGE_LOOP('',(#613,#614,#615,#616,#617));
#2370=EDGE_LOOP('',(#618,#619,#620,#621,#622));
#2371=EDGE_LOOP('',(#623,#624,#625,#626));
#2372=EDGE_LOOP('',(#627,#628,#629,#630));
#2373=EDGE_LOOP('',(#631,#632,#633,#634));
#2374=EDGE_LOOP('',(#635,#636,#637,#638));
#2375=EDGE_LOOP('',(#639,#640,#641,#642));
#2376=EDGE_LOOP('',(#643,#644,#645,#646,#647,#648,#649,#650));
#2377=EDGE_LOOP('',(#651,#652,#653,#654));
#2378=EDGE_LOOP('',(#655,#656,#657,#658,#659,#660,#661,#662));
#2379=EDGE_LOOP('',(#663,#664,#665,#666));
#2380=EDGE_LOOP('',(#667,#668,#669,#670));
#2381=EDGE_LOOP('',(#671,#672,#673,#674));
#2382=EDGE_LOOP('',(#675,#676,#677,#678,#679,#680,#681,#682,#683,#684,#685,
#686,#687,#688,#689,#690,#691,#692));
#2383=EDGE_LOOP('',(#693,#694,#695,#696,#697));
#2384=EDGE_LOOP('',(#698,#699,#700,#701,#702));
#2385=EDGE_LOOP('',(#703,#704,#705,#706));
#2386=EDGE_LOOP('',(#707,#708,#709,#710));
#2387=EDGE_LOOP('',(#711,#712,#713,#714));
#2388=EDGE_LOOP('',(#715,#716,#717,#718));
#2389=EDGE_LOOP('',(#719,#720,#721,#722));
#2390=EDGE_LOOP('',(#723,#724,#725,#726,#727,#728,#729,#730));
#2391=EDGE_LOOP('',(#731,#732,#733,#734));
#2392=EDGE_LOOP('',(#735,#736,#737,#738,#739,#740,#741,#742));
#2393=EDGE_LOOP('',(#743,#744,#745,#746));
#2394=EDGE_LOOP('',(#747,#748,#749,#750));
#2395=EDGE_LOOP('',(#751,#752,#753,#754));
#2396=EDGE_LOOP('',(#755,#756,#757,#758,#759,#760,#761,#762,#763,#764,#765,
#766,#767,#768,#769,#770,#771,#772));
#2397=EDGE_LOOP('',(#773,#774,#775,#776,#777));
#2398=EDGE_LOOP('',(#778,#779,#780,#781,#782));
#2399=EDGE_LOOP('',(#783,#784,#785,#786));
#2400=EDGE_LOOP('',(#787,#788,#789,#790));
#2401=EDGE_LOOP('',(#791,#792,#793,#794));
#2402=EDGE_LOOP('',(#795,#796,#797,#798));
#2403=EDGE_LOOP('',(#799,#800,#801,#802));
#2404=EDGE_LOOP('',(#803,#804,#805,#806,#807,#808,#809,#810));
#2405=EDGE_LOOP('',(#811,#812,#813,#814));
#2406=EDGE_LOOP('',(#815,#816,#817,#818,#819,#820,#821,#822));
#2407=EDGE_LOOP('',(#823,#824,#825,#826));
#2408=EDGE_LOOP('',(#827,#828,#829,#830));
#2409=EDGE_LOOP('',(#831,#832,#833,#834));
#2410=EDGE_LOOP('',(#835,#836,#837,#838,#839,#840,#841,#842,#843,#844,#845,
#846,#847,#848,#849,#850,#851,#852));
#2411=EDGE_LOOP('',(#853,#854,#855,#856,#857));
#2412=EDGE_LOOP('',(#858,#859,#860,#861,#862));
#2413=EDGE_LOOP('',(#863,#864,#865,#866));
#2414=EDGE_LOOP('',(#867,#868,#869,#870));
#2415=EDGE_LOOP('',(#871,#872,#873,#874));
#2416=EDGE_LOOP('',(#875,#876,#877,#878));
#2417=EDGE_LOOP('',(#879,#880,#881,#882));
#2418=EDGE_LOOP('',(#883,#884,#885,#886,#887,#888,#889,#890));
#2419=EDGE_LOOP('',(#891,#892,#893,#894));
#2420=EDGE_LOOP('',(#895,#896,#897,#898,#899,#900,#901,#902));
#2421=EDGE_LOOP('',(#903,#904,#905,#906));
#2422=EDGE_LOOP('',(#907,#908,#909,#910));
#2423=EDGE_LOOP('',(#911,#912,#913,#914));
#2424=EDGE_LOOP('',(#915,#916,#917,#918,#919,#920,#921,#922,#923,#924,#925,
#926,#927,#928,#929,#930,#931,#932));
#2425=EDGE_LOOP('',(#933,#934,#935,#936,#937));
#2426=EDGE_LOOP('',(#938,#939,#940,#941,#942));
#2427=EDGE_LOOP('',(#943,#944,#945,#946));
#2428=EDGE_LOOP('',(#947,#948,#949,#950));
#2429=EDGE_LOOP('',(#951,#952,#953,#954));
#2430=EDGE_LOOP('',(#955,#956,#957,#958));
#2431=EDGE_LOOP('',(#959,#960,#961,#962));
#2432=EDGE_LOOP('',(#963,#964,#965,#966,#967,#968,#969,#970));
#2433=EDGE_LOOP('',(#971,#972,#973,#974));
#2434=EDGE_LOOP('',(#975,#976,#977,#978,#979,#980,#981,#982));
#2435=EDGE_LOOP('',(#983,#984,#985,#986));
#2436=EDGE_LOOP('',(#987,#988,#989,#990));
#2437=EDGE_LOOP('',(#991,#992,#993,#994));
#2438=EDGE_LOOP('',(#995,#996,#997,#998,#999,#1000,#1001,#1002,#1003,#1004,
#1005,#1006,#1007,#1008,#1009,#1010,#1011,#1012));
#2439=EDGE_LOOP('',(#1013,#1014,#1015,#1016,#1017));
#2440=EDGE_LOOP('',(#1018,#1019,#1020,#1021,#1022));
#2441=EDGE_LOOP('',(#1023,#1024,#1025,#1026));
#2442=EDGE_LOOP('',(#1027,#1028,#1029,#1030));
#2443=EDGE_LOOP('',(#1031,#1032,#1033,#1034));
#2444=EDGE_LOOP('',(#1035,#1036,#1037,#1038));
#2445=EDGE_LOOP('',(#1039,#1040,#1041,#1042));
#2446=EDGE_LOOP('',(#1043,#1044,#1045,#1046,#1047,#1048,#1049,#1050));
#2447=EDGE_LOOP('',(#1051,#1052,#1053,#1054));
#2448=EDGE_LOOP('',(#1055,#1056,#1057,#1058,#1059,#1060,#1061,#1062));
#2449=EDGE_LOOP('',(#1063,#1064,#1065,#1066));
#2450=EDGE_LOOP('',(#1067,#1068,#1069,#1070));
#2451=EDGE_LOOP('',(#1071,#1072,#1073,#1074));
#2452=EDGE_LOOP('',(#1075,#1076,#1077,#1078,#1079,#1080,#1081,#1082,#1083,
#1084,#1085,#1086,#1087,#1088,#1089,#1090,#1091,#1092));
#2453=EDGE_LOOP('',(#1093,#1094,#1095,#1096,#1097));
#2454=EDGE_LOOP('',(#1098,#1099,#1100,#1101,#1102));
#2455=EDGE_LOOP('',(#1103,#1104,#1105,#1106));
#2456=EDGE_LOOP('',(#1107,#1108,#1109,#1110));
#2457=EDGE_LOOP('',(#1111,#1112,#1113,#1114));
#2458=EDGE_LOOP('',(#1115,#1116,#1117,#1118));
#2459=EDGE_LOOP('',(#1119,#1120,#1121,#1122));
#2460=EDGE_LOOP('',(#1123,#1124,#1125,#1126,#1127,#1128,#1129,#1130));
#2461=EDGE_LOOP('',(#1131,#1132,#1133,#1134));
#2462=EDGE_LOOP('',(#1135,#1136,#1137,#1138,#1139,#1140,#1141,#1142));
#2463=EDGE_LOOP('',(#1143,#1144,#1145,#1146));
#2464=EDGE_LOOP('',(#1147,#1148,#1149,#1150));
#2465=EDGE_LOOP('',(#1151,#1152,#1153,#1154));
#2466=EDGE_LOOP('',(#1155,#1156,#1157,#1158,#1159,#1160,#1161,#1162,#1163,
#1164,#1165,#1166,#1167,#1168,#1169,#1170,#1171,#1172));
#2467=EDGE_LOOP('',(#1173,#1174,#1175,#1176,#1177));
#2468=EDGE_LOOP('',(#1178,#1179,#1180,#1181,#1182));
#2469=EDGE_LOOP('',(#1183,#1184,#1185,#1186));
#2470=EDGE_LOOP('',(#1187,#1188,#1189,#1190));
#2471=EDGE_LOOP('',(#1191,#1192,#1193,#1194));
#2472=EDGE_LOOP('',(#1195,#1196,#1197,#1198));
#2473=EDGE_LOOP('',(#1199,#1200,#1201,#1202));
#2474=EDGE_LOOP('',(#1203,#1204,#1205,#1206,#1207,#1208,#1209,#1210));
#2475=EDGE_LOOP('',(#1211,#1212,#1213,#1214));
#2476=EDGE_LOOP('',(#1215,#1216,#1217,#1218,#1219,#1220,#1221,#1222));
#2477=EDGE_LOOP('',(#1223,#1224,#1225,#1226));
#2478=EDGE_LOOP('',(#1227,#1228,#1229,#1230));
#2479=EDGE_LOOP('',(#1231,#1232,#1233,#1234));
#2480=EDGE_LOOP('',(#1235,#1236,#1237,#1238,#1239,#1240,#1241,#1242,#1243,
#1244,#1245,#1246,#1247,#1248,#1249,#1250,#1251,#1252));
#2481=EDGE_LOOP('',(#1253,#1254,#1255,#1256,#1257));
#2482=EDGE_LOOP('',(#1258,#1259,#1260,#1261,#1262));
#2483=EDGE_LOOP('',(#1263,#1264,#1265,#1266));
#2484=EDGE_LOOP('',(#1267,#1268,#1269,#1270));
#2485=EDGE_LOOP('',(#1271,#1272,#1273,#1274));
#2486=EDGE_LOOP('',(#1275,#1276,#1277,#1278));
#2487=EDGE_LOOP('',(#1279,#1280,#1281,#1282));
#2488=EDGE_LOOP('',(#1283,#1284,#1285,#1286,#1287,#1288,#1289,#1290));
#2489=EDGE_LOOP('',(#1291,#1292,#1293,#1294));
#2490=EDGE_LOOP('',(#1295,#1296,#1297,#1298,#1299,#1300,#1301,#1302));
#2491=EDGE_LOOP('',(#1303,#1304,#1305,#1306));
#2492=EDGE_LOOP('',(#1307,#1308,#1309,#1310));
#2493=EDGE_LOOP('',(#1311,#1312,#1313,#1314));
#2494=EDGE_LOOP('',(#1315,#1316,#1317,#1318,#1319,#1320,#1321,#1322,#1323,
#1324,#1325,#1326,#1327,#1328,#1329,#1330,#1331,#1332));
#2495=EDGE_LOOP('',(#1333,#1334,#1335,#1336,#1337));
#2496=EDGE_LOOP('',(#1338,#1339,#1340,#1341,#1342));
#2497=EDGE_LOOP('',(#1343,#1344,#1345,#1346));
#2498=EDGE_LOOP('',(#1347,#1348,#1349,#1350,#1351,#1352,#1353,#1354));
#2499=EDGE_LOOP('',(#1355,#1356,#1357,#1358));
#2500=EDGE_LOOP('',(#1359,#1360,#1361,#1362));
#2501=EDGE_LOOP('',(#1363,#1364,#1365,#1366,#1367,#1368,#1369,#1370,#1371,
#1372,#1373,#1374,#1375,#1376,#1377,#1378,#1379,#1380,#1381,#1382,#1383,
#1384));
#2502=EDGE_LOOP('',(#1385));
#2503=EDGE_LOOP('',(#1386));
#2504=EDGE_LOOP('',(#1387));
#2505=EDGE_LOOP('',(#1388,#1389,#1390,#1391,#1392,#1393,#1394,#1395,#1396,
#1397,#1398,#1399,#1400,#1401,#1402,#1403,#1404,#1405,#1406,#1407,#1408,
#1409));
#2506=EDGE_LOOP('',(#1410));
#2507=EDGE_LOOP('',(#1411,#1412,#1413,#1414));
#2508=EDGE_LOOP('',(#1415,#1416,#1417,#1418));
#2509=EDGE_LOOP('',(#1419,#1420,#1421,#1422));
#2510=EDGE_LOOP('',(#1423,#1424,#1425,#1426));
#2511=EDGE_LOOP('',(#1427,#1428,#1429,#1430,#1431,#1432,#1433,#1434));
#2512=EDGE_LOOP('',(#1435,#1436,#1437,#1438,#1439,#1440,#1441,#1442,#1443,
#1444,#1445,#1446,#1447,#1448,#1449,#1450,#1451,#1452));
#2513=EDGE_LOOP('',(#1453,#1454,#1455,#1456));
#2514=EDGE_LOOP('',(#1457,#1458,#1459,#1460));
#2515=EDGE_LOOP('',(#1461,#1462,#1463,#1464,#1465));
#2516=EDGE_LOOP('',(#1466,#1467,#1468,#1469,#1470));
#2517=FACE_BOUND('',#2357,.T.);
#2518=FACE_BOUND('',#2358,.T.);
#2519=FACE_BOUND('',#2359,.T.);
#2520=FACE_BOUND('',#2360,.T.);
#2521=FACE_BOUND('',#2361,.T.);
#2522=FACE_BOUND('',#2362,.T.);
#2523=FACE_BOUND('',#2363,.T.);
#2524=FACE_BOUND('',#2364,.T.);
#2525=FACE_BOUND('',#2365,.T.);
#2526=FACE_BOUND('',#2366,.T.);
#2527=FACE_BOUND('',#2367,.T.);
#2528=FACE_BOUND('',#2368,.T.);
#2529=FACE_BOUND('',#2369,.T.);
#2530=FACE_BOUND('',#2370,.T.);
#2531=FACE_BOUND('',#2371,.T.);
#2532=FACE_BOUND('',#2372,.T.);
#2533=FACE_BOUND('',#2373,.T.);
#2534=FACE_BOUND('',#2374,.T.);
#2535=FACE_BOUND('',#2375,.T.);
#2536=FACE_BOUND('',#2376,.T.);
#2537=FACE_BOUND('',#2377,.T.);
#2538=FACE_BOUND('',#2378,.T.);
#2539=FACE_BOUND('',#2379,.T.);
#2540=FACE_BOUND('',#2380,.T.);
#2541=FACE_BOUND('',#2381,.T.);
#2542=FACE_BOUND('',#2382,.T.);
#2543=FACE_BOUND('',#2383,.T.);
#2544=FACE_BOUND('',#2384,.T.);
#2545=FACE_BOUND('',#2385,.T.);
#2546=FACE_BOUND('',#2386,.T.);
#2547=FACE_BOUND('',#2387,.T.);
#2548=FACE_BOUND('',#2388,.T.);
#2549=FACE_BOUND('',#2389,.T.);
#2550=FACE_BOUND('',#2390,.T.);
#2551=FACE_BOUND('',#2391,.T.);
#2552=FACE_BOUND('',#2392,.T.);
#2553=FACE_BOUND('',#2393,.T.);
#2554=FACE_BOUND('',#2394,.T.);
#2555=FACE_BOUND('',#2395,.T.);
#2556=FACE_BOUND('',#2396,.T.);
#2557=FACE_BOUND('',#2397,.T.);
#2558=FACE_BOUND('',#2398,.T.);
#2559=FACE_BOUND('',#2399,.T.);
#2560=FACE_BOUND('',#2400,.T.);
#2561=FACE_BOUND('',#2401,.T.);
#2562=FACE_BOUND('',#2402,.T.);
#2563=FACE_BOUND('',#2403,.T.);
#2564=FACE_BOUND('',#2404,.T.);
#2565=FACE_BOUND('',#2405,.T.);
#2566=FACE_BOUND('',#2406,.T.);
#2567=FACE_BOUND('',#2407,.T.);
#2568=FACE_BOUND('',#2408,.T.);
#2569=FACE_BOUND('',#2409,.T.);
#2570=FACE_BOUND('',#2410,.T.);
#2571=FACE_BOUND('',#2411,.T.);
#2572=FACE_BOUND('',#2412,.T.);
#2573=FACE_BOUND('',#2413,.T.);
#2574=FACE_BOUND('',#2414,.T.);
#2575=FACE_BOUND('',#2415,.T.);
#2576=FACE_BOUND('',#2416,.T.);
#2577=FACE_BOUND('',#2417,.T.);
#2578=FACE_BOUND('',#2418,.T.);
#2579=FACE_BOUND('',#2419,.T.);
#2580=FACE_BOUND('',#2420,.T.);
#2581=FACE_BOUND('',#2421,.T.);
#2582=FACE_BOUND('',#2422,.T.);
#2583=FACE_BOUND('',#2423,.T.);
#2584=FACE_BOUND('',#2424,.T.);
#2585=FACE_BOUND('',#2425,.T.);
#2586=FACE_BOUND('',#2426,.T.);
#2587=FACE_BOUND('',#2427,.T.);
#2588=FACE_BOUND('',#2428,.T.);
#2589=FACE_BOUND('',#2429,.T.);
#2590=FACE_BOUND('',#2430,.T.);
#2591=FACE_BOUND('',#2431,.T.);
#2592=FACE_BOUND('',#2432,.T.);
#2593=FACE_BOUND('',#2433,.T.);
#2594=FACE_BOUND('',#2434,.T.);
#2595=FACE_BOUND('',#2435,.T.);
#2596=FACE_BOUND('',#2436,.T.);
#2597=FACE_BOUND('',#2437,.T.);
#2598=FACE_BOUND('',#2438,.T.);
#2599=FACE_BOUND('',#2439,.T.);
#2600=FACE_BOUND('',#2440,.T.);
#2601=FACE_BOUND('',#2441,.T.);
#2602=FACE_BOUND('',#2442,.T.);
#2603=FACE_BOUND('',#2443,.T.);
#2604=FACE_BOUND('',#2444,.T.);
#2605=FACE_BOUND('',#2445,.T.);
#2606=FACE_BOUND('',#2446,.T.);
#2607=FACE_BOUND('',#2447,.T.);
#2608=FACE_BOUND('',#2448,.T.);
#2609=FACE_BOUND('',#2449,.T.);
#2610=FACE_BOUND('',#2450,.T.);
#2611=FACE_BOUND('',#2451,.T.);
#2612=FACE_BOUND('',#2452,.T.);
#2613=FACE_BOUND('',#2453,.T.);
#2614=FACE_BOUND('',#2454,.T.);
#2615=FACE_BOUND('',#2455,.T.);
#2616=FACE_BOUND('',#2456,.T.);
#2617=FACE_BOUND('',#2457,.T.);
#2618=FACE_BOUND('',#2458,.T.);
#2619=FACE_BOUND('',#2459,.T.);
#2620=FACE_BOUND('',#2460,.T.);
#2621=FACE_BOUND('',#2461,.T.);
#2622=FACE_BOUND('',#2462,.T.);
#2623=FACE_BOUND('',#2463,.T.);
#2624=FACE_BOUND('',#2464,.T.);
#2625=FACE_BOUND('',#2465,.T.);
#2626=FACE_BOUND('',#2466,.T.);
#2627=FACE_BOUND('',#2467,.T.);
#2628=FACE_BOUND('',#2468,.T.);
#2629=FACE_BOUND('',#2469,.T.);
#2630=FACE_BOUND('',#2470,.T.);
#2631=FACE_BOUND('',#2471,.T.);
#2632=FACE_BOUND('',#2472,.T.);
#2633=FACE_BOUND('',#2473,.T.);
#2634=FACE_BOUND('',#2474,.T.);
#2635=FACE_BOUND('',#2475,.T.);
#2636=FACE_BOUND('',#2476,.T.);
#2637=FACE_BOUND('',#2477,.T.);
#2638=FACE_BOUND('',#2478,.T.);
#2639=FACE_BOUND('',#2479,.T.);
#2640=FACE_BOUND('',#2480,.T.);
#2641=FACE_BOUND('',#2481,.T.);
#2642=FACE_BOUND('',#2482,.T.);
#2643=FACE_BOUND('',#2483,.T.);
#2644=FACE_BOUND('',#2484,.T.);
#2645=FACE_BOUND('',#2485,.T.);
#2646=FACE_BOUND('',#2486,.T.);
#2647=FACE_BOUND('',#2487,.T.);
#2648=FACE_BOUND('',#2488,.T.);
#2649=FACE_BOUND('',#2489,.T.);
#2650=FACE_BOUND('',#2490,.T.);
#2651=FACE_BOUND('',#2491,.T.);
#2652=FACE_BOUND('',#2492,.T.);
#2653=FACE_BOUND('',#2493,.T.);
#2654=FACE_BOUND('',#2494,.T.);
#2655=FACE_BOUND('',#2495,.T.);
#2656=FACE_BOUND('',#2496,.T.);
#2657=FACE_BOUND('',#2497,.T.);
#2658=FACE_BOUND('',#2498,.T.);
#2659=FACE_BOUND('',#2499,.T.);
#2660=FACE_BOUND('',#2500,.T.);
#2661=FACE_BOUND('',#2501,.T.);
#2662=FACE_BOUND('',#2502,.T.);
#2663=FACE_BOUND('',#2503,.T.);
#2664=FACE_BOUND('',#2504,.T.);
#2665=FACE_BOUND('',#2505,.T.);
#2666=FACE_BOUND('',#2506,.T.);
#2667=FACE_BOUND('',#2507,.T.);
#2668=FACE_BOUND('',#2508,.T.);
#2669=FACE_BOUND('',#2509,.T.);
#2670=FACE_BOUND('',#2510,.T.);
#2671=FACE_BOUND('',#2511,.T.);
#2672=FACE_BOUND('',#2512,.T.);
#2673=FACE_BOUND('',#2513,.T.);
#2674=FACE_BOUND('',#2514,.T.);
#2675=FACE_BOUND('',#2515,.T.);
#2676=FACE_BOUND('',#2516,.T.);
#2677=TOROIDAL_SURFACE('',#2913,0.0150575655496801,0.001);
#2678=TOROIDAL_SURFACE('',#2916,0.0125897277878024,0.00162970216297253);
#2679=TOROIDAL_SURFACE('',#2919,0.0150575655496801,0.001);
#2680=TOROIDAL_SURFACE('',#2922,0.0110417436452936,0.001);
#2681=TOROIDAL_SURFACE('',#2925,0.0126121088344678,0.00163002730428828);
#2682=TOROIDAL_SURFACE('',#2935,0.0110417436452936,0.001);
#2683=TOROIDAL_SURFACE('',#2948,0.0150575655496801,0.001);
#2684=TOROIDAL_SURFACE('',#2951,0.0125897277878024,0.00162970216297253);
#2685=TOROIDAL_SURFACE('',#2952,0.0150575655496801,0.001);
#2686=TOROIDAL_SURFACE('',#2955,0.0110417436452936,0.001);
#2687=TOROIDAL_SURFACE('',#2957,0.0126121088344686,0.00163002730428893);
#2688=TOROIDAL_SURFACE('',#2965,0.0110417436452936,0.001);
#2689=TOROIDAL_SURFACE('',#2976,0.0150575655496801,0.001);
#2690=TOROIDAL_SURFACE('',#2979,0.0125897277878024,0.00162970216297253);
#2691=TOROIDAL_SURFACE('',#2980,0.0150575655496801,0.001);
#2692=TOROIDAL_SURFACE('',#2983,0.0110417436452936,0.001);
#2693=TOROIDAL_SURFACE('',#2985,0.0126121088344678,0.00163002730428828);
#2694=TOROIDAL_SURFACE('',#2993,0.0110417436452936,0.001);
#2695=TOROIDAL_SURFACE('',#3004,0.0150575655496801,0.001);
#2696=TOROIDAL_SURFACE('',#3007,0.0125897277878024,0.00162970216297253);
#2697=TOROIDAL_SURFACE('',#3008,0.0150575655496801,0.001);
#2698=TOROIDAL_SURFACE('',#3011,0.0110417436452936,0.001);
#2699=TOROIDAL_SURFACE('',#3013,0.0126121088344678,0.00163002730428828);
#2700=TOROIDAL_SURFACE('',#3021,0.0110417436452936,0.001);
#2701=TOROIDAL_SURFACE('',#3032,0.0150575655496801,0.001);
#2702=TOROIDAL_SURFACE('',#3035,0.0125897277878024,0.00162970216297253);
#2703=TOROIDAL_SURFACE('',#3036,0.0150575655496801,0.001);
#2704=TOROIDAL_SURFACE('',#3039,0.0110417436452936,0.001);
#2705=TOROIDAL_SURFACE('',#3041,0.0126121088344678,0.00163002730428828);
#2706=TOROIDAL_SURFACE('',#3049,0.0110417436452936,0.001);
#2707=TOROIDAL_SURFACE('',#3060,0.0150575655496801,0.001);
#2708=TOROIDAL_SURFACE('',#3063,0.0125897277878024,0.00162970216297252);
#2709=TOROIDAL_SURFACE('',#3064,0.0150575655496801,0.001);
#2710=TOROIDAL_SURFACE('',#3067,0.0110417436452936,0.001);
#2711=TOROIDAL_SURFACE('',#3069,0.0126121088344678,0.00163002730428828);
#2712=TOROIDAL_SURFACE('',#3077,0.0110417436452936,0.001);
#2713=TOROIDAL_SURFACE('',#3088,0.0150575655496801,0.001);
#2714=TOROIDAL_SURFACE('',#3091,0.0125897277878024,0.00162970216297253);
#2715=TOROIDAL_SURFACE('',#3092,0.0150575655496801,0.001);
#2716=TOROIDAL_SURFACE('',#3095,0.0110417436452936,0.001);
#2717=TOROIDAL_SURFACE('',#3097,0.0126121088344686,0.00163002730428893);
#2718=TOROIDAL_SURFACE('',#3105,0.0110417436452936,0.001);
#2719=TOROIDAL_SURFACE('',#3116,0.0150575655496801,0.001);
#2720=TOROIDAL_SURFACE('',#3119,0.0125897277878024,0.00162970216297253);
#2721=TOROIDAL_SURFACE('',#3120,0.0150575655496801,0.001);
#2722=TOROIDAL_SURFACE('',#3123,0.0110417436452936,0.001);
#2723=TOROIDAL_SURFACE('',#3125,0.012612108834468,0.00163002730428843);
#2724=TOROIDAL_SURFACE('',#3133,0.0110417436452936,0.001);
#2725=TOROIDAL_SURFACE('',#3144,0.0150575655496801,0.001);
#2726=TOROIDAL_SURFACE('',#3147,0.0125897277878024,0.00162970216297253);
#2727=TOROIDAL_SURFACE('',#3148,0.0150575655496801,0.001);
#2728=TOROIDAL_SURFACE('',#3151,0.0110417436452936,0.001);
#2729=TOROIDAL_SURFACE('',#3153,0.0126121088344686,0.00163002730428893);
#2730=TOROIDAL_SURFACE('',#3161,0.0110417436452936,0.001);
#2731=TOROIDAL_SURFACE('',#3172,0.0150575655496801,0.001);
#2732=TOROIDAL_SURFACE('',#3175,0.0125897277878024,0.00162970216297252);
#2733=TOROIDAL_SURFACE('',#3176,0.0150575655496801,0.001);
#2734=TOROIDAL_SURFACE('',#3179,0.0110417436452936,0.001);
#2735=TOROIDAL_SURFACE('',#3181,0.0126121088344678,0.00163002730428828);
#2736=TOROIDAL_SURFACE('',#3189,0.0110417436452936,0.001);
#2737=TOROIDAL_SURFACE('',#3208,0.0125897277878024,0.00162970216297253);
#2738=TOROIDAL_SURFACE('',#3216,0.0126121088344678,0.00163002730428828);
#2739=TOROIDAL_SURFACE('',#3217,0.0150575655496801,0.001);
#2740=TOROIDAL_SURFACE('',#3218,0.0110417436452936,0.001);
#2741=TOROIDAL_SURFACE('',#3219,0.0150575655496801,0.001);
#2742=TOROIDAL_SURFACE('',#3220,0.0110417436452936,0.001);
#2743=ADVANCED_FACE('',(#2517),#2677,.F.);
#2744=ADVANCED_FACE('',(#2518),#2678,.T.);
#2745=ADVANCED_FACE('',(#2519),#2679,.F.);
#2746=ADVANCED_FACE('',(#2520),#2680,.F.);
#2747=ADVANCED_FACE('',(#2521),#2681,.T.);
#2748=ADVANCED_FACE('',(#2522),#288,.T.);
#2749=ADVANCED_FACE('',(#2523),#12,.F.);
#2750=ADVANCED_FACE('',(#2524),#2682,.F.);
#2751=ADVANCED_FACE('',(#2525),#289,.F.);
#2752=ADVANCED_FACE('',(#2526),#13,.T.);
#2753=ADVANCED_FACE('',(#2527),#14,.F.);
#2754=ADVANCED_FACE('',(#2528),#290,.F.);
#2755=ADVANCED_FACE('',(#2529),#15,.T.);
#2756=ADVANCED_FACE('',(#2530),#16,.F.);
#2757=ADVANCED_FACE('',(#2531),#2683,.F.);
#2758=ADVANCED_FACE('',(#2532),#2684,.T.);
#2759=ADVANCED_FACE('',(#2533),#2685,.F.);
#2760=ADVANCED_FACE('',(#2534),#2686,.F.);
#2761=ADVANCED_FACE('',(#2535),#2687,.T.);
#2762=ADVANCED_FACE('',(#2536),#291,.T.);
#2763=ADVANCED_FACE('',(#2537),#17,.F.);
#2764=ADVANCED_FACE('',(#2538),#2688,.F.);
#2765=ADVANCED_FACE('',(#2539),#292,.F.);
#2766=ADVANCED_FACE('',(#2540),#18,.T.);
#2767=ADVANCED_FACE('',(#2541),#19,.F.);
#2768=ADVANCED_FACE('',(#2542),#293,.F.);
#2769=ADVANCED_FACE('',(#2543),#20,.T.);
#2770=ADVANCED_FACE('',(#2544),#21,.F.);
#2771=ADVANCED_FACE('',(#2545),#2689,.F.);
#2772=ADVANCED_FACE('',(#2546),#2690,.T.);
#2773=ADVANCED_FACE('',(#2547),#2691,.F.);
#2774=ADVANCED_FACE('',(#2548),#2692,.F.);
#2775=ADVANCED_FACE('',(#2549),#2693,.T.);
#2776=ADVANCED_FACE('',(#2550),#294,.T.);
#2777=ADVANCED_FACE('',(#2551),#22,.F.);
#2778=ADVANCED_FACE('',(#2552),#2694,.F.);
#2779=ADVANCED_FACE('',(#2553),#295,.F.);
#2780=ADVANCED_FACE('',(#2554),#23,.T.);
#2781=ADVANCED_FACE('',(#2555),#24,.F.);
#2782=ADVANCED_FACE('',(#2556),#296,.F.);
#2783=ADVANCED_FACE('',(#2557),#25,.T.);
#2784=ADVANCED_FACE('',(#2558),#26,.F.);
#2785=ADVANCED_FACE('',(#2559),#2695,.F.);
#2786=ADVANCED_FACE('',(#2560),#2696,.T.);
#2787=ADVANCED_FACE('',(#2561),#2697,.F.);
#2788=ADVANCED_FACE('',(#2562),#2698,.F.);
#2789=ADVANCED_FACE('',(#2563),#2699,.T.);
#2790=ADVANCED_FACE('',(#2564),#297,.T.);
#2791=ADVANCED_FACE('',(#2565),#27,.F.);
#2792=ADVANCED_FACE('',(#2566),#2700,.F.);
#2793=ADVANCED_FACE('',(#2567),#298,.F.);
#2794=ADVANCED_FACE('',(#2568),#28,.T.);
#2795=ADVANCED_FACE('',(#2569),#29,.F.);
#2796=ADVANCED_FACE('',(#2570),#299,.F.);
#2797=ADVANCED_FACE('',(#2571),#30,.T.);
#2798=ADVANCED_FACE('',(#2572),#31,.F.);
#2799=ADVANCED_FACE('',(#2573),#2701,.F.);
#2800=ADVANCED_FACE('',(#2574),#2702,.T.);
#2801=ADVANCED_FACE('',(#2575),#2703,.F.);
#2802=ADVANCED_FACE('',(#2576),#2704,.F.);
#2803=ADVANCED_FACE('',(#2577),#2705,.T.);
#2804=ADVANCED_FACE('',(#2578),#300,.T.);
#2805=ADVANCED_FACE('',(#2579),#32,.F.);
#2806=ADVANCED_FACE('',(#2580),#2706,.F.);
#2807=ADVANCED_FACE('',(#2581),#301,.F.);
#2808=ADVANCED_FACE('',(#2582),#33,.T.);
#2809=ADVANCED_FACE('',(#2583),#34,.F.);
#2810=ADVANCED_FACE('',(#2584),#302,.F.);
#2811=ADVANCED_FACE('',(#2585),#35,.T.);
#2812=ADVANCED_FACE('',(#2586),#36,.F.);
#2813=ADVANCED_FACE('',(#2587),#2707,.F.);
#2814=ADVANCED_FACE('',(#2588),#2708,.T.);
#2815=ADVANCED_FACE('',(#2589),#2709,.F.);
#2816=ADVANCED_FACE('',(#2590),#2710,.F.);
#2817=ADVANCED_FACE('',(#2591),#2711,.T.);
#2818=ADVANCED_FACE('',(#2592),#303,.T.);
#2819=ADVANCED_FACE('',(#2593),#37,.F.);
#2820=ADVANCED_FACE('',(#2594),#2712,.F.);
#2821=ADVANCED_FACE('',(#2595),#304,.F.);
#2822=ADVANCED_FACE('',(#2596),#38,.T.);
#2823=ADVANCED_FACE('',(#2597),#39,.F.);
#2824=ADVANCED_FACE('',(#2598),#305,.F.);
#2825=ADVANCED_FACE('',(#2599),#40,.T.);
#2826=ADVANCED_FACE('',(#2600),#41,.F.);
#2827=ADVANCED_FACE('',(#2601),#2713,.F.);
#2828=ADVANCED_FACE('',(#2602),#2714,.T.);
#2829=ADVANCED_FACE('',(#2603),#2715,.F.);
#2830=ADVANCED_FACE('',(#2604),#2716,.F.);
#2831=ADVANCED_FACE('',(#2605),#2717,.T.);
#2832=ADVANCED_FACE('',(#2606),#306,.T.);
#2833=ADVANCED_FACE('',(#2607),#42,.F.);
#2834=ADVANCED_FACE('',(#2608),#2718,.F.);
#2835=ADVANCED_FACE('',(#2609),#307,.F.);
#2836=ADVANCED_FACE('',(#2610),#43,.T.);
#2837=ADVANCED_FACE('',(#2611),#44,.F.);
#2838=ADVANCED_FACE('',(#2612),#308,.F.);
#2839=ADVANCED_FACE('',(#2613),#45,.T.);
#2840=ADVANCED_FACE('',(#2614),#46,.F.);
#2841=ADVANCED_FACE('',(#2615),#2719,.F.);
#2842=ADVANCED_FACE('',(#2616),#2720,.T.);
#2843=ADVANCED_FACE('',(#2617),#2721,.F.);
#2844=ADVANCED_FACE('',(#2618),#2722,.F.);
#2845=ADVANCED_FACE('',(#2619),#2723,.T.);
#2846=ADVANCED_FACE('',(#2620),#309,.T.);
#2847=ADVANCED_FACE('',(#2621),#47,.F.);
#2848=ADVANCED_FACE('',(#2622),#2724,.F.);
#2849=ADVANCED_FACE('',(#2623),#310,.F.);
#2850=ADVANCED_FACE('',(#2624),#48,.T.);
#2851=ADVANCED_FACE('',(#2625),#49,.F.);
#2852=ADVANCED_FACE('',(#2626),#311,.F.);
#2853=ADVANCED_FACE('',(#2627),#50,.T.);
#2854=ADVANCED_FACE('',(#2628),#51,.F.);
#2855=ADVANCED_FACE('',(#2629),#2725,.F.);
#2856=ADVANCED_FACE('',(#2630),#2726,.T.);
#2857=ADVANCED_FACE('',(#2631),#2727,.F.);
#2858=ADVANCED_FACE('',(#2632),#2728,.F.);
#2859=ADVANCED_FACE('',(#2633),#2729,.T.);
#2860=ADVANCED_FACE('',(#2634),#312,.T.);
#2861=ADVANCED_FACE('',(#2635),#52,.F.);
#2862=ADVANCED_FACE('',(#2636),#2730,.F.);
#2863=ADVANCED_FACE('',(#2637),#313,.F.);
#2864=ADVANCED_FACE('',(#2638),#53,.T.);
#2865=ADVANCED_FACE('',(#2639),#54,.F.);
#2866=ADVANCED_FACE('',(#2640),#314,.F.);
#2867=ADVANCED_FACE('',(#2641),#55,.T.);
#2868=ADVANCED_FACE('',(#2642),#56,.F.);
#2869=ADVANCED_FACE('',(#2643),#2731,.F.);
#2870=ADVANCED_FACE('',(#2644),#2732,.T.);
#2871=ADVANCED_FACE('',(#2645),#2733,.F.);
#2872=ADVANCED_FACE('',(#2646),#2734,.F.);
#2873=ADVANCED_FACE('',(#2647),#2735,.T.);
#2874=ADVANCED_FACE('',(#2648),#315,.T.);
#2875=ADVANCED_FACE('',(#2649),#57,.F.);
#2876=ADVANCED_FACE('',(#2650),#2736,.F.);
#2877=ADVANCED_FACE('',(#2651),#316,.F.);
#2878=ADVANCED_FACE('',(#2652),#58,.T.);
#2879=ADVANCED_FACE('',(#2653),#59,.F.);
#2880=ADVANCED_FACE('',(#2654),#317,.F.);
#2881=ADVANCED_FACE('',(#2655),#60,.T.);
#2882=ADVANCED_FACE('',(#2656),#61,.F.);
#2883=ADVANCED_FACE('',(#2657),#318,.F.);
#2884=ADVANCED_FACE('',(#2658),#319,.T.);
#2885=ADVANCED_FACE('',(#2659),#62,.F.);
#2886=ADVANCED_FACE('',(#2660),#2737,.T.);
#2887=ADVANCED_FACE('',(#2661,#2662),#320,.F.);
#2888=ADVANCED_FACE('',(#2663,#2664),#63,.T.);
#2889=ADVANCED_FACE('',(#2665,#2666),#321,.T.);
#2890=ADVANCED_FACE('',(#2667),#2738,.T.);
#2891=ADVANCED_FACE('',(#2668),#2739,.F.);
#2892=ADVANCED_FACE('',(#2669),#2740,.F.);
#2893=ADVANCED_FACE('',(#2670),#2741,.F.);
#2894=ADVANCED_FACE('',(#2671),#2742,.F.);
#2895=ADVANCED_FACE('',(#2672),#322,.F.);
#2896=ADVANCED_FACE('',(#2673),#64,.F.);
#2897=ADVANCED_FACE('',(#2674),#65,.T.);
#2898=ADVANCED_FACE('',(#2675),#66,.T.);
#2899=ADVANCED_FACE('',(#2676),#67,.F.);
#2900=CLOSED_SHELL('',(#2743,#2744,#2745,#2746,#2747,#2748,#2749,#2750,
#2751,#2752,#2753,#2754,#2755,#2756,#2757,#2758,#2759,#2760,#2761,#2762,
#2763,#2764,#2765,#2766,#2767,#2768,#2769,#2770,#2771,#2772,#2773,#2774,
#2775,#2776,#2777,#2778,#2779,#2780,#2781,#2782,#2783,#2784,#2785,#2786,
#2787,#2788,#2789,#2790,#2791,#2792,#2793,#2794,#2795,#2796,#2797,#2798,
#2799,#2800,#2801,#2802,#2803,#2804,#2805,#2806,#2807,#2808,#2809,#2810,
#2811,#2812,#2813,#2814,#2815,#2816,#2817,#2818,#2819,#2820,#2821,#2822,
#2823,#2824,#2825,#2826,#2827,#2828,#2829,#2830,#2831,#2832,#2833,#2834,
#2835,#2836,#2837,#2838,#2839,#2840,#2841,#2842,#2843,#2844,#2845,#2846,
#2847,#2848,#2849,#2850,#2851,#2852,#2853,#2854,#2855,#2856,#2857,#2858,
#2859,#2860,#2861,#2862,#2863,#2864,#2865,#2866,#2867,#2868,#2869,#2870,
#2871,#2872,#2873,#2874,#2875,#2876,#2877,#2878,#2879,#2880,#2881,#2882,
#2883,#2884,#2885,#2886,#2887,#2888,#2889,#2890,#2891,#2892,#2893,#2894,
#2895,#2896,#2897,#2898,#2899));
#2901=STYLED_ITEM('',(#2902),#2909);
#2902=PRESENTATION_STYLE_ASSIGNMENT((#2903));
#2903=SURFACE_STYLE_USAGE(.BOTH.,#2904);
#2904=SURFACE_SIDE_STYLE('',(#2905));
#2905=SURFACE_STYLE_FILL_AREA(#2906);
#2906=FILL_AREA_STYLE('',(#2907));
#2907=FILL_AREA_STYLE_COLOUR('',#2908);
#2908=COLOUR_RGB('',0.917647058823529,0.917647058823529,0.917647058823529);
#2909=MANIFOLD_SOLID_BREP('CAGE',#2900);
#2910=SHAPE_DEFINITION_REPRESENTATION(#5650,#2911);
#2911=SHAPE_REPRESENTATION('CAGE',(#2912),#5645);
#2912=AXIS2_PLACEMENT_3D('',#3942,#3226,#3227);
#2913=AXIS2_PLACEMENT_3D('',#3943,#3228,#3229);
#2914=AXIS2_PLACEMENT_3D('',#3944,#3230,#3231);
#2915=AXIS2_PLACEMENT_3D('',#3952,#3232,#3233);
#2916=AXIS2_PLACEMENT_3D('',#3958,#3234,#3235);
#2917=AXIS2_PLACEMENT_3D('',#3959,#3236,#3237);
#2918=AXIS2_PLACEMENT_3D('',#3967,#3238,#3239);
#2919=AXIS2_PLACEMENT_3D('',#3973,#3240,#3241);
#2920=AXIS2_PLACEMENT_3D('',#3974,#3242,#3243);
#2921=AXIS2_PLACEMENT_3D('',#3982,#3244,#3245);
#2922=AXIS2_PLACEMENT_3D('',#3988,#3246,#3247);
#2923=AXIS2_PLACEMENT_3D('',#3989,#3248,#3249);
#2924=AXIS2_PLACEMENT_3D('',#3997,#3250,#3251);
#2925=AXIS2_PLACEMENT_3D('',#4003,#3252,#3253);
#2926=AXIS2_PLACEMENT_3D('',#4004,#3254,#3255);
#2927=AXIS2_PLACEMENT_3D('',#4015,#3256,#3257);
#2928=AXIS2_PLACEMENT_3D('',#4024,#3258,#3259);
#2929=AXIS2_PLACEMENT_3D('',#4025,#3260,#3261);
#2930=AXIS2_PLACEMENT_3D('',#4028,#3262,#3263);
#2931=AXIS2_PLACEMENT_3D('',#4037,#3265,#3266);
#2932=AXIS2_PLACEMENT_3D('',#4046,#3268,#3269);
#2933=AXIS2_PLACEMENT_3D('',#4047,#3270,#3271);
#2934=AXIS2_PLACEMENT_3D('',#4048,#3272,#3273);
#2935=AXIS2_PLACEMENT_3D('',#4053,#3276,#3277);
#2936=AXIS2_PLACEMENT_3D('',#4054,#3278,#3279);
#2937=AXIS2_PLACEMENT_3D('',#4072,#3280,#3281);
#2938=AXIS2_PLACEMENT_3D('',#4088,#3282,#3283);
#2939=AXIS2_PLACEMENT_3D('',#4089,#3284,#3285);
#2940=AXIS2_PLACEMENT_3D('',#4090,#3286,#3287);
#2941=AXIS2_PLACEMENT_3D('',#4091,#3288,#3289);
#2942=AXIS2_PLACEMENT_3D('',#4103,#3293,#3294);
#2943=AXIS2_PLACEMENT_3D('',#4106,#3297,#3298);
#2944=AXIS2_PLACEMENT_3D('',#4152,#3299,#3300);
#2945=AXIS2_PLACEMENT_3D('',#4153,#3301,#3302);
#2946=AXIS2_PLACEMENT_3D('',#4157,#3304,#3305);
#2947=AXIS2_PLACEMENT_3D('',#4163,#3306,#3307);
#2948=AXIS2_PLACEMENT_3D('',#4164,#3308,#3309);
#2949=AXIS2_PLACEMENT_3D('',#4165,#3310,#3311);
#2950=AXIS2_PLACEMENT_3D('',#4173,#3312,#3313);
#2951=AXIS2_PLACEMENT_3D('',#4179,#3314,#3315);
#2952=AXIS2_PLACEMENT_3D('',#4184,#3316,#3317);
#2953=AXIS2_PLACEMENT_3D('',#4185,#3318,#3319);
#2954=AXIS2_PLACEMENT_3D('',#4193,#3320,#3321);
#2955=AXIS2_PLACEMENT_3D('',#4199,#3322,#3323);
#2956=AXIS2_PLACEMENT_3D('',#4205,#3324,#3325);
#2957=AXIS2_PLACEMENT_3D('',#4206,#3326,#3327);
#2958=AXIS2_PLACEMENT_3D('',#4207,#3328,#3329);
#2959=AXIS2_PLACEMENT_3D('',#4218,#3330,#3331);
#2960=AXIS2_PLACEMENT_3D('',#4227,#3332,#3333);
#2961=AXIS2_PLACEMENT_3D('',#4228,#3334,#3335);
#2962=AXIS2_PLACEMENT_3D('',#4237,#3337,#3338);
#2963=AXIS2_PLACEMENT_3D('',#4238,#3339,#3340);
#2964=AXIS2_PLACEMENT_3D('',#4239,#3341,#3342);
#2965=AXIS2_PLACEMENT_3D('',#4242,#3344,#3345);
#2966=AXIS2_PLACEMENT_3D('',#4243,#3346,#3347);
#2967=AXIS2_PLACEMENT_3D('',#4259,#3348,#3349);
#2968=AXIS2_PLACEMENT_3D('',#4260,#3350,#3351);
#2969=AXIS2_PLACEMENT_3D('',#4261,#3352,#3353);
#2970=AXIS2_PLACEMENT_3D('',#4273,#3357,#3358);
#2971=AXIS2_PLACEMENT_3D('',#4276,#3361,#3362);
#2972=AXIS2_PLACEMENT_3D('',#4306,#3363,#3364);
#2973=AXIS2_PLACEMENT_3D('',#4307,#3365,#3366);
#2974=AXIS2_PLACEMENT_3D('',#4311,#3368,#3369);
#2975=AXIS2_PLACEMENT_3D('',#4317,#3370,#3371);
#2976=AXIS2_PLACEMENT_3D('',#4318,#3372,#3373);
#2977=AXIS2_PLACEMENT_3D('',#4319,#3374,#3375);
#2978=AXIS2_PLACEMENT_3D('',#4327,#3376,#3377);
#2979=AXIS2_PLACEMENT_3D('',#4333,#3378,#3379);
#2980=AXIS2_PLACEMENT_3D('',#4338,#3380,#3381);
#2981=AXIS2_PLACEMENT_3D('',#4339,#3382,#3383);
#2982=AXIS2_PLACEMENT_3D('',#4347,#3384,#3385);
#2983=AXIS2_PLACEMENT_3D('',#4353,#3386,#3387);
#2984=AXIS2_PLACEMENT_3D('',#4359,#3388,#3389);
#2985=AXIS2_PLACEMENT_3D('',#4360,#3390,#3391);
#2986=AXIS2_PLACEMENT_3D('',#4361,#3392,#3393);
#2987=AXIS2_PLACEMENT_3D('',#4372,#3394,#3395);
#2988=AXIS2_PLACEMENT_3D('',#4381,#3396,#3397);
#2989=AXIS2_PLACEMENT_3D('',#4382,#3398,#3399);
#2990=AXIS2_PLACEMENT_3D('',#4391,#3401,#3402);
#2991=AXIS2_PLACEMENT_3D('',#4392,#3403,#3404);
#2992=AXIS2_PLACEMENT_3D('',#4393,#3405,#3406);
#2993=AXIS2_PLACEMENT_3D('',#4396,#3408,#3409);
#2994=AXIS2_PLACEMENT_3D('',#4397,#3410,#3411);
#2995=AXIS2_PLACEMENT_3D('',#4413,#3412,#3413);
#2996=AXIS2_PLACEMENT_3D('',#4414,#3414,#3415);
#2997=AXIS2_PLACEMENT_3D('',#4415,#3416,#3417);
#2998=AXIS2_PLACEMENT_3D('',#4427,#3421,#3422);
#2999=AXIS2_PLACEMENT_3D('',#4430,#3425,#3426);
#3000=AXIS2_PLACEMENT_3D('',#4460,#3427,#3428);
#3001=AXIS2_PLACEMENT_3D('',#4461,#3429,#3430);
#3002=AXIS2_PLACEMENT_3D('',#4465,#3432,#3433);
#3003=AXIS2_PLACEMENT_3D('',#4471,#3434,#3435);
#3004=AXIS2_PLACEMENT_3D('',#4472,#3436,#3437);
#3005=AXIS2_PLACEMENT_3D('',#4473,#3438,#3439);
#3006=AXIS2_PLACEMENT_3D('',#4481,#3440,#3441);
#3007=AXIS2_PLACEMENT_3D('',#4487,#3442,#3443);
#3008=AXIS2_PLACEMENT_3D('',#4492,#3444,#3445);
#3009=AXIS2_PLACEMENT_3D('',#4493,#3446,#3447);
#3010=AXIS2_PLACEMENT_3D('',#4501,#3448,#3449);
#3011=AXIS2_PLACEMENT_3D('',#4507,#3450,#3451);
#3012=AXIS2_PLACEMENT_3D('',#4513,#3452,#3453);
#3013=AXIS2_PLACEMENT_3D('',#4514,#3454,#3455);
#3014=AXIS2_PLACEMENT_3D('',#4515,#3456,#3457);
#3015=AXIS2_PLACEMENT_3D('',#4526,#3458,#3459);
#3016=AXIS2_PLACEMENT_3D('',#4535,#3460,#3461);
#3017=AXIS2_PLACEMENT_3D('',#4536,#3462,#3463);
#3018=AXIS2_PLACEMENT_3D('',#4545,#3465,#3466);
#3019=AXIS2_PLACEMENT_3D('',#4546,#3467,#3468);
#3020=AXIS2_PLACEMENT_3D('',#4547,#3469,#3470);
#3021=AXIS2_PLACEMENT_3D('',#4550,#3472,#3473);
#3022=AXIS2_PLACEMENT_3D('',#4551,#3474,#3475);
#3023=AXIS2_PLACEMENT_3D('',#4567,#3476,#3477);
#3024=AXIS2_PLACEMENT_3D('',#4568,#3478,#3479);
#3025=AXIS2_PLACEMENT_3D('',#4569,#3480,#3481);
#3026=AXIS2_PLACEMENT_3D('',#4581,#3485,#3486);
#3027=AXIS2_PLACEMENT_3D('',#4584,#3489,#3490);
#3028=AXIS2_PLACEMENT_3D('',#4614,#3491,#3492);
#3029=AXIS2_PLACEMENT_3D('',#4615,#3493,#3494);
#3030=AXIS2_PLACEMENT_3D('',#4619,#3496,#3497);
#3031=AXIS2_PLACEMENT_3D('',#4625,#3498,#3499);
#3032=AXIS2_PLACEMENT_3D('',#4626,#3500,#3501);
#3033=AXIS2_PLACEMENT_3D('',#4627,#3502,#3503);
#3034=AXIS2_PLACEMENT_3D('',#4635,#3504,#3505);
#3035=AXIS2_PLACEMENT_3D('',#4641,#3506,#3507);
#3036=AXIS2_PLACEMENT_3D('',#4646,#3508,#3509);
#3037=AXIS2_PLACEMENT_3D('',#4647,#3510,#3511);
#3038=AXIS2_PLACEMENT_3D('',#4655,#3512,#3513);
#3039=AXIS2_PLACEMENT_3D('',#4661,#3514,#3515);
#3040=AXIS2_PLACEMENT_3D('',#4667,#3516,#3517);
#3041=AXIS2_PLACEMENT_3D('',#4668,#3518,#3519);
#3042=AXIS2_PLACEMENT_3D('',#4669,#3520,#3521);
#3043=AXIS2_PLACEMENT_3D('',#4680,#3522,#3523);
#3044=AXIS2_PLACEMENT_3D('',#4689,#3524,#3525);
#3045=AXIS2_PLACEMENT_3D('',#4690,#3526,#3527);
#3046=AXIS2_PLACEMENT_3D('',#4699,#3529,#3530);
#3047=AXIS2_PLACEMENT_3D('',#4700,#3531,#3532);
#3048=AXIS2_PLACEMENT_3D('',#4701,#3533,#3534);
#3049=AXIS2_PLACEMENT_3D('',#4704,#3536,#3537);
#3050=AXIS2_PLACEMENT_3D('',#4705,#3538,#3539);
#3051=AXIS2_PLACEMENT_3D('',#4721,#3540,#3541);
#3052=AXIS2_PLACEMENT_3D('',#4722,#3542,#3543);
#3053=AXIS2_PLACEMENT_3D('',#4723,#3544,#3545);
#3054=AXIS2_PLACEMENT_3D('',#4735,#3549,#3550);
#3055=AXIS2_PLACEMENT_3D('',#4738,#3553,#3554);
#3056=AXIS2_PLACEMENT_3D('',#4768,#3555,#3556);
#3057=AXIS2_PLACEMENT_3D('',#4769,#3557,#3558);
#3058=AXIS2_PLACEMENT_3D('',#4773,#3560,#3561);
#3059=AXIS2_PLACEMENT_3D('',#4779,#3562,#3563);
#3060=AXIS2_PLACEMENT_3D('',#4780,#3564,#3565);
#3061=AXIS2_PLACEMENT_3D('',#4781,#3566,#3567);
#3062=AXIS2_PLACEMENT_3D('',#4789,#3568,#3569);
#3063=AXIS2_PLACEMENT_3D('',#4795,#3570,#3571);
#3064=AXIS2_PLACEMENT_3D('',#4800,#3572,#3573);
#3065=AXIS2_PLACEMENT_3D('',#4801,#3574,#3575);
#3066=AXIS2_PLACEMENT_3D('',#4809,#3576,#3577);
#3067=AXIS2_PLACEMENT_3D('',#4815,#3578,#3579);
#3068=AXIS2_PLACEMENT_3D('',#4821,#3580,#3581);
#3069=AXIS2_PLACEMENT_3D('',#4822,#3582,#3583);
#3070=AXIS2_PLACEMENT_3D('',#4823,#3584,#3585);
#3071=AXIS2_PLACEMENT_3D('',#4834,#3586,#3587);
#3072=AXIS2_PLACEMENT_3D('',#4843,#3588,#3589);
#3073=AXIS2_PLACEMENT_3D('',#4844,#3590,#3591);
#3074=AXIS2_PLACEMENT_3D('',#4853,#3593,#3594);
#3075=AXIS2_PLACEMENT_3D('',#4854,#3595,#3596);
#3076=AXIS2_PLACEMENT_3D('',#4855,#3597,#3598);
#3077=AXIS2_PLACEMENT_3D('',#4858,#3600,#3601);
#3078=AXIS2_PLACEMENT_3D('',#4859,#3602,#3603);
#3079=AXIS2_PLACEMENT_3D('',#4875,#3604,#3605);
#3080=AXIS2_PLACEMENT_3D('',#4876,#3606,#3607);
#3081=AXIS2_PLACEMENT_3D('',#4877,#3608,#3609);
#3082=AXIS2_PLACEMENT_3D('',#4889,#3613,#3614);
#3083=AXIS2_PLACEMENT_3D('',#4892,#3617,#3618);
#3084=AXIS2_PLACEMENT_3D('',#4922,#3619,#3620);
#3085=AXIS2_PLACEMENT_3D('',#4923,#3621,#3622);
#3086=AXIS2_PLACEMENT_3D('',#4927,#3624,#3625);
#3087=AXIS2_PLACEMENT_3D('',#4933,#3626,#3627);
#3088=AXIS2_PLACEMENT_3D('',#4934,#3628,#3629);
#3089=AXIS2_PLACEMENT_3D('',#4935,#3630,#3631);
#3090=AXIS2_PLACEMENT_3D('',#4943,#3632,#3633);
#3091=AXIS2_PLACEMENT_3D('',#4949,#3634,#3635);
#3092=AXIS2_PLACEMENT_3D('',#4954,#3636,#3637);
#3093=AXIS2_PLACEMENT_3D('',#4955,#3638,#3639);
#3094=AXIS2_PLACEMENT_3D('',#4963,#3640,#3641);
#3095=AXIS2_PLACEMENT_3D('',#4969,#3642,#3643);
#3096=AXIS2_PLACEMENT_3D('',#4975,#3644,#3645);
#3097=AXIS2_PLACEMENT_3D('',#4976,#3646,#3647);
#3098=AXIS2_PLACEMENT_3D('',#4977,#3648,#3649);
#3099=AXIS2_PLACEMENT_3D('',#4988,#3650,#3651);
#3100=AXIS2_PLACEMENT_3D('',#4997,#3652,#3653);
#3101=AXIS2_PLACEMENT_3D('',#4998,#3654,#3655);
#3102=AXIS2_PLACEMENT_3D('',#5007,#3657,#3658);
#3103=AXIS2_PLACEMENT_3D('',#5008,#3659,#3660);
#3104=AXIS2_PLACEMENT_3D('',#5009,#3661,#3662);
#3105=AXIS2_PLACEMENT_3D('',#5012,#3664,#3665);
#3106=AXIS2_PLACEMENT_3D('',#5013,#3666,#3667);
#3107=AXIS2_PLACEMENT_3D('',#5029,#3668,#3669);
#3108=AXIS2_PLACEMENT_3D('',#5030,#3670,#3671);
#3109=AXIS2_PLACEMENT_3D('',#5031,#3672,#3673);
#3110=AXIS2_PLACEMENT_3D('',#5043,#3677,#3678);
#3111=AXIS2_PLACEMENT_3D('',#5046,#3681,#3682);
#3112=AXIS2_PLACEMENT_3D('',#5076,#3683,#3684);
#3113=AXIS2_PLACEMENT_3D('',#5077,#3685,#3686);
#3114=AXIS2_PLACEMENT_3D('',#5081,#3688,#3689);
#3115=AXIS2_PLACEMENT_3D('',#5087,#3690,#3691);
#3116=AXIS2_PLACEMENT_3D('',#5088,#3692,#3693);
#3117=AXIS2_PLACEMENT_3D('',#5089,#3694,#3695);
#3118=AXIS2_PLACEMENT_3D('',#5097,#3696,#3697);
#3119=AXIS2_PLACEMENT_3D('',#5103,#3698,#3699);
#3120=AXIS2_PLACEMENT_3D('',#5108,#3700,#3701);
#3121=AXIS2_PLACEMENT_3D('',#5109,#3702,#3703);
#3122=AXIS2_PLACEMENT_3D('',#5117,#3704,#3705);
#3123=AXIS2_PLACEMENT_3D('',#5123,#3706,#3707);
#3124=AXIS2_PLACEMENT_3D('',#5129,#3708,#3709);
#3125=AXIS2_PLACEMENT_3D('',#5130,#3710,#3711);
#3126=AXIS2_PLACEMENT_3D('',#5131,#3712,#3713);
#3127=AXIS2_PLACEMENT_3D('',#5142,#3714,#3715);
#3128=AXIS2_PLACEMENT_3D('',#5151,#3716,#3717);
#3129=AXIS2_PLACEMENT_3D('',#5152,#3718,#3719);
#3130=AXIS2_PLACEMENT_3D('',#5161,#3721,#3722);
#3131=AXIS2_PLACEMENT_3D('',#5162,#3723,#3724);
#3132=AXIS2_PLACEMENT_3D('',#5163,#3725,#3726);
#3133=AXIS2_PLACEMENT_3D('',#5166,#3728,#3729);
#3134=AXIS2_PLACEMENT_3D('',#5167,#3730,#3731);
#3135=AXIS2_PLACEMENT_3D('',#5183,#3732,#3733);
#3136=AXIS2_PLACEMENT_3D('',#5184,#3734,#3735);
#3137=AXIS2_PLACEMENT_3D('',#5185,#3736,#3737);
#3138=AXIS2_PLACEMENT_3D('',#5197,#3741,#3742);
#3139=AXIS2_PLACEMENT_3D('',#5200,#3745,#3746);
#3140=AXIS2_PLACEMENT_3D('',#5230,#3747,#3748);
#3141=AXIS2_PLACEMENT_3D('',#5231,#3749,#3750);
#3142=AXIS2_PLACEMENT_3D('',#5235,#3752,#3753);
#3143=AXIS2_PLACEMENT_3D('',#5241,#3754,#3755);
#3144=AXIS2_PLACEMENT_3D('',#5242,#3756,#3757);
#3145=AXIS2_PLACEMENT_3D('',#5243,#3758,#3759);
#3146=AXIS2_PLACEMENT_3D('',#5251,#3760,#3761);
#3147=AXIS2_PLACEMENT_3D('',#5257,#3762,#3763);
#3148=AXIS2_PLACEMENT_3D('',#5262,#3764,#3765);
#3149=AXIS2_PLACEMENT_3D('',#5263,#3766,#3767);
#3150=AXIS2_PLACEMENT_3D('',#5271,#3768,#3769);
#3151=AXIS2_PLACEMENT_3D('',#5277,#3770,#3771);
#3152=AXIS2_PLACEMENT_3D('',#5283,#3772,#3773);
#3153=AXIS2_PLACEMENT_3D('',#5284,#3774,#3775);
#3154=AXIS2_PLACEMENT_3D('',#5285,#3776,#3777);
#3155=AXIS2_PLACEMENT_3D('',#5296,#3778,#3779);
#3156=AXIS2_PLACEMENT_3D('',#5305,#3780,#3781);
#3157=AXIS2_PLACEMENT_3D('',#5306,#3782,#3783);
#3158=AXIS2_PLACEMENT_3D('',#5315,#3785,#3786);
#3159=AXIS2_PLACEMENT_3D('',#5316,#3787,#3788);
#3160=AXIS2_PLACEMENT_3D('',#5317,#3789,#3790);
#3161=AXIS2_PLACEMENT_3D('',#5320,#3792,#3793);
#3162=AXIS2_PLACEMENT_3D('',#5321,#3794,#3795);
#3163=AXIS2_PLACEMENT_3D('',#5337,#3796,#3797);
#3164=AXIS2_PLACEMENT_3D('',#5338,#3798,#3799);
#3165=AXIS2_PLACEMENT_3D('',#5339,#3800,#3801);
#3166=AXIS2_PLACEMENT_3D('',#5351,#3805,#3806);
#3167=AXIS2_PLACEMENT_3D('',#5354,#3809,#3810);
#3168=AXIS2_PLACEMENT_3D('',#5384,#3811,#3812);
#3169=AXIS2_PLACEMENT_3D('',#5385,#3813,#3814);
#3170=AXIS2_PLACEMENT_3D('',#5389,#3816,#3817);
#3171=AXIS2_PLACEMENT_3D('',#5395,#3818,#3819);
#3172=AXIS2_PLACEMENT_3D('',#5396,#3820,#3821);
#3173=AXIS2_PLACEMENT_3D('',#5397,#3822,#3823);
#3174=AXIS2_PLACEMENT_3D('',#5405,#3824,#3825);
#3175=AXIS2_PLACEMENT_3D('',#5411,#3826,#3827);
#3176=AXIS2_PLACEMENT_3D('',#5416,#3828,#3829);
#3177=AXIS2_PLACEMENT_3D('',#5417,#3830,#3831);
#3178=AXIS2_PLACEMENT_3D('',#5425,#3832,#3833);
#3179=AXIS2_PLACEMENT_3D('',#5431,#3834,#3835);
#3180=AXIS2_PLACEMENT_3D('',#5437,#3836,#3837);
#3181=AXIS2_PLACEMENT_3D('',#5438,#3838,#3839);
#3182=AXIS2_PLACEMENT_3D('',#5439,#3840,#3841);
#3183=AXIS2_PLACEMENT_3D('',#5450,#3842,#3843);
#3184=AXIS2_PLACEMENT_3D('',#5459,#3844,#3845);
#3185=AXIS2_PLACEMENT_3D('',#5460,#3846,#3847);
#3186=AXIS2_PLACEMENT_3D('',#5469,#3849,#3850);
#3187=AXIS2_PLACEMENT_3D('',#5470,#3851,#3852);
#3188=AXIS2_PLACEMENT_3D('',#5471,#3853,#3854);
#3189=AXIS2_PLACEMENT_3D('',#5474,#3856,#3857);
#3190=AXIS2_PLACEMENT_3D('',#5475,#3858,#3859);
#3191=AXIS2_PLACEMENT_3D('',#5491,#3860,#3861);
#3192=AXIS2_PLACEMENT_3D('',#5492,#3862,#3863);
#3193=AXIS2_PLACEMENT_3D('',#5493,#3864,#3865);
#3194=AXIS2_PLACEMENT_3D('',#5505,#3869,#3870);
#3195=AXIS2_PLACEMENT_3D('',#5508,#3873,#3874);
#3196=AXIS2_PLACEMENT_3D('',#5538,#3875,#3876);
#3197=AXIS2_PLACEMENT_3D('',#5539,#3877,#3878);
#3198=AXIS2_PLACEMENT_3D('',#5543,#3880,#3881);
#3199=AXIS2_PLACEMENT_3D('',#5549,#3882,#3883);
#3200=AXIS2_PLACEMENT_3D('',#5550,#3884,#3885);
#3201=AXIS2_PLACEMENT_3D('',#5551,#3886,#3887);
#3202=AXIS2_PLACEMENT_3D('',#5553,#3888,#3889);
#3203=AXIS2_PLACEMENT_3D('',#5555,#3890,#3891);
#3204=AXIS2_PLACEMENT_3D('',#5556,#3892,#3893);
#3205=AXIS2_PLACEMENT_3D('',#5557,#3894,#3895);
#3206=AXIS2_PLACEMENT_3D('',#5566,#3897,#3898);
#3207=AXIS2_PLACEMENT_3D('',#5567,#3899,#3900);
#3208=AXIS2_PLACEMENT_3D('',#5569,#3902,#3903);
#3209=AXIS2_PLACEMENT_3D('',#5574,#3904,#3905);
#3210=AXIS2_PLACEMENT_3D('',#5575,#3906,#3907);
#3211=AXIS2_PLACEMENT_3D('',#5582,#3908,#3909);
#3212=AXIS2_PLACEMENT_3D('',#5584,#3910,#3911);
#3213=AXIS2_PLACEMENT_3D('',#5585,#3912,#3913);
#3214=AXIS2_PLACEMENT_3D('',#5587,#3914,#3915);
#3215=AXIS2_PLACEMENT_3D('',#5588,#3916,#3917);
#3216=AXIS2_PLACEMENT_3D('',#5597,#3918,#3919);
#3217=AXIS2_PLACEMENT_3D('',#5605,#3920,#3921);
#3218=AXIS2_PLACEMENT_3D('',#5610,#3922,#3923);
#3219=AXIS2_PLACEMENT_3D('',#5615,#3924,#3925);
#3220=AXIS2_PLACEMENT_3D('',#5620,#3926,#3927);
#3221=AXIS2_PLACEMENT_3D('',#5635,#3928,#3929);
#3222=AXIS2_PLACEMENT_3D('',#5638,#3932,#3933);
#3223=AXIS2_PLACEMENT_3D('',#5640,#3935,#3936);
#3224=AXIS2_PLACEMENT_3D('',#5642,#3938,#3939);
#3225=AXIS2_PLACEMENT_3D('',#5643,#3940,#3941);
#3226=DIRECTION('',(0.,0.,1.));
#3227=DIRECTION('',(1.,0.,0.));
#3228=DIRECTION('',(0.,0.,1.));
#3229=DIRECTION('',(1.,0.,0.));
#3230=DIRECTION('',(0.,0.,1.));
#3231=DIRECTION('',(1.,0.,0.));
#3232=DIRECTION('',(0.,0.,1.));
#3233=DIRECTION('',(1.,0.,0.));
#3234=DIRECTION('',(0.,0.,1.));
#3235=DIRECTION('',(0.732429800294958,-0.680842557159795,0.));
#3236=DIRECTION('',(0.,0.,1.));
#3237=DIRECTION('',(1.,0.,0.));
#3238=DIRECTION('',(0.,0.,1.));
#3239=DIRECTION('',(1.,0.,0.));
#3240=DIRECTION('',(0.,0.,-1.));
#3241=DIRECTION('',(-1.,0.,0.));
#3242=DIRECTION('',(0.,0.,-1.));
#3243=DIRECTION('',(-1.,0.,0.));
#3244=DIRECTION('',(0.,0.,1.));
#3245=DIRECTION('',(1.,0.,0.));
#3246=DIRECTION('',(0.,0.,1.));
#3247=DIRECTION('',(1.,0.,0.));
#3248=DIRECTION('',(0.,0.,1.));
#3249=DIRECTION('',(1.,0.,0.));
#3250=DIRECTION('',(0.,0.,1.));
#3251=DIRECTION('',(1.,0.,0.));
#3252=DIRECTION('',(0.,0.,1.));
#3253=DIRECTION('',(0.732429800294958,-0.680842557159795,0.));
#3254=DIRECTION('',(0.,0.,1.));
#3255=DIRECTION('',(1.,0.,0.));
#3256=DIRECTION('',(0.,0.,1.));
#3257=DIRECTION('',(1.,0.,0.));
#3258=DIRECTION('',(0.,0.,-1.));
#3259=DIRECTION('',(-1.,0.,0.));
#3260=DIRECTION('',(0.,0.,-1.));
#3261=DIRECTION('',(-1.,0.,0.));
#3262=DIRECTION('',(0.707106781186547,0.,0.707106781186548));
#3263=DIRECTION('',(0.707106781186548,0.,-0.707106781186547));
#3264=DIRECTION('',(0.,0.,-1.));
#3265=DIRECTION('',(0.,0.,-1.));
#3266=DIRECTION('',(-1.,0.,0.));
#3267=DIRECTION('',(0.,0.,-1.));
#3268=DIRECTION('',(0.594856077762068,0.382290788209091,-0.707106781186548));
#3269=DIRECTION('',(-0.594856077762068,-0.382290788209092,-0.707106781186547));
#3270=DIRECTION('',(0.,0.,-1.));
#3271=DIRECTION('',(1.,0.,0.));
#3272=DIRECTION('',(0.,0.,-1.));
#3273=DIRECTION('',(-1.,0.,0.));
#3274=DIRECTION('',(0.,1.,0.));
#3275=DIRECTION('',(0.540640817455597,-0.841253532831181,0.));
#3276=DIRECTION('',(0.,0.,-1.));
#3277=DIRECTION('',(-1.,0.,0.));
#3278=DIRECTION('',(0.,0.,-1.));
#3279=DIRECTION('',(-1.,0.,0.));
#3280=DIRECTION('',(0.,0.,1.));
#3281=DIRECTION('',(1.,0.,0.));
#3282=DIRECTION('',(0.,0.,-1.));
#3283=DIRECTION('',(-1.,0.,0.));
#3284=DIRECTION('',(0.707106781186547,0.,0.707106781186548));
#3285=DIRECTION('',(0.707106781186548,0.,-0.707106781186547));
#3286=DIRECTION('',(0.594856077762068,0.382290788209091,-0.707106781186548));
#3287=DIRECTION('',(-0.594856077762068,-0.382290788209092,-0.707106781186547));
#3288=DIRECTION('',(0.841253532831181,0.540640817455597,1.7347234759768E-16));
#3289=DIRECTION('',(1.45934225265068E-16,9.37862318111517E-17,-1.));
#3290=DIRECTION('',(0.,0.,-1.));
#3291=DIRECTION('',(0.540640817455597,-0.841253532831181,0.));
#3292=DIRECTION('',(0.540640817455597,-0.841253532831181,0.));
#3293=DIRECTION('',(0.841253532831181,0.540640817455597,1.7347234759768E-16));
#3294=DIRECTION('',(1.45934225265068E-16,9.37862318111517E-17,-1.));
#3295=DIRECTION('',(-0.540640817455597,0.841253532831181,0.));
#3296=DIRECTION('',(0.540640817455597,-0.841253532831181,0.));
#3297=DIRECTION('',(0.540640817455597,-0.841253532831181,0.));
#3298=DIRECTION('',(0.,0.,-1.));
#3299=DIRECTION('',(0.594856077762068,0.382290788209091,0.707106781186548));
#3300=DIRECTION('',(-0.540640817455597,0.841253532831181,0.));
#3301=DIRECTION('',(0.594856077762068,0.382290788209091,0.707106781186548));
#3302=DIRECTION('',(0.594856077762068,0.382290788209092,-0.707106781186547));
#3303=DIRECTION('',(-0.540640817455597,0.841253532831181,0.));
#3304=DIRECTION('',(0.594856077762068,0.382290788209091,0.707106781186548));
#3305=DIRECTION('',(0.594856077762068,0.382290788209092,-0.707106781186547));
#3306=DIRECTION('',(0.594856077762068,0.382290788209091,-0.707106781186548));
#3307=DIRECTION('',(0.540640817455597,-0.841253532831181,0.));
#3308=DIRECTION('',(0.,0.,1.));
#3309=DIRECTION('',(1.,0.,0.));
#3310=DIRECTION('',(0.,0.,1.));
#3311=DIRECTION('',(1.,0.,0.));
#3312=DIRECTION('',(0.,0.,1.));
#3313=DIRECTION('',(1.,0.,0.));
#3314=DIRECTION('',(0.,0.,1.));
#3315=DIRECTION('',(0.732429800294958,-0.680842557159795,0.));
#3316=DIRECTION('',(0.,0.,-1.));
#3317=DIRECTION('',(-1.,0.,0.));
#3318=DIRECTION('',(0.,0.,-1.));
#3319=DIRECTION('',(-1.,0.,0.));
#3320=DIRECTION('',(0.,0.,1.));
#3321=DIRECTION('',(1.,0.,0.));
#3322=DIRECTION('',(0.,0.,1.));
#3323=DIRECTION('',(1.,0.,0.));
#3324=DIRECTION('',(0.,0.,1.));
#3325=DIRECTION('',(1.,0.,0.));
#3326=DIRECTION('',(0.,0.,1.));
#3327=DIRECTION('',(0.732429800294958,-0.680842557159795,0.));
#3328=DIRECTION('',(0.,0.,1.));
#3329=DIRECTION('',(1.,0.,0.));
#3330=DIRECTION('',(0.,0.,1.));
#3331=DIRECTION('',(1.,0.,0.));
#3332=DIRECTION('',(0.,0.,-1.));
#3333=DIRECTION('',(-1.,0.,0.));
#3334=DIRECTION('',(0.,0.,-1.));
#3335=DIRECTION('',(-1.,0.,0.));
#3336=DIRECTION('',(0.,0.,-1.));
#3337=DIRECTION('',(0.293742772700332,0.64320695229943,-0.707106781186548));
#3338=DIRECTION('',(-0.293742772700332,-0.643206952299431,-0.707106781186547));
#3339=DIRECTION('',(0.,0.,-1.));
#3340=DIRECTION('',(1.,0.,0.));
#3341=DIRECTION('',(0.,0.,-1.));
#3342=DIRECTION('',(-1.,0.,0.));
#3343=DIRECTION('',(0.909631995354519,-0.415415013001886,0.));
#3344=DIRECTION('',(0.,0.,-1.));
#3345=DIRECTION('',(-1.,0.,0.));
#3346=DIRECTION('',(0.,0.,-1.));
#3347=DIRECTION('',(-1.,0.,0.));
#3348=DIRECTION('',(0.,0.,-1.));
#3349=DIRECTION('',(-1.,0.,0.));
#3350=DIRECTION('',(0.293742772700332,0.64320695229943,-0.707106781186548));
#3351=DIRECTION('',(-0.293742772700332,-0.643206952299431,-0.707106781186547));
#3352=DIRECTION('',(0.415415013001886,0.909631995354519,1.7347234759768E-16));
#3353=DIRECTION('',(7.20630175327583E-17,1.57795997684111E-16,-1.));
#3354=DIRECTION('',(0.,0.,-1.));
#3355=DIRECTION('',(0.909631995354519,-0.415415013001886,0.));
#3356=DIRECTION('',(0.909631995354519,-0.415415013001886,0.));
#3357=DIRECTION('',(0.415415013001886,0.909631995354519,1.7347234759768E-16));
#3358=DIRECTION('',(7.20630175327583E-17,1.57795997684111E-16,-1.));
#3359=DIRECTION('',(-0.909631995354519,0.415415013001886,0.));
#3360=DIRECTION('',(0.909631995354519,-0.415415013001886,0.));
#3361=DIRECTION('',(0.909631995354519,-0.415415013001886,0.));
#3362=DIRECTION('',(0.,0.,-1.));
#3363=DIRECTION('',(0.293742772700332,0.64320695229943,0.707106781186548));
#3364=DIRECTION('',(-0.909631995354519,0.415415013001886,0.));
#3365=DIRECTION('',(0.293742772700332,0.64320695229943,0.707106781186548));
#3366=DIRECTION('',(0.293742772700332,0.643206952299431,-0.707106781186547));
#3367=DIRECTION('',(-0.909631995354519,0.415415013001886,0.));
#3368=DIRECTION('',(0.293742772700332,0.64320695229943,0.707106781186548));
#3369=DIRECTION('',(0.293742772700332,0.643206952299431,-0.707106781186547));
#3370=DIRECTION('',(0.293742772700332,0.64320695229943,-0.707106781186548));
#3371=DIRECTION('',(0.909631995354519,-0.415415013001886,0.));
#3372=DIRECTION('',(0.,0.,1.));
#3373=DIRECTION('',(1.,0.,0.));
#3374=DIRECTION('',(0.,0.,1.));
#3375=DIRECTION('',(1.,0.,0.));
#3376=DIRECTION('',(0.,0.,1.));
#3377=DIRECTION('',(1.,0.,0.));
#3378=DIRECTION('',(0.,0.,1.));
#3379=DIRECTION('',(0.732429800294958,-0.680842557159795,0.));
#3380=DIRECTION('',(0.,0.,-1.));
#3381=DIRECTION('',(-1.,0.,0.));
#3382=DIRECTION('',(0.,0.,-1.));
#3383=DIRECTION('',(-1.,0.,0.));
#3384=DIRECTION('',(0.,0.,1.));
#3385=DIRECTION('',(1.,0.,0.));
#3386=DIRECTION('',(0.,0.,1.));
#3387=DIRECTION('',(1.,0.,0.));
#3388=DIRECTION('',(0.,0.,1.));
#3389=DIRECTION('',(1.,0.,0.));
#3390=DIRECTION('',(0.,0.,1.));
#3391=DIRECTION('',(0.732429800294958,-0.680842557159795,0.));
#3392=DIRECTION('',(0.,0.,1.));
#3393=DIRECTION('',(1.,0.,0.));
#3394=DIRECTION('',(0.,0.,1.));
#3395=DIRECTION('',(1.,0.,0.));
#3396=DIRECTION('',(0.,0.,-1.));
#3397=DIRECTION('',(-1.,0.,0.));
#3398=DIRECTION('',(0.,0.,-1.));
#3399=DIRECTION('',(-1.,0.,0.));
#3400=DIRECTION('',(0.,0.,-1.));
#3401=DIRECTION('',(-0.100631787206507,0.699909453717853,-0.707106781186548));
#3402=DIRECTION('',(0.100631787206507,-0.699909453717854,-0.707106781186547));
#3403=DIRECTION('',(0.,0.,-1.));
#3404=DIRECTION('',(1.,0.,0.));
#3405=DIRECTION('',(0.,0.,-1.));
#3406=DIRECTION('',(-1.,0.,0.));
#3407=DIRECTION('',(0.989821441880933,0.142314838273285,0.));
#3408=DIRECTION('',(0.,0.,-1.));
#3409=DIRECTION('',(-1.,0.,0.));
#3410=DIRECTION('',(0.,0.,-1.));
#3411=DIRECTION('',(-1.,0.,0.));
#3412=DIRECTION('',(0.,0.,-1.));
#3413=DIRECTION('',(-1.,0.,0.));
#3414=DIRECTION('',(-0.100631787206507,0.699909453717853,-0.707106781186548));
#3415=DIRECTION('',(0.100631787206507,-0.699909453717854,-0.707106781186547));
#3416=DIRECTION('',(-0.142314838273285,0.989821441880933,1.7347234759768E-16));
#3417=DIRECTION('',(-2.4687689093251E-17,1.71706649225606E-16,-1.));
#3418=DIRECTION('',(0.,0.,-1.));
#3419=DIRECTION('',(0.989821441880933,0.142314838273285,0.));
#3420=DIRECTION('',(0.989821441880933,0.142314838273285,0.));
#3421=DIRECTION('',(-0.142314838273285,0.989821441880933,1.7347234759768E-16));
#3422=DIRECTION('',(-2.4687689093251E-17,1.71706649225606E-16,-1.));
#3423=DIRECTION('',(-0.989821441880933,-0.142314838273285,0.));
#3424=DIRECTION('',(0.989821441880933,0.142314838273285,0.));
#3425=DIRECTION('',(0.989821441880933,0.142314838273285,0.));
#3426=DIRECTION('',(0.,0.,-1.));
#3427=DIRECTION('',(-0.100631787206507,0.699909453717853,0.707106781186548));
#3428=DIRECTION('',(-0.989821441880933,-0.142314838273285,0.));
#3429=DIRECTION('',(-0.100631787206507,0.699909453717853,0.707106781186548));
#3430=DIRECTION('',(-0.100631787206507,0.699909453717854,-0.707106781186547));
#3431=DIRECTION('',(-0.989821441880933,-0.142314838273285,0.));
#3432=DIRECTION('',(-0.100631787206507,0.699909453717853,0.707106781186548));
#3433=DIRECTION('',(-0.100631787206507,0.699909453717854,-0.707106781186547));
#3434=DIRECTION('',(-0.100631787206507,0.699909453717853,-0.707106781186548));
#3435=DIRECTION('',(0.989821441880933,0.142314838273285,0.));
#3436=DIRECTION('',(0.,0.,1.));
#3437=DIRECTION('',(1.,0.,0.));
#3438=DIRECTION('',(0.,0.,1.));
#3439=DIRECTION('',(1.,0.,0.));
#3440=DIRECTION('',(0.,0.,1.));
#3441=DIRECTION('',(1.,0.,0.));
#3442=DIRECTION('',(0.,0.,1.));
#3443=DIRECTION('',(0.732429800294958,-0.680842557159795,0.));
#3444=DIRECTION('',(0.,0.,-1.));
#3445=DIRECTION('',(-1.,0.,0.));
#3446=DIRECTION('',(0.,0.,-1.));
#3447=DIRECTION('',(-1.,0.,0.));
#3448=DIRECTION('',(0.,0.,1.));
#3449=DIRECTION('',(1.,0.,0.));
#3450=DIRECTION('',(0.,0.,1.));
#3451=DIRECTION('',(1.,0.,0.));
#3452=DIRECTION('',(0.,0.,1.));
#3453=DIRECTION('',(1.,0.,0.));
#3454=DIRECTION('',(0.,0.,1.));
#3455=DIRECTION('',(0.732429800294958,-0.680842557159795,0.));
#3456=DIRECTION('',(0.,0.,1.));
#3457=DIRECTION('',(1.,0.,0.));
#3458=DIRECTION('',(0.,0.,1.));
#3459=DIRECTION('',(1.,0.,0.));
#3460=DIRECTION('',(0.,0.,-1.));
#3461=DIRECTION('',(-1.,0.,0.));
#3462=DIRECTION('',(0.,0.,-1.));
#3463=DIRECTION('',(-1.,0.,0.));
#3464=DIRECTION('',(0.,0.,-1.));
#3465=DIRECTION('',(-0.463056465705511,0.534395648904743,-0.707106781186548));
#3466=DIRECTION('',(0.463056465705511,-0.534395648904743,-0.707106781186547));
#3467=DIRECTION('',(0.,0.,-1.));
#3468=DIRECTION('',(1.,0.,0.));
#3469=DIRECTION('',(0.,0.,-1.));
#3470=DIRECTION('',(-1.,0.,0.));
#3471=DIRECTION('',(0.755749574354258,0.654860733945285,0.));
#3472=DIRECTION('',(0.,0.,-1.));
#3473=DIRECTION('',(-1.,0.,0.));
#3474=DIRECTION('',(0.,0.,-1.));
#3475=DIRECTION('',(-1.,0.,0.));
#3476=DIRECTION('',(0.,0.,-1.));
#3477=DIRECTION('',(-1.,0.,0.));
#3478=DIRECTION('',(-0.463056465705511,0.534395648904743,-0.707106781186548));
#3479=DIRECTION('',(0.463056465705511,-0.534395648904743,-0.707106781186547));
#3480=DIRECTION('',(-0.654860733945285,0.755749574354258,1.7347234759768E-16));
#3481=DIRECTION('',(-1.13600228867029E-16,1.31101652859181E-16,-1.));
#3482=DIRECTION('',(0.,0.,-1.));
#3483=DIRECTION('',(0.755749574354258,0.654860733945285,0.));
#3484=DIRECTION('',(0.755749574354258,0.654860733945285,0.));
#3485=DIRECTION('',(-0.654860733945285,0.755749574354258,1.7347234759768E-16));
#3486=DIRECTION('',(-1.13600228867029E-16,1.31101652859181E-16,-1.));
#3487=DIRECTION('',(-0.755749574354258,-0.654860733945285,0.));
#3488=DIRECTION('',(0.755749574354258,0.654860733945285,0.));
#3489=DIRECTION('',(0.755749574354258,0.654860733945285,0.));
#3490=DIRECTION('',(0.,0.,-1.));
#3491=DIRECTION('',(-0.463056465705511,0.534395648904743,0.707106781186548));
#3492=DIRECTION('',(-0.755749574354258,-0.654860733945285,0.));
#3493=DIRECTION('',(-0.463056465705511,0.534395648904743,0.707106781186548));
#3494=DIRECTION('',(-0.463056465705511,0.534395648904743,-0.707106781186547));
#3495=DIRECTION('',(-0.755749574354258,-0.654860733945285,0.));
#3496=DIRECTION('',(-0.463056465705511,0.534395648904743,0.707106781186548));
#3497=DIRECTION('',(-0.463056465705511,0.534395648904743,-0.707106781186547));
#3498=DIRECTION('',(-0.463056465705511,0.534395648904743,-0.707106781186548));
#3499=DIRECTION('',(0.755749574354258,0.654860733945285,0.));
#3500=DIRECTION('',(0.,0.,1.));
#3501=DIRECTION('',(1.,0.,0.));
#3502=DIRECTION('',(0.,0.,1.));
#3503=DIRECTION('',(1.,0.,0.));
#3504=DIRECTION('',(0.,0.,1.));
#3505=DIRECTION('',(1.,0.,0.));
#3506=DIRECTION('',(0.,0.,1.));
#3507=DIRECTION('',(0.732429800294958,-0.680842557159795,0.));
#3508=DIRECTION('',(0.,0.,-1.));
#3509=DIRECTION('',(-1.,0.,0.));
#3510=DIRECTION('',(0.,0.,-1.));
#3511=DIRECTION('',(-1.,0.,0.));
#3512=DIRECTION('',(0.,0.,1.));
#3513=DIRECTION('',(1.,0.,0.));
#3514=DIRECTION('',(0.,0.,1.));
#3515=DIRECTION('',(1.,0.,0.));
#3516=DIRECTION('',(0.,0.,1.));
#3517=DIRECTION('',(1.,0.,0.));
#3518=DIRECTION('',(0.,0.,1.));
#3519=DIRECTION('',(0.732429800294958,-0.680842557159795,0.));
#3520=DIRECTION('',(0.,0.,1.));
#3521=DIRECTION('',(1.,0.,0.));
#3522=DIRECTION('',(0.,0.,1.));
#3523=DIRECTION('',(1.,0.,0.));
#3524=DIRECTION('',(0.,0.,-1.));
#3525=DIRECTION('',(-1.,0.,0.));
#3526=DIRECTION('',(0.,0.,-1.));
#3527=DIRECTION('',(-1.,0.,0.));
#3528=DIRECTION('',(0.,0.,-1.));
#3529=DIRECTION('',(-0.678463988143656,0.199215001423599,-0.707106781186548));
#3530=DIRECTION('',(0.678463988143657,-0.1992150014236,-0.707106781186547));
#3531=DIRECTION('',(0.,0.,-1.));
#3532=DIRECTION('',(1.,0.,0.));
#3533=DIRECTION('',(0.,0.,-1.));
#3534=DIRECTION('',(-1.,0.,0.));
#3535=DIRECTION('',(0.28173255684143,0.959492973614497,0.));
#3536=DIRECTION('',(0.,0.,-1.));
#3537=DIRECTION('',(-1.,0.,0.));
#3538=DIRECTION('',(0.,0.,-1.));
#3539=DIRECTION('',(-1.,0.,0.));
#3540=DIRECTION('',(0.,0.,-1.));
#3541=DIRECTION('',(-1.,0.,0.));
#3542=DIRECTION('',(-0.678463988143656,0.199215001423599,-0.707106781186548));
#3543=DIRECTION('',(0.678463988143657,-0.1992150014236,-0.707106781186547));
#3544=DIRECTION('',(-0.959492973614497,0.28173255684143,1.7347234759768E-16));
#3545=DIRECTION('',(-1.66445498636386E-16,4.88728080299798E-17,-1.));
#3546=DIRECTION('',(0.,0.,-1.));
#3547=DIRECTION('',(0.28173255684143,0.959492973614497,0.));
#3548=DIRECTION('',(0.28173255684143,0.959492973614497,0.));
#3549=DIRECTION('',(-0.959492973614497,0.28173255684143,1.7347234759768E-16));
#3550=DIRECTION('',(-1.66445498636386E-16,4.88728080299798E-17,-1.));
#3551=DIRECTION('',(-0.28173255684143,-0.959492973614497,0.));
#3552=DIRECTION('',(0.28173255684143,0.959492973614497,0.));
#3553=DIRECTION('',(0.28173255684143,0.959492973614497,0.));
#3554=DIRECTION('',(0.,0.,-1.));
#3555=DIRECTION('',(-0.678463988143656,0.199215001423599,0.707106781186548));
#3556=DIRECTION('',(-0.28173255684143,-0.959492973614497,0.));
#3557=DIRECTION('',(-0.678463988143656,0.199215001423599,0.707106781186548));
#3558=DIRECTION('',(-0.678463988143657,0.1992150014236,-0.707106781186547));
#3559=DIRECTION('',(-0.28173255684143,-0.959492973614497,0.));
#3560=DIRECTION('',(-0.678463988143656,0.199215001423599,0.707106781186548));
#3561=DIRECTION('',(-0.678463988143657,0.1992150014236,-0.707106781186547));
#3562=DIRECTION('',(-0.678463988143656,0.199215001423599,-0.707106781186548));
#3563=DIRECTION('',(0.28173255684143,0.959492973614497,0.));
#3564=DIRECTION('',(0.,0.,1.));
#3565=DIRECTION('',(1.,0.,0.));
#3566=DIRECTION('',(0.,0.,1.));
#3567=DIRECTION('',(1.,0.,0.));
#3568=DIRECTION('',(0.,0.,1.));
#3569=DIRECTION('',(1.,0.,0.));
#3570=DIRECTION('',(0.,0.,1.));
#3571=DIRECTION('',(0.732429800294958,-0.680842557159795,0.));
#3572=DIRECTION('',(0.,0.,-1.));
#3573=DIRECTION('',(-1.,0.,0.));
#3574=DIRECTION('',(0.,0.,-1.));
#3575=DIRECTION('',(-1.,0.,0.));
#3576=DIRECTION('',(0.,0.,1.));
#3577=DIRECTION('',(1.,0.,0.));
#3578=DIRECTION('',(0.,0.,1.));
#3579=DIRECTION('',(1.,0.,0.));
#3580=DIRECTION('',(0.,0.,1.));
#3581=DIRECTION('',(1.,0.,0.));
#3582=DIRECTION('',(0.,0.,1.));
#3583=DIRECTION('',(0.732429800294958,-0.680842557159795,0.));
#3584=DIRECTION('',(0.,0.,1.));
#3585=DIRECTION('',(1.,0.,0.));
#3586=DIRECTION('',(0.,0.,1.));
#3587=DIRECTION('',(1.,0.,0.));
#3588=DIRECTION('',(0.,0.,-1.));
#3589=DIRECTION('',(-1.,0.,0.));
#3590=DIRECTION('',(0.,0.,-1.));
#3591=DIRECTION('',(-1.,0.,0.));
#3592=DIRECTION('',(0.,0.,-1.));
#3593=DIRECTION('',(-0.678463988143656,-0.1992150014236,-0.707106781186548));
#3594=DIRECTION('',(0.678463988143657,0.1992150014236,-0.707106781186547));
#3595=DIRECTION('',(0.,0.,-1.));
#3596=DIRECTION('',(1.,0.,0.));
#3597=DIRECTION('',(0.,0.,-1.));
#3598=DIRECTION('',(-1.,0.,0.));
#3599=DIRECTION('',(-0.28173255684143,0.959492973614497,0.));
#3600=DIRECTION('',(0.,0.,-1.));
#3601=DIRECTION('',(-1.,0.,0.));
#3602=DIRECTION('',(0.,0.,-1.));
#3603=DIRECTION('',(-1.,0.,0.));
#3604=DIRECTION('',(0.,0.,-1.));
#3605=DIRECTION('',(-1.,0.,0.));
#3606=DIRECTION('',(-0.678463988143656,-0.1992150014236,-0.707106781186548));
#3607=DIRECTION('',(0.678463988143657,0.1992150014236,-0.707106781186547));
#3608=DIRECTION('',(-0.959492973614497,-0.28173255684143,1.7347234759768E-16));
#3609=DIRECTION('',(-1.66445498636386E-16,-4.88728080299798E-17,-1.));
#3610=DIRECTION('',(0.,0.,-1.));
#3611=DIRECTION('',(-0.28173255684143,0.959492973614497,0.));
#3612=DIRECTION('',(-0.28173255684143,0.959492973614497,0.));
#3613=DIRECTION('',(-0.959492973614497,-0.28173255684143,1.7347234759768E-16));
#3614=DIRECTION('',(-1.66445498636386E-16,-4.88728080299798E-17,-1.));
#3615=DIRECTION('',(0.28173255684143,-0.959492973614497,0.));
#3616=DIRECTION('',(-0.28173255684143,0.959492973614497,0.));
#3617=DIRECTION('',(-0.28173255684143,0.959492973614497,0.));
#3618=DIRECTION('',(0.,0.,-1.));
#3619=DIRECTION('',(-0.678463988143656,-0.1992150014236,0.707106781186548));
#3620=DIRECTION('',(0.28173255684143,-0.959492973614497,0.));
#3621=DIRECTION('',(-0.678463988143656,-0.1992150014236,0.707106781186548));
#3622=DIRECTION('',(-0.678463988143657,-0.1992150014236,-0.707106781186547));
#3623=DIRECTION('',(0.28173255684143,-0.959492973614497,0.));
#3624=DIRECTION('',(-0.678463988143656,-0.1992150014236,0.707106781186548));
#3625=DIRECTION('',(-0.678463988143657,-0.1992150014236,-0.707106781186547));
#3626=DIRECTION('',(-0.678463988143656,-0.1992150014236,-0.707106781186548));
#3627=DIRECTION('',(-0.28173255684143,0.959492973614497,0.));
#3628=DIRECTION('',(0.,0.,1.));
#3629=DIRECTION('',(1.,0.,0.));
#3630=DIRECTION('',(0.,0.,1.));
#3631=DIRECTION('',(1.,0.,0.));
#3632=DIRECTION('',(0.,0.,1.));
#3633=DIRECTION('',(1.,0.,0.));
#3634=DIRECTION('',(0.,0.,1.));
#3635=DIRECTION('',(0.732429800294958,-0.680842557159795,0.));
#3636=DIRECTION('',(0.,0.,-1.));
#3637=DIRECTION('',(-1.,0.,0.));
#3638=DIRECTION('',(0.,0.,-1.));
#3639=DIRECTION('',(-1.,0.,0.));
#3640=DIRECTION('',(0.,0.,1.));
#3641=DIRECTION('',(1.,0.,0.));
#3642=DIRECTION('',(0.,0.,1.));
#3643=DIRECTION('',(1.,0.,0.));
#3644=DIRECTION('',(0.,0.,1.));
#3645=DIRECTION('',(1.,0.,0.));
#3646=DIRECTION('',(0.,0.,1.));
#3647=DIRECTION('',(0.732429800294958,-0.680842557159795,0.));
#3648=DIRECTION('',(0.,0.,1.));
#3649=DIRECTION('',(1.,0.,0.));
#3650=DIRECTION('',(0.,0.,1.));
#3651=DIRECTION('',(1.,0.,0.));
#3652=DIRECTION('',(0.,0.,-1.));
#3653=DIRECTION('',(-1.,0.,0.));
#3654=DIRECTION('',(0.,0.,-1.));
#3655=DIRECTION('',(-1.,0.,0.));
#3656=DIRECTION('',(0.,0.,-1.));
#3657=DIRECTION('',(-0.46305646570551,-0.534395648904743,-0.707106781186548));
#3658=DIRECTION('',(0.463056465705511,0.534395648904743,-0.707106781186547));
#3659=DIRECTION('',(0.,0.,-1.));
#3660=DIRECTION('',(1.,0.,0.));
#3661=DIRECTION('',(0.,0.,-1.));
#3662=DIRECTION('',(-1.,0.,0.));
#3663=DIRECTION('',(-0.755749574354258,0.654860733945285,0.));
#3664=DIRECTION('',(0.,0.,-1.));
#3665=DIRECTION('',(-1.,0.,0.));
#3666=DIRECTION('',(0.,0.,-1.));
#3667=DIRECTION('',(-1.,0.,0.));
#3668=DIRECTION('',(0.,0.,-1.));
#3669=DIRECTION('',(-1.,0.,0.));
#3670=DIRECTION('',(-0.46305646570551,-0.534395648904743,-0.707106781186548));
#3671=DIRECTION('',(0.463056465705511,0.534395648904743,-0.707106781186547));
#3672=DIRECTION('',(-0.654860733945285,-0.755749574354258,1.7347234759768E-16));
#3673=DIRECTION('',(-1.13600228867029E-16,-1.31101652859181E-16,-1.));
#3674=DIRECTION('',(0.,0.,-1.));
#3675=DIRECTION('',(-0.755749574354258,0.654860733945285,0.));
#3676=DIRECTION('',(-0.755749574354258,0.654860733945285,0.));
#3677=DIRECTION('',(-0.654860733945285,-0.755749574354258,1.7347234759768E-16));
#3678=DIRECTION('',(-1.13600228867029E-16,-1.31101652859181E-16,-1.));
#3679=DIRECTION('',(0.755749574354258,-0.654860733945285,0.));
#3680=DIRECTION('',(-0.755749574354258,0.654860733945285,0.));
#3681=DIRECTION('',(-0.755749574354258,0.654860733945285,0.));
#3682=DIRECTION('',(0.,0.,-1.));
#3683=DIRECTION('',(-0.46305646570551,-0.534395648904743,0.707106781186548));
#3684=DIRECTION('',(0.755749574354258,-0.654860733945285,0.));
#3685=DIRECTION('',(-0.46305646570551,-0.534395648904743,0.707106781186548));
#3686=DIRECTION('',(-0.463056465705511,-0.534395648904743,-0.707106781186547));
#3687=DIRECTION('',(0.755749574354258,-0.654860733945285,0.));
#3688=DIRECTION('',(-0.46305646570551,-0.534395648904743,0.707106781186548));
#3689=DIRECTION('',(-0.463056465705511,-0.534395648904743,-0.707106781186547));
#3690=DIRECTION('',(-0.46305646570551,-0.534395648904743,-0.707106781186548));
#3691=DIRECTION('',(-0.755749574354258,0.654860733945285,0.));
#3692=DIRECTION('',(0.,0.,1.));
#3693=DIRECTION('',(1.,0.,0.));
#3694=DIRECTION('',(0.,0.,1.));
#3695=DIRECTION('',(1.,0.,0.));
#3696=DIRECTION('',(0.,0.,1.));
#3697=DIRECTION('',(1.,0.,0.));
#3698=DIRECTION('',(0.,0.,1.));
#3699=DIRECTION('',(0.732429800294958,-0.680842557159795,0.));
#3700=DIRECTION('',(0.,0.,-1.));
#3701=DIRECTION('',(-1.,0.,0.));
#3702=DIRECTION('',(0.,0.,-1.));
#3703=DIRECTION('',(-1.,0.,0.));
#3704=DIRECTION('',(0.,0.,1.));
#3705=DIRECTION('',(1.,0.,0.));
#3706=DIRECTION('',(0.,0.,1.));
#3707=DIRECTION('',(1.,0.,0.));
#3708=DIRECTION('',(0.,0.,1.));
#3709=DIRECTION('',(1.,0.,0.));
#3710=DIRECTION('',(0.,0.,1.));
#3711=DIRECTION('',(0.732429800294958,-0.680842557159795,0.));
#3712=DIRECTION('',(0.,0.,1.));
#3713=DIRECTION('',(1.,0.,0.));
#3714=DIRECTION('',(0.,0.,1.));
#3715=DIRECTION('',(1.,0.,0.));
#3716=DIRECTION('',(0.,0.,-1.));
#3717=DIRECTION('',(-1.,0.,0.));
#3718=DIRECTION('',(0.,0.,-1.));
#3719=DIRECTION('',(-1.,0.,0.));
#3720=DIRECTION('',(0.,0.,-1.));
#3721=DIRECTION('',(-0.100631787206507,-0.699909453717853,-0.707106781186548));
#3722=DIRECTION('',(0.100631787206507,0.699909453717854,-0.707106781186547));
#3723=DIRECTION('',(0.,0.,-1.));
#3724=DIRECTION('',(1.,0.,0.));
#3725=DIRECTION('',(0.,0.,-1.));
#3726=DIRECTION('',(-1.,0.,0.));
#3727=DIRECTION('',(-0.989821441880933,0.142314838273285,0.));
#3728=DIRECTION('',(0.,0.,-1.));
#3729=DIRECTION('',(-1.,0.,0.));
#3730=DIRECTION('',(0.,0.,-1.));
#3731=DIRECTION('',(-1.,0.,0.));
#3732=DIRECTION('',(0.,0.,-1.));
#3733=DIRECTION('',(-1.,0.,0.));
#3734=DIRECTION('',(-0.100631787206507,-0.699909453717853,-0.707106781186548));
#3735=DIRECTION('',(0.100631787206507,0.699909453717854,-0.707106781186547));
#3736=DIRECTION('',(-0.142314838273285,-0.989821441880933,1.7347234759768E-16));
#3737=DIRECTION('',(-2.4687689093251E-17,-1.71706649225606E-16,-1.));
#3738=DIRECTION('',(0.,0.,-1.));
#3739=DIRECTION('',(-0.989821441880933,0.142314838273285,0.));
#3740=DIRECTION('',(-0.989821441880933,0.142314838273285,0.));
#3741=DIRECTION('',(-0.142314838273285,-0.989821441880933,1.7347234759768E-16));
#3742=DIRECTION('',(-2.4687689093251E-17,-1.71706649225606E-16,-1.));
#3743=DIRECTION('',(0.989821441880933,-0.142314838273285,0.));
#3744=DIRECTION('',(-0.989821441880933,0.142314838273285,0.));
#3745=DIRECTION('',(-0.989821441880933,0.142314838273285,0.));
#3746=DIRECTION('',(0.,0.,-1.));
#3747=DIRECTION('',(-0.100631787206507,-0.699909453717853,0.707106781186548));
#3748=DIRECTION('',(0.989821441880933,-0.142314838273285,0.));
#3749=DIRECTION('',(-0.100631787206507,-0.699909453717853,0.707106781186548));
#3750=DIRECTION('',(-0.100631787206507,-0.699909453717854,-0.707106781186547));
#3751=DIRECTION('',(0.989821441880933,-0.142314838273285,0.));
#3752=DIRECTION('',(-0.100631787206507,-0.699909453717853,0.707106781186548));
#3753=DIRECTION('',(-0.100631787206507,-0.699909453717854,-0.707106781186547));
#3754=DIRECTION('',(-0.100631787206507,-0.699909453717853,-0.707106781186548));
#3755=DIRECTION('',(-0.989821441880933,0.142314838273285,0.));
#3756=DIRECTION('',(0.,0.,1.));
#3757=DIRECTION('',(1.,0.,0.));
#3758=DIRECTION('',(0.,0.,1.));
#3759=DIRECTION('',(1.,0.,0.));
#3760=DIRECTION('',(0.,0.,1.));
#3761=DIRECTION('',(1.,0.,0.));
#3762=DIRECTION('',(0.,0.,1.));
#3763=DIRECTION('',(0.732429800294958,-0.680842557159795,0.));
#3764=DIRECTION('',(0.,0.,-1.));
#3765=DIRECTION('',(-1.,0.,0.));
#3766=DIRECTION('',(0.,0.,-1.));
#3767=DIRECTION('',(-1.,0.,0.));
#3768=DIRECTION('',(0.,0.,1.));
#3769=DIRECTION('',(1.,0.,0.));
#3770=DIRECTION('',(0.,0.,1.));
#3771=DIRECTION('',(1.,0.,0.));
#3772=DIRECTION('',(0.,0.,1.));
#3773=DIRECTION('',(1.,0.,0.));
#3774=DIRECTION('',(0.,0.,1.));
#3775=DIRECTION('',(0.732429800294958,-0.680842557159795,0.));
#3776=DIRECTION('',(0.,0.,1.));
#3777=DIRECTION('',(1.,0.,0.));
#3778=DIRECTION('',(0.,0.,1.));
#3779=DIRECTION('',(1.,0.,0.));
#3780=DIRECTION('',(0.,0.,-1.));
#3781=DIRECTION('',(-1.,0.,0.));
#3782=DIRECTION('',(0.,0.,-1.));
#3783=DIRECTION('',(-1.,0.,0.));
#3784=DIRECTION('',(0.,0.,-1.));
#3785=DIRECTION('',(0.293742772700332,-0.64320695229943,-0.707106781186548));
#3786=DIRECTION('',(-0.293742772700332,0.64320695229943,-0.707106781186547));
#3787=DIRECTION('',(0.,0.,-1.));
#3788=DIRECTION('',(1.,0.,0.));
#3789=DIRECTION('',(0.,0.,-1.));
#3790=DIRECTION('',(-1.,0.,0.));
#3791=DIRECTION('',(-0.909631995354518,-0.415415013001886,0.));
#3792=DIRECTION('',(0.,0.,-1.));
#3793=DIRECTION('',(-1.,0.,0.));
#3794=DIRECTION('',(0.,0.,-1.));
#3795=DIRECTION('',(-1.,0.,0.));
#3796=DIRECTION('',(0.,0.,-1.));
#3797=DIRECTION('',(-1.,0.,0.));
#3798=DIRECTION('',(0.293742772700332,-0.64320695229943,-0.707106781186548));
#3799=DIRECTION('',(-0.293742772700332,0.64320695229943,-0.707106781186547));
#3800=DIRECTION('',(0.415415013001886,-0.909631995354518,1.7347234759768E-16));
#3801=DIRECTION('',(7.20630175327583E-17,-1.57795997684111E-16,-1.));
#3802=DIRECTION('',(0.,0.,-1.));
#3803=DIRECTION('',(-0.909631995354518,-0.415415013001886,0.));
#3804=DIRECTION('',(-0.909631995354518,-0.415415013001886,0.));
#3805=DIRECTION('',(0.415415013001886,-0.909631995354518,1.7347234759768E-16));
#3806=DIRECTION('',(7.20630175327583E-17,-1.57795997684111E-16,-1.));
#3807=DIRECTION('',(0.909631995354518,0.415415013001886,0.));
#3808=DIRECTION('',(-0.909631995354518,-0.415415013001886,0.));
#3809=DIRECTION('',(-0.909631995354518,-0.415415013001886,0.));
#3810=DIRECTION('',(0.,0.,-1.));
#3811=DIRECTION('',(0.293742772700332,-0.64320695229943,0.707106781186548));
#3812=DIRECTION('',(0.909631995354518,0.415415013001886,0.));
#3813=DIRECTION('',(0.293742772700332,-0.64320695229943,0.707106781186548));
#3814=DIRECTION('',(0.293742772700332,-0.64320695229943,-0.707106781186547));
#3815=DIRECTION('',(0.909631995354518,0.415415013001886,0.));
#3816=DIRECTION('',(0.293742772700332,-0.64320695229943,0.707106781186548));
#3817=DIRECTION('',(0.293742772700332,-0.64320695229943,-0.707106781186547));
#3818=DIRECTION('',(0.293742772700332,-0.64320695229943,-0.707106781186548));
#3819=DIRECTION('',(-0.909631995354518,-0.415415013001886,0.));
#3820=DIRECTION('',(0.,0.,1.));
#3821=DIRECTION('',(1.,0.,0.));
#3822=DIRECTION('',(0.,0.,1.));
#3823=DIRECTION('',(1.,0.,0.));
#3824=DIRECTION('',(0.,0.,1.));
#3825=DIRECTION('',(1.,0.,0.));
#3826=DIRECTION('',(0.,0.,1.));
#3827=DIRECTION('',(0.732429800294958,-0.680842557159795,0.));
#3828=DIRECTION('',(0.,0.,-1.));
#3829=DIRECTION('',(-1.,0.,0.));
#3830=DIRECTION('',(0.,0.,-1.));
#3831=DIRECTION('',(-1.,0.,0.));
#3832=DIRECTION('',(0.,0.,1.));
#3833=DIRECTION('',(1.,0.,0.));
#3834=DIRECTION('',(0.,0.,1.));
#3835=DIRECTION('',(1.,0.,0.));
#3836=DIRECTION('',(0.,0.,1.));
#3837=DIRECTION('',(1.,0.,0.));
#3838=DIRECTION('',(0.,0.,1.));
#3839=DIRECTION('',(0.732429800294958,-0.680842557159795,0.));
#3840=DIRECTION('',(0.,0.,1.));
#3841=DIRECTION('',(1.,0.,0.));
#3842=DIRECTION('',(0.,0.,1.));
#3843=DIRECTION('',(1.,0.,0.));
#3844=DIRECTION('',(0.,0.,-1.));
#3845=DIRECTION('',(-1.,0.,0.));
#3846=DIRECTION('',(0.,0.,-1.));
#3847=DIRECTION('',(-1.,0.,0.));
#3848=DIRECTION('',(0.,0.,-1.));
#3849=DIRECTION('',(0.594856077762068,-0.382290788209092,-0.707106781186548));
#3850=DIRECTION('',(-0.594856077762068,0.382290788209092,-0.707106781186547));
#3851=DIRECTION('',(0.,0.,-1.));
#3852=DIRECTION('',(1.,0.,0.));
#3853=DIRECTION('',(0.,0.,-1.));
#3854=DIRECTION('',(-1.,0.,0.));
#3855=DIRECTION('',(-0.540640817455598,-0.841253532831181,0.));
#3856=DIRECTION('',(0.,0.,-1.));
#3857=DIRECTION('',(-1.,0.,0.));
#3858=DIRECTION('',(0.,0.,-1.));
#3859=DIRECTION('',(-1.,0.,0.));
#3860=DIRECTION('',(0.,0.,-1.));
#3861=DIRECTION('',(-1.,0.,0.));
#3862=DIRECTION('',(0.594856077762068,-0.382290788209092,-0.707106781186548));
#3863=DIRECTION('',(-0.594856077762068,0.382290788209092,-0.707106781186547));
#3864=DIRECTION('',(0.841253532831181,-0.540640817455598,1.7347234759768E-16));
#3865=DIRECTION('',(1.45934225265068E-16,-9.37862318111517E-17,-1.));
#3866=DIRECTION('',(0.,0.,-1.));
#3867=DIRECTION('',(-0.540640817455598,-0.841253532831181,0.));
#3868=DIRECTION('',(-0.540640817455598,-0.841253532831181,0.));
#3869=DIRECTION('',(0.841253532831181,-0.540640817455598,1.7347234759768E-16));
#3870=DIRECTION('',(1.45934225265068E-16,-9.37862318111517E-17,-1.));
#3871=DIRECTION('',(0.540640817455598,0.841253532831181,0.));
#3872=DIRECTION('',(-0.540640817455598,-0.841253532831181,0.));
#3873=DIRECTION('',(-0.540640817455598,-0.841253532831181,0.));
#3874=DIRECTION('',(0.,0.,-1.));
#3875=DIRECTION('',(0.594856077762068,-0.382290788209092,0.707106781186548));
#3876=DIRECTION('',(0.540640817455598,0.841253532831181,0.));
#3877=DIRECTION('',(0.594856077762068,-0.382290788209092,0.707106781186548));
#3878=DIRECTION('',(0.594856077762068,-0.382290788209092,-0.707106781186547));
#3879=DIRECTION('',(0.540640817455598,0.841253532831181,0.));
#3880=DIRECTION('',(0.594856077762068,-0.382290788209092,0.707106781186548));
#3881=DIRECTION('',(0.594856077762068,-0.382290788209092,-0.707106781186547));
#3882=DIRECTION('',(0.594856077762068,-0.382290788209092,-0.707106781186548));
#3883=DIRECTION('',(-0.540640817455598,-0.841253532831181,0.));
#3884=DIRECTION('',(0.,0.,-1.));
#3885=DIRECTION('',(-1.,0.,0.));
#3886=DIRECTION('',(0.,0.,-1.));
#3887=DIRECTION('',(-1.,0.,0.));
#3888=DIRECTION('',(0.,0.,-1.));
#3889=DIRECTION('',(-1.,0.,0.));
#3890=DIRECTION('',(0.707106781186547,0.,-0.707106781186548));
#3891=DIRECTION('',(-0.707106781186548,0.,-0.707106781186547));
#3892=DIRECTION('',(0.,0.,-1.));
#3893=DIRECTION('',(-1.,0.,0.));
#3894=DIRECTION('',(0.,0.,-1.));
#3895=DIRECTION('',(-1.,0.,0.));
#3896=DIRECTION('',(0.,0.,-1.));
#3897=DIRECTION('',(0.707106781186547,0.,-0.707106781186548));
#3898=DIRECTION('',(-0.707106781186548,0.,-0.707106781186547));
#3899=DIRECTION('',(0.,0.,-1.));
#3900=DIRECTION('',(1.,0.,0.));
#3901=DIRECTION('',(0.,-1.,0.));
#3902=DIRECTION('',(0.,0.,1.));
#3903=DIRECTION('',(0.732429800294958,-0.680842557159795,0.));
#3904=DIRECTION('',(0.,0.,-1.));
#3905=DIRECTION('',(-1.,0.,0.));
#3906=DIRECTION('',(0.,0.,1.));
#3907=DIRECTION('',(1.,0.,0.));
#3908=DIRECTION('',(0.,0.,-1.));
#3909=DIRECTION('',(-1.,0.,0.));
#3910=DIRECTION('',(0.,0.,-1.));
#3911=DIRECTION('',(1.,0.,0.));
#3912=DIRECTION('',(0.,0.,-1.));
#3913=DIRECTION('',(-1.,0.,0.));
#3914=DIRECTION('',(0.,0.,-1.));
#3915=DIRECTION('',(-1.,0.,0.));
#3916=DIRECTION('',(0.,0.,1.));
#3917=DIRECTION('',(1.,0.,0.));
#3918=DIRECTION('',(0.,0.,1.));
#3919=DIRECTION('',(0.732429800294958,-0.680842557159795,0.));
#3920=DIRECTION('',(0.,0.,1.));
#3921=DIRECTION('',(1.,0.,0.));
#3922=DIRECTION('',(0.,0.,1.));
#3923=DIRECTION('',(1.,0.,0.));
#3924=DIRECTION('',(0.,0.,-1.));
#3925=DIRECTION('',(-1.,0.,0.));
#3926=DIRECTION('',(0.,0.,-1.));
#3927=DIRECTION('',(-1.,0.,0.));
#3928=DIRECTION('',(0.,-1.,0.));
#3929=DIRECTION('',(0.,0.,-1.));
#3930=DIRECTION('',(0.,-1.,0.));
#3931=DIRECTION('',(0.,-1.,0.));
#3932=DIRECTION('',(1.,0.,1.7347234759768E-16));
#3933=DIRECTION('',(1.7347234759768E-16,0.,-1.));
#3934=DIRECTION('',(0.,1.,0.));
#3935=DIRECTION('',(1.,0.,1.7347234759768E-16));
#3936=DIRECTION('',(1.7347234759768E-16,0.,-1.));
#3937=DIRECTION('',(0.,-1.,0.));
#3938=DIRECTION('',(0.707106781186547,0.,0.707106781186548));
#3939=DIRECTION('',(0.,1.,0.));
#3940=DIRECTION('',(0.707106781186547,0.,-0.707106781186548));
#3941=DIRECTION('',(0.,-1.,0.));
#3942=CARTESIAN_POINT('',(0.,0.,0.));
#3943=CARTESIAN_POINT('',(0.,-7.99060886639539E-19,0.0033416521847315));
#3944=CARTESIAN_POINT('',(0.,-7.37344140568086E-19,0.00368710703440626));
#3945=CARTESIAN_POINT('',(-0.0096823445789668,0.0102762853423416,0.00368710703440626));
#3946=CARTESIAN_POINT('',(-0.0115496288775983,0.00812132438539548,0.00368710703440626));
#3947=CARTESIAN_POINT('',(-0.00968234457896679,0.0102762853423416,0.00368710703440627));
#3948=CARTESIAN_POINT('',(-0.00964093335521996,0.010257666350503,0.00357315007300765));
#3949=CARTESIAN_POINT('',(-0.00960543409491631,0.0102641414803907,0.00345657536787606));
#3950=CARTESIAN_POINT('',(-0.00957423711773677,0.0102931595147896,0.0033416521847315));
#3951=CARTESIAN_POINT('',(-0.00957423711773678,0.0102931595147896,0.0033416521847315));
#3952=CARTESIAN_POINT('',(0.,-8.60777632710992E-19,0.0033416521847315));
#3953=CARTESIAN_POINT('',(-0.0115509459994403,0.00801191585711976,0.0033416521847315));
#3954=CARTESIAN_POINT('',(-0.0115509459994403,0.00801191585711977,0.0033416521847315));
#3955=CARTESIAN_POINT('',(-0.0115266767069542,0.00804690540168693,0.00345651106300718));
#3956=CARTESIAN_POINT('',(-0.0115253133621083,0.00808299608125875,0.00357318471266253));
#3957=CARTESIAN_POINT('',(-0.0115496288775983,0.00812132438539549,0.00368710703440627));
#3958=CARTESIAN_POINT('',(0.,-7.37344140568086E-19,0.00425));
#3959=CARTESIAN_POINT('',(0.,-7.37344140568086E-19,0.00481289296559373));
#3960=CARTESIAN_POINT('',(-0.00532544664162632,0.0130762936281755,0.00481289296559373));
#3961=CARTESIAN_POINT('',(-0.00258952727525413,0.0138796320366855,0.00481289296559373));
#3962=CARTESIAN_POINT('',(-0.00258952751230775,0.0138796333072714,0.00368710655870086));
#3963=CARTESIAN_POINT('',(-0.00266782215831769,0.0139998788011276,0.00404729220847717));
#3964=CARTESIAN_POINT('',(-0.00266783508310284,0.0139999005922497,0.00445264701495555));
#3965=CARTESIAN_POINT('',(-0.00258952710655454,0.0138796347634283,0.00481289374167714));
#3966=CARTESIAN_POINT('',(-0.00258952727525413,0.0138796320366855,0.00368710703440626));
#3967=CARTESIAN_POINT('',(0.,-7.37344140568086E-19,0.00368710703440626));
#3968=CARTESIAN_POINT('',(-0.00532544664162632,0.0130762936281755,0.00368710703440626));
#3969=CARTESIAN_POINT('',(-0.00532544712913474,0.0130762948252213,0.00481289344129914));
#3970=CARTESIAN_POINT('',(-0.00532459110367085,0.013219781053156,0.00445270779152282));
#3971=CARTESIAN_POINT('',(-0.00532459201181972,0.0132198063726808,0.00404735298504444));
#3972=CARTESIAN_POINT('',(-0.00532544825773389,0.0130762958308516,0.00368710625832285));
#3973=CARTESIAN_POINT('',(0.,-7.99060886639539E-19,0.0051583478152685));
#3974=CARTESIAN_POINT('',(0.,-8.60777632710992E-19,0.0051583478152685));
#3975=CARTESIAN_POINT('',(-0.00957423711773678,0.0102931595147896,0.0051583478152685));
#3976=CARTESIAN_POINT('',(-0.0115509459994403,0.00801191585711976,0.0051583478152685));
#3977=CARTESIAN_POINT('',(-0.00957423711773678,0.0102931595147896,0.0051583478152685));
#3978=CARTESIAN_POINT('',(-0.00960541663875584,0.0102641577173313,0.00504348893699282));
#3979=CARTESIAN_POINT('',(-0.00964094594304681,0.0102576720101437,0.00492681528733746));
#3980=CARTESIAN_POINT('',(-0.00968234457896678,0.0102762853423416,0.00481289296559372));
#3981=CARTESIAN_POINT('',(-0.0096823445789668,0.0102762853423416,0.00481289296559373));
#3982=CARTESIAN_POINT('',(0.,-7.37344140568086E-19,0.00481289296559373));
#3983=CARTESIAN_POINT('',(-0.0115496288775983,0.00812132438539548,0.00481289296559373));
#3984=CARTESIAN_POINT('',(-0.0115496288775983,0.00812132438539549,0.00481289296559373));
#3985=CARTESIAN_POINT('',(-0.0115253059686401,0.00808298442700867,0.00492684992699235));
#3986=CARTESIAN_POINT('',(-0.0115266631195529,0.00804692499092643,0.00504342463212395));
#3987=CARTESIAN_POINT('',(-0.0115509459994403,0.00801191585711977,0.00515834781526851));
#3988=CARTESIAN_POINT('',(0.,-7.37344140568086E-19,0.00214054873493019));
#3989=CARTESIAN_POINT('',(0.,-7.37344140568086E-19,0.0029433463638589));
#3990=CARTESIAN_POINT('',(-0.00422780413794892,0.010842905765153,0.00294334636385887));
#3991=CARTESIAN_POINT('',(-0.00230546226929856,0.0114073562662735,0.0029433463638589));
#3992=CARTESIAN_POINT('',(-0.00422780413794891,0.0108429057651531,0.00294334636385887));
#3993=CARTESIAN_POINT('',(-0.00450972312701294,0.011050933879913,0.00272333098448462));
#3994=CARTESIAN_POINT('',(-0.00480471480295537,0.0110465688492245,0.00238863855849082));
#3995=CARTESIAN_POINT('',(-0.00510290149719179,0.0109070613058262,0.00214054873492732));
#3996=CARTESIAN_POINT('',(-0.00510290149719247,0.0109070613058201,0.00214054873493019));
#3997=CARTESIAN_POINT('',(0.,-7.37344140568086E-19,0.00214054873493019));
#3998=CARTESIAN_POINT('',(-0.00160396862821421,0.011934440693165,0.00214054873493019));
#3999=CARTESIAN_POINT('',(-0.00160396862821421,0.011934440693165,0.00214054873493019));
#4000=CARTESIAN_POINT('',(-0.00193014816363434,0.0118906027157155,0.00238856666767066));
#4001=CARTESIAN_POINT('',(-0.00218073482163869,0.0117348578924382,0.00272327700762541));
#4002=CARTESIAN_POINT('',(-0.00230546226929854,0.0114073562662734,0.00294334636385887));
#4003=CARTESIAN_POINT('',(0.,-7.37344140568086E-19,0.00425));
#4004=CARTESIAN_POINT('',(0.,-7.37344140568086E-19,0.0055566536361411));
#4005=CARTESIAN_POINT('',(-0.00810676069566169,0.00835005175337986,0.00555665363614114));
#4006=CARTESIAN_POINT('',(-0.0094187726036342,0.00683590929590775,0.0055566536361411));
#4007=CARTESIAN_POINT('',(-0.0094187726036342,0.00683590929590775,0.0029433463638589));
#4008=CARTESIAN_POINT('',(-0.00919022923729214,0.00682114465711437,0.00308716269494017));
#4009=CARTESIAN_POINT('',(-0.0087841648744017,0.00682659150566358,0.00345068811082433));
#4010=CARTESIAN_POINT('',(-0.00849882741619201,0.00684354644670295,0.00424886591973224));
#4011=CARTESIAN_POINT('',(-0.00878303443915509,0.00682662669473975,0.00504825283793271));
#4012=CARTESIAN_POINT('',(-0.00919013276364208,0.00682113842460533,0.00541277659672855));
#4013=CARTESIAN_POINT('',(-0.0094187726036342,0.00683590929590775,0.0055566536361411));
#4014=CARTESIAN_POINT('',(-0.00941877260363418,0.00683590929590771,0.00294334636385887));
#4015=CARTESIAN_POINT('',(0.,-7.37344140568086E-19,0.0029433463638589));
#4016=CARTESIAN_POINT('',(-0.00810676069566173,0.00835005175337987,0.0029433463638589));
#4017=CARTESIAN_POINT('',(-0.00810676069566173,0.00835005175337987,0.0055566536361411));
#4018=CARTESIAN_POINT('',(-0.00805962122768947,0.0081259358576139,0.0054128373059948));
#4019=CARTESIAN_POINT('',(-0.00800722364506731,0.00772322942728792,0.00504931183296901));
#4020=CARTESIAN_POINT('',(-0.00798339826181271,0.00743838341057621,0.00425113404063326));
#4021=CARTESIAN_POINT('',(-0.00800709760513791,0.0077221055509457,0.00345174714955386));
#4022=CARTESIAN_POINT('',(-0.00805960132966109,0.00812584125611234,0.00308722340027833));
#4023=CARTESIAN_POINT('',(-0.00810676069566173,0.00835005175337987,0.00294334636385891));
#4024=CARTESIAN_POINT('',(0.,-8.60777632710992E-19,0.00675));
#4025=CARTESIAN_POINT('',(0.,-8.60777632710992E-19,0.00675));
#4026=CARTESIAN_POINT('',(-0.00532881130296165,0.0130084172473434,0.00675));
#4027=CARTESIAN_POINT('',(-0.00255,0.0138243498647695,0.00675));
#4028=CARTESIAN_POINT('',(0.,-8.60777632710992E-19,0.0042));
#4029=CARTESIAN_POINT('',(-0.00205,0.013907287628562,0.00625));
#4030=CARTESIAN_POINT('',(-0.00205,0.013907287628562,0.00675));
#4031=CARTESIAN_POINT('',(-0.00205,0.013907287628562,0.00592928556237467));
#4032=CARTESIAN_POINT('',(-0.00248945862518278,0.0138353801876586,0.0051583478152685));
#4033=CARTESIAN_POINT('',(-0.00238646212135447,0.0138539127853423,0.00544062463754859));
#4034=CARTESIAN_POINT('',(-0.00223991939227605,0.0138792926115202,0.00569744009017556));
#4035=CARTESIAN_POINT('',(-0.00205,0.013907287628562,0.00592928556237467));
#4036=CARTESIAN_POINT('',(-0.00248945862518278,0.0138353801876586,0.0051583478152685));
#4037=CARTESIAN_POINT('',(0.,-8.60777632710992E-19,0.0051583478152685));
#4038=CARTESIAN_POINT('',(-0.00538570539119264,0.012984965407071,0.0051583478152685));
#4039=CARTESIAN_POINT('',(-0.00579427760979193,0.0128078685254111,0.00592928556237466));
#4040=CARTESIAN_POINT('',(-0.00561937200118843,0.0128869957939139,0.00569744009017555));
#4041=CARTESIAN_POINT('',(-0.00548237104266877,0.0129448719063202,0.00544062463754858));
#4042=CARTESIAN_POINT('',(-0.00538570539119265,0.012984965407071,0.0051583478152685));
#4043=CARTESIAN_POINT('',(-0.00579427760979194,0.0128078685254111,0.00592928556237467));
#4044=CARTESIAN_POINT('',(-0.00579427760979193,0.0128078685254111,0.00675));
#4045=CARTESIAN_POINT('',(-0.00579427760979193,0.0128078685254111,0.00625));
#4046=CARTESIAN_POINT('',(4.65371522996364E-19,-7.24132224500183E-19,0.0042));
#4047=CARTESIAN_POINT('',(0.,0.,0.00675));
#4048=CARTESIAN_POINT('',(0.,-7.37344140568086E-19,0.00675));
#4049=CARTESIAN_POINT('',(-0.0042174152941474,0.0112790513012247,0.00675));
#4050=CARTESIAN_POINT('',(-0.00255,0.011768648606317,0.00675));
#4051=CARTESIAN_POINT('',(-0.00255,0.013907287628562,0.00675));
#4052=CARTESIAN_POINT('',(0.00214519650871952,0.00137863408451177,0.00675));
#4053=CARTESIAN_POINT('',(0.,-7.37344140568086E-19,0.00635945126506981));
#4054=CARTESIAN_POINT('',(0.,-7.37344140568086E-19,0.00635945126506981));
#4055=CARTESIAN_POINT('',(-0.00458807364754162,0.0111334258080656,0.00635945126506981));
#4056=CARTESIAN_POINT('',(-0.00215945126506981,0.0118465336809024,0.00635945126506981));
#4057=CARTESIAN_POINT('',(-0.00458807364754162,0.0111334258080656,0.00635945126506981));
#4058=CARTESIAN_POINT('',(-0.00462223634830914,0.0111193473932253,0.00632310040665031));
#4059=CARTESIAN_POINT('',(-0.00465534335236184,0.0111033832631722,0.00628661816220764));
#4060=CARTESIAN_POINT('',(-0.00468735824680041,0.0110854683761614,0.00624999999999983));
#4061=CARTESIAN_POINT('',(-0.00468735824680029,0.0110854683761615,0.00625000000000046));
#4062=CARTESIAN_POINT('',(-0.00468735824680031,0.0110854683761615,0.00625000000000046));
#4063=CARTESIAN_POINT('',(-0.00468061384001856,0.0110749738743614,0.00613836400203899));
#4064=CARTESIAN_POINT('',(-0.00466372552887015,0.0110486951492662,0.00603037120612131));
#4065=CARTESIAN_POINT('',(-0.00463729176638544,0.011007563411968,0.00592928556237469));
#4066=CARTESIAN_POINT('',(-0.00463729176638545,0.011007563411968,0.00592928556237467));
#4067=CARTESIAN_POINT('',(-0.00463729176638543,0.011007563411968,0.00592928556237469));
#4068=CARTESIAN_POINT('',(-0.00449731991125185,0.0109961125900708,0.00579309662062825));
#4069=CARTESIAN_POINT('',(-0.00436130089339363,0.0109414130649077,0.00566083725070241));
#4070=CARTESIAN_POINT('',(-0.00422780413794878,0.0108429057651547,0.00555665363614002));
#4071=CARTESIAN_POINT('',(-0.00422780413794893,0.0108429057651531,0.0055566536361411));
#4072=CARTESIAN_POINT('',(0.,-7.37344140568086E-19,0.0055566536361411));
#4073=CARTESIAN_POINT('',(-0.00230546226929854,0.0114073562662734,0.00555665363614114));
#4074=CARTESIAN_POINT('',(-0.00230546226929854,0.0114073562662734,0.00555665363614113));
#4075=CARTESIAN_POINT('',(-0.00224638816503379,0.0115624693995406,0.00566088410296721));
#4076=CARTESIAN_POINT('',(-0.00216163348393369,0.0116818978780536,0.0057930081791881));
#4077=CARTESIAN_POINT('',(-0.00205000000000039,0.0117672608195406,0.00592928556237461));
#4078=CARTESIAN_POINT('',(-0.00205,0.0117672608195401,0.00592928556237467));
#4079=CARTESIAN_POINT('',(-0.00205,0.0118598666287912,0.00624999999999722));
#4080=CARTESIAN_POINT('',(-0.00205,0.0118473917904806,0.00613836400203693));
#4081=CARTESIAN_POINT('',(-0.00205,0.0118161542098113,0.00603037120612034));
#4082=CARTESIAN_POINT('',(-0.00205,0.01176726081954,0.0059292855623747));
#4083=CARTESIAN_POINT('',(-0.00205,0.0118598666287912,0.00624999999999722));
#4084=CARTESIAN_POINT('',(-0.00205,0.0118598666287933,0.00625));
#4085=CARTESIAN_POINT('',(-0.00208661816220752,0.0118576290320814,0.00628661816220752));
#4086=CARTESIAN_POINT('',(-0.00212310040665063,0.0118531599151507,0.00632310040665063));
#4087=CARTESIAN_POINT('',(-0.00215945126506981,0.0118465336809025,0.00635945126506981));
#4088=CARTESIAN_POINT('',(0.,-7.37344140568086E-19,0.00675));
#4089=CARTESIAN_POINT('',(0.,-7.37344140568086E-19,0.0042));
#4090=CARTESIAN_POINT('',(3.98638338902825E-19,-6.20293363165274E-19,0.0042));
#4091=CARTESIAN_POINT('',(-0.0287615147683945,0.0409619939772803,0.00842928556237467));
#4092=CARTESIAN_POINT('',(-0.00924341709439978,0.0105912411738432,0.00675));
#4093=CARTESIAN_POINT('',(-0.00924341709439978,0.0105912411738432,0.00625));
#4094=CARTESIAN_POINT('',(-0.00924341709439978,0.0105912411738432,0.00592928556237467));
#4095=CARTESIAN_POINT('',(-0.00813979395421025,0.00887397004738971,0.00625));
#4096=CARTESIAN_POINT('',(-0.00813649773140794,0.00886884102459323,0.00624999999999722));
#4097=CARTESIAN_POINT('',(-0.00813649773140795,0.00886884102459321,0.00624999999999722));
#4098=CARTESIAN_POINT('',(-0.00812975332462608,0.00885834652279291,0.00613836400203693));
#4099=CARTESIAN_POINT('',(-0.00811286501347773,0.00883206779769783,0.00603037120612034));
#4100=CARTESIAN_POINT('',(-0.00808643125099329,0.00879093606040001,0.0059292855623747));
#4101=CARTESIAN_POINT('',(-0.00808643125099329,0.00879093606040006,0.00592928556237467));
#4102=CARTESIAN_POINT('',(-0.0287615147683945,0.0409619939772803,0.00592928556237467));
#4103=CARTESIAN_POINT('',(-0.0253123752837867,0.0431786213288482,0.00842928556237467));
#4104=CARTESIAN_POINT('',(-0.0253123752837867,0.0431786213288482,0.00625));
#4105=CARTESIAN_POINT('',(-0.0253123752837867,0.0431786213288482,0.00592928556237467));
#4106=CARTESIAN_POINT('',(-0.0270369450260905,0.0420703076530642,0.00425));
#4107=CARTESIAN_POINT('',(-0.00957423711773678,0.0102931595147896,0.0051583478152685));
#4108=CARTESIAN_POINT('',(-0.00949761042378325,0.0103644342420884,0.00544062463754859));
#4109=CARTESIAN_POINT('',(-0.00938805220520703,0.0104650120913643,0.00569744009017556));
#4110=CARTESIAN_POINT('',(-0.00924341709439978,0.0105912411738432,0.00592928556237467));
#4111=CARTESIAN_POINT('',(-0.00810676069566169,0.00835005175337987,0.00555665363614113));
#4112=CARTESIAN_POINT('',(-0.00814092488791777,0.0085124790967495,0.00566088410296721));
#4113=CARTESIAN_POINT('',(-0.00813419262326911,0.00865877056629241,0.0057930081791881));
#4114=CARTESIAN_POINT('',(-0.00808643125099388,0.00879093606040026,0.00592928556237461));
#4115=CARTESIAN_POINT('',(-0.00780159004726366,0.00917271948515842,0.0021405487349302));
#4116=CARTESIAN_POINT('',(-0.00805228913380918,0.00895949466109002,0.00238856666767067));
#4117=CARTESIAN_POINT('',(-0.00817889403656457,0.00869299640266086,0.00272327700762542));
#4118=CARTESIAN_POINT('',(-0.00810676069566168,0.00835005175337986,0.00294334636385887));
#4119=CARTESIAN_POINT('',(-0.00780159004726367,0.00917271948515841,0.00214054873493019));
#4120=CARTESIAN_POINT('',(-0.00510290149719247,0.0109070613058201,0.00214054873493019));
#4121=CARTESIAN_POINT('',(-0.00552306101093961,0.0107104884112847,0.00179097814157844));
#4122=CARTESIAN_POINT('',(-0.00653270018165358,0.0101698391227881,0.00140902962298721));
#4123=CARTESIAN_POINT('',(-0.0074482260579809,0.00947326295934946,0.0017909638707232));
#4124=CARTESIAN_POINT('',(-0.00780159004726365,0.00917271948515839,0.00214054873493019));
#4125=CARTESIAN_POINT('',(-0.00422780413794893,0.0108429057651531,0.0029433463638589));
#4126=CARTESIAN_POINT('',(-0.00404352358999523,0.010706925088204,0.00308716269494017));
#4127=CARTESIAN_POINT('',(-0.0036989757215046,0.0104919722996961,0.00345068811082432));
#4128=CARTESIAN_POINT('',(-0.0034497680435532,0.0103519706270872,0.00424886591973224));
#4129=CARTESIAN_POINT('',(-0.00369800571420882,0.0104913907431949,0.00504825283793272));
#4130=CARTESIAN_POINT('',(-0.00404344580074508,0.0107068676874907,0.00541277659672855));
#4131=CARTESIAN_POINT('',(-0.00422780413794893,0.0108429057651531,0.0055566536361411));
#4132=CARTESIAN_POINT('',(-0.00532544664162631,0.0130762936281755,0.00481289296559374));
#4133=CARTESIAN_POINT('',(-0.00532571305497991,0.0130308900453519,0.00492684992699235));
#4134=CARTESIAN_POINT('',(-0.00534634996598043,0.0130012886485348,0.00504342463212395));
#4135=CARTESIAN_POINT('',(-0.00538570539119262,0.012984965407071,0.00515834781526851));
#4136=CARTESIAN_POINT('',(-0.00538570539119263,0.012984965407071,0.0033416521847315));
#4137=CARTESIAN_POINT('',(-0.00534637198717224,0.0130012795149216,0.00345651106300717));
#4138=CARTESIAN_POINT('',(-0.00532571297399785,0.0130309038467416,0.00357318471266253));
#4139=CARTESIAN_POINT('',(-0.00532544664162628,0.0130762936281755,0.00368710703440627));
#4140=CARTESIAN_POINT('',(-0.00538570539119264,0.012984965407071,0.0033416521847315));
#4141=CARTESIAN_POINT('',(-0.00538570539119264,0.012984965407071,0.0033416521847315));
#4142=CARTESIAN_POINT('',(-0.00556094026647462,0.0129122841651158,0.00282994256511067));
#4143=CARTESIAN_POINT('',(-0.00619802570390556,0.0126427897737049,0.00194566050449299));
#4144=CARTESIAN_POINT('',(-0.00761746047008489,0.0118568068348725,0.00142787256921618));
#4145=CARTESIAN_POINT('',(-0.00892339365017667,0.010891819599665,0.001942853062396));
#4146=CARTESIAN_POINT('',(-0.00943533365822492,0.0104223613070993,0.00282996069535963));
#4147=CARTESIAN_POINT('',(-0.00957423711773679,0.0102931595147896,0.00334165218473149));
#4148=CARTESIAN_POINT('',(-0.0096823454653196,0.0102762862830656,0.00368710655870086));
#4149=CARTESIAN_POINT('',(-0.00981322073497098,0.0103351139481579,0.00404729220847717));
#4150=CARTESIAN_POINT('',(-0.00981324338916218,0.01033512529235,0.00445264701495555));
#4151=CARTESIAN_POINT('',(-0.00968234591123611,0.0102762877274295,0.00481289374167714));
#4152=CARTESIAN_POINT('',(-0.0287615147683945,0.0409619939772803,0.00625));
#4153=CARTESIAN_POINT('',(4.65371522996364E-19,-7.24132224500183E-19,0.0042));
#4154=CARTESIAN_POINT('',(-0.00961920432040067,0.0102511490783198,0.00675));
#4155=CARTESIAN_POINT('',(-0.00966404386081537,0.0103209207651154,0.00675));
#4156=CARTESIAN_POINT('',(-0.00850780831158642,0.00852178313220118,0.00675));
#4157=CARTESIAN_POINT('',(3.98638338902825E-19,-6.20293363165274E-19,0.0042));
#4158=CARTESIAN_POINT('',(-0.00822136565897511,0.00879845081365989,0.00635945126506981));
#4159=CARTESIAN_POINT('',(-0.00813649773140911,0.00886884102459505,0.00625));
#4160=CARTESIAN_POINT('',(-0.0081660931536165,0.0088471613653065,0.00628661816220752));
#4161=CARTESIAN_POINT('',(-0.00819436778360918,0.00882367791444159,0.00632310040665063));
#4162=CARTESIAN_POINT('',(-0.00822136565897512,0.00879845081365991,0.00635945126506981));
#4163=CARTESIAN_POINT('',(0.00214519650871952,0.00137863408451177,0.00675));
#4164=CARTESIAN_POINT('',(0.,-7.99060886639539E-19,0.0033416521847315));
#4165=CARTESIAN_POINT('',(0.,-7.37344140568086E-19,0.00368710703440626));
#4166=CARTESIAN_POINT('',(-0.0137010858910352,0.00341029066056674,0.00368710703440626));
#4167=CARTESIAN_POINT('',(-0.0141068855507109,0.00058789203278844,0.00368710703440626));
#4168=CARTESIAN_POINT('',(-0.0137010858910352,0.00341029066056676,0.00368710703440627));
#4169=CARTESIAN_POINT('',(-0.0136561823657915,0.00341701596576313,0.00357315007300765));
#4170=CARTESIAN_POINT('',(-0.0136298192071638,0.00344165554076632,0.00345657536787606));
#4171=CARTESIAN_POINT('',(-0.0136192629737362,0.0034829334239647,0.0033416521847315));
#4172=CARTESIAN_POINT('',(-0.0136192629737362,0.0034829334239647,0.0033416521847315));
#4173=CARTESIAN_POINT('',(0.,-8.60777632710992E-19,0.0033416521847315));
#4174=CARTESIAN_POINT('',(-0.01404884286795,0.000495139632025299,0.0033416521847315));
#4175=CARTESIAN_POINT('',(-0.01404884286795,0.000495139632025294,0.0033416521847315));
#4176=CARTESIAN_POINT('',(-0.014047343015884,0.000537695680133297,0.00345651106300718));
#4177=CARTESIAN_POINT('',(-0.0140657081917221,0.000568794171697377,0.00357318471266254));
#4178=CARTESIAN_POINT('',(-0.0141068855507109,0.00058789203278845,0.00368710703440627));
#4179=CARTESIAN_POINT('',(0.,-7.37344140568086E-19,0.00425));
#4180=CARTESIAN_POINT('',(-0.0115496299348883,0.0081213251288475,0.00481289344129914));
#4181=CARTESIAN_POINT('',(-0.0116264843120069,0.00824249622731678,0.00445270779152282));
#4182=CARTESIAN_POINT('',(-0.0116264987647589,0.00824251703647414,0.00404735298504445));
#4183=CARTESIAN_POINT('',(-0.0115496314280111,0.00812132536467083,0.00368710625832285));
#4184=CARTESIAN_POINT('',(0.,-7.99060886639539E-19,0.0051583478152685));
#4185=CARTESIAN_POINT('',(0.,-8.60777632710992E-19,0.0051583478152685));
#4186=CARTESIAN_POINT('',(-0.0136192629737362,0.0034829334239647,0.0051583478152685));
#4187=CARTESIAN_POINT('',(-0.01404884286795,0.000495139632025299,0.0051583478152685));
#4188=CARTESIAN_POINT('',(-0.0136192629737362,0.00348293342396471,0.0051583478152685));
#4189=CARTESIAN_POINT('',(-0.0136298133004599,0.00344167863766284,0.00504348893699282));
#4190=CARTESIAN_POINT('',(-0.013656196015178,0.0034170139214628,0.00492681528733746));
#4191=CARTESIAN_POINT('',(-0.0137010858910352,0.00341029066056674,0.00481289296559372));
#4192=CARTESIAN_POINT('',(-0.0137010858910352,0.00341029066056674,0.00481289296559373));
#4193=CARTESIAN_POINT('',(0.,-7.37344140568086E-19,0.00481289296559373));
#4194=CARTESIAN_POINT('',(-0.0141068855507109,0.00058789203278844,0.00481289296559373));
#4195=CARTESIAN_POINT('',(-0.0141068855507109,0.000587892032788437,0.00481289296559373));
#4196=CARTESIAN_POINT('',(-0.0140656956711776,0.000568788364729009,0.00492684992699235));
#4197=CARTESIAN_POINT('',(-0.0140473421761771,0.000537719505553986,0.00504342463212394));
#4198=CARTESIAN_POINT('',(-0.01404884286795,0.000495139632025303,0.0051583478152685));
#4199=CARTESIAN_POINT('',(0.,-7.37344140568086E-19,0.00214054873493019));
#4200=CARTESIAN_POINT('',(-0.00941877260363418,0.00683590929590773,0.00294334636385886));
#4201=CARTESIAN_POINT('',(-0.00976840643917407,0.00685849676967393,0.00272333098448462));
#4202=CARTESIAN_POINT('',(-0.0100142093149567,0.00669534013136214,0.00238863855849082));
#4203=CARTESIAN_POINT('',(-0.0101896364526223,0.00641676701949537,0.00214054873492733));
#4204=CARTESIAN_POINT('',(-0.0101896364526196,0.00641676701948991,0.00214054873493019));
#4205=CARTESIAN_POINT('',(0.,-7.37344140568086E-19,0.00214054873493019));
#4206=CARTESIAN_POINT('',(0.,-7.37344140568086E-19,0.00425));
#4207=CARTESIAN_POINT('',(0.,-7.37344140568086E-19,0.0055566536361411));
#4208=CARTESIAN_POINT('',(-0.0113342198807862,0.00264166480743455,0.00555665363614114));
#4209=CARTESIAN_POINT('',(-0.0116193473175327,0.000658559925438725,0.0055566536361411));
#4210=CARTESIAN_POINT('',(-0.0116193473175327,0.000658559925438728,0.0029433463638589));
#4211=CARTESIAN_POINT('',(-0.0114191020368056,0.000769698993296047,0.00308716269494017));
#4212=CARTESIAN_POINT('',(-0.0110804437456194,0.000993816142973514,0.00345068811082434));
#4213=CARTESIAN_POINT('',(-0.0108495691340349,0.00116234462367902,0.00424886591973223));
#4214=CARTESIAN_POINT('',(-0.0110795117876255,0.00099445690534398,0.00504825283793271));
#4215=CARTESIAN_POINT('',(-0.0114190175084579,0.000769745907768827,0.00541277659672855));
#4216=CARTESIAN_POINT('',(-0.0116193473175327,0.000658559925438725,0.0055566536361411));
#4217=CARTESIAN_POINT('',(-0.0116193473175327,0.000658559925438712,0.00294334636385887));
#4218=CARTESIAN_POINT('',(0.,-7.37344140568086E-19,0.0029433463638589));
#4219=CARTESIAN_POINT('',(-0.0113342198807862,0.00264166480743454,0.0029433463638589));
#4220=CARTESIAN_POINT('',(-0.0113342198807862,0.00264166480743455,0.0055566536361411));
#4221=CARTESIAN_POINT('',(-0.0111733974357271,0.00247861203885674,0.0054128373059948));
#4222=CARTESIAN_POINT('',(-0.0109115982505483,0.00216816210355272,0.00504931183296901));
#4223=CARTESIAN_POINT('',(-0.0107375556793903,0.00194141536036005,0.00425113404063327));
#4224=CARTESIAN_POINT('',(-0.010910884605588,0.00216728478093983,0.00345174714955387));
#4225=CARTESIAN_POINT('',(-0.0111733295510073,0.00247854321269566,0.00308722340027833));
#4226=CARTESIAN_POINT('',(-0.0113342198807862,0.00264166480743454,0.00294334636385891));
#4227=CARTESIAN_POINT('',(0.,-8.60777632710992E-19,0.00675));
#4228=CARTESIAN_POINT('',(0.,-8.60777632710992E-19,0.00675));
#4229=CARTESIAN_POINT('',(-0.0115157626688144,0.00806240406696987,0.00675));
#4230=CARTESIAN_POINT('',(-0.0117989130188842,0.0076420416615168,0.00592928556237466));
#4231=CARTESIAN_POINT('',(-0.0116945524888608,0.007803168866901,0.00569744009017555));
#4232=CARTESIAN_POINT('',(-0.0116105901372274,0.00792592566113561,0.00544062463754858));
#4233=CARTESIAN_POINT('',(-0.0115509459994403,0.00801191585711976,0.0051583478152685));
#4234=CARTESIAN_POINT('',(-0.0117989130188842,0.0076420416615168,0.00592928556237467));
#4235=CARTESIAN_POINT('',(-0.0117989130188842,0.0076420416615168,0.00675));
#4236=CARTESIAN_POINT('',(-0.0117989130188842,0.0076420416615168,0.00625));
#4237=CARTESIAN_POINT('',(7.82990875599438E-19,-3.57579951484369E-19,0.0042));
#4238=CARTESIAN_POINT('',(0.,0.,0.00675));
#4239=CARTESIAN_POINT('',(0.,-7.37344140568086E-19,0.00675));
#4240=CARTESIAN_POINT('',(-0.00964583103123551,0.00720843490196184,0.00675));
#4241=CARTESIAN_POINT('',(0.00105930828315481,0.00231956158815403,0.00675));
#4242=CARTESIAN_POINT('',(0.,-7.37344140568086E-19,0.00635945126506981));
#4243=CARTESIAN_POINT('',(0.,-7.37344140568086E-19,0.00635945126506981));
#4244=CARTESIAN_POINT('',(-0.00987891759483788,0.00688553390619566,0.00635945126506981));
#4245=CARTESIAN_POINT('',(-0.00987891759483788,0.00688553390619566,0.00635945126506981));
#4246=CARTESIAN_POINT('',(-0.00990004572184184,0.00685522063950511,0.00632310040665031));
#4247=CARTESIAN_POINT('',(-0.00991926624564075,0.00682389176096479,0.00628661816220764));
#4248=CARTESIAN_POINT('',(-0.00993651336953228,0.00679151224027667,0.00624999999999983));
#4249=CARTESIAN_POINT('',(-0.00993651336953223,0.00679151224027683,0.00625000000000046));
#4250=CARTESIAN_POINT('',(-0.00993651336953223,0.00679151224027684,0.00625000000000046));
#4251=CARTESIAN_POINT('',(-0.00992516585746824,0.00678633000515795,0.00613836400203899));
#4252=CARTESIAN_POINT('',(-0.00989675115463392,0.00677335344517804,0.00603037120612131));
#4253=CARTESIAN_POINT('',(-0.00985227616248137,0.00675304239682259,0.0059292855623747));
#4254=CARTESIAN_POINT('',(-0.00985227616248142,0.00675304239682259,0.00592928556237467));
#4255=CARTESIAN_POINT('',(-0.00985227616248138,0.00675304239682256,0.00592928556237469));
#4256=CARTESIAN_POINT('',(-0.00972833356314228,0.00681908385062792,0.00579309662062824));
#4257=CARTESIAN_POINT('',(-0.00958433428783822,0.00684660511484465,0.0056608372507024));
#4258=CARTESIAN_POINT('',(-0.00941877260363497,0.00683590929590922,0.00555665363614001));
#4259=CARTESIAN_POINT('',(0.,-7.37344140568086E-19,0.00675));
#4260=CARTESIAN_POINT('',(6.70711821847911E-19,-3.06303825740956E-19,0.0042));
#4261=CARTESIAN_POINT('',(-0.0463414518169761,0.0189097732895505,0.00842928556237467));
#4262=CARTESIAN_POINT('',(-0.0135021145721919,0.00391255048056327,0.00675));
#4263=CARTESIAN_POINT('',(-0.0135021145721919,0.00391255048056327,0.00625));
#4264=CARTESIAN_POINT('',(-0.0135021145721919,0.00391255048056327,0.00592928556237467));
#4265=CARTESIAN_POINT('',(-0.0116452608409945,0.00306455379528031,0.00625));
#4266=CARTESIAN_POINT('',(-0.0116397149228396,0.00306202105932316,0.00624999999999722));
#4267=CARTESIAN_POINT('',(-0.0116397149228396,0.00306202105932316,0.00624999999999722));
#4268=CARTESIAN_POINT('',(-0.0116283674107754,0.00305683882420416,0.00613836400203692));
#4269=CARTESIAN_POINT('',(-0.0115999527079412,0.0030438622642243,0.00603037120612033));
#4270=CARTESIAN_POINT('',(-0.0115554777157891,0.00302355121586905,0.00592928556237469));
#4271=CARTESIAN_POINT('',(-0.0115554777157891,0.00302355121586907,0.00592928556237467));
#4272=CARTESIAN_POINT('',(-0.0463414518169761,0.0189097732895505,0.00592928556237467));
#4273=CARTESIAN_POINT('',(-0.0446382502636684,0.0226392644705041,0.00842928556237467));
#4274=CARTESIAN_POINT('',(-0.0446382502636684,0.0226392644705041,0.00625));
#4275=CARTESIAN_POINT('',(-0.0446382502636684,0.0226392644705041,0.00592928556237467));
#4276=CARTESIAN_POINT('',(-0.0454898510403223,0.0207745188800273,0.00425));
#4277=CARTESIAN_POINT('',(-0.0136192629737362,0.0034829334239647,0.0051583478152685));
#4278=CARTESIAN_POINT('',(-0.0135933345235694,0.00358432105856432,0.00544062463754859));
#4279=CARTESIAN_POINT('',(-0.0135555447757919,0.00372816417444231,0.00569744009017556));
#4280=CARTESIAN_POINT('',(-0.0135021145721919,0.00391255048056327,0.00592928556237467));
#4281=CARTESIAN_POINT('',(-0.0113342198807862,0.00264166480743456,0.00555665363614113));
#4282=CARTESIAN_POINT('',(-0.0114507754799144,0.00275983682704361,0.00566088410296721));
#4283=CARTESIAN_POINT('',(-0.0115242030781753,0.00288654477968263,0.00579300817918809));
#4284=CARTESIAN_POINT('',(-0.0115554777157898,0.00302355121586892,0.00592928556237461));
#4285=CARTESIAN_POINT('',(-0.0115222617497081,0.00349872465195284,0.0021405487349302));
#4286=CARTESIAN_POINT('',(-0.0116178851987559,0.00318381035633266,0.00238856666767067));
#4287=CARTESIAN_POINT('',(-0.011580312184185,0.00289116997681622,0.00272327700762543));
#4288=CARTESIAN_POINT('',(-0.0113342198807862,0.00264166480743455,0.00294334636385887));
#4289=CARTESIAN_POINT('',(-0.0115222617497081,0.00349872465195283,0.00214054873493019));
#4290=CARTESIAN_POINT('',(-0.0101896364526196,0.00641676701948991,0.00214054873493019));
#4291=CARTESIAN_POINT('',(-0.0104368217975208,0.00602424399452917,0.00179097814157844));
#4292=CARTESIAN_POINT('',(-0.010993887243479,0.00502356872396871,0.0014090296229872));
#4293=CARTESIAN_POINT('',(-0.0113874791149162,0.00394260090741062,0.0017909638707232));
#4294=CARTESIAN_POINT('',(-0.011522261749708,0.00349872465195283,0.00214054873493019));
#4295=CARTESIAN_POINT('',(-0.0115509459994403,0.00801191585711976,0.0033416521847315));
#4296=CARTESIAN_POINT('',(-0.0116590685112822,0.00785603337933521,0.00282994256511067));
#4297=CARTESIAN_POINT('',(-0.0120493192181641,0.00728488587880088,0.00194566050449299));
#4298=CARTESIAN_POINT('',(-0.0128184892712794,0.005856270582451,0.00142787256921618));
#4299=CARTESIAN_POINT('',(-0.0133953986849962,0.00433843087966847,0.001942853062396));
#4300=CARTESIAN_POINT('',(-0.0135722617103104,0.00366672176809127,0.00282996069535963));
#4301=CARTESIAN_POINT('',(-0.0136192629737362,0.00348293342396469,0.00334165218473149));
#4302=CARTESIAN_POINT('',(-0.0137010871452764,0.00341029097275567,0.00368710655870086));
#4303=CARTESIAN_POINT('',(-0.0138429910651754,0.00338902344107374,0.00404729220847717));
#4304=CARTESIAN_POINT('',(-0.013843016256227,0.0033890207366349,0.00445264701495554));
#4305=CARTESIAN_POINT('',(-0.0137010883012873,0.0034102919467512,0.00481289374167714));
#4306=CARTESIAN_POINT('',(-0.0463414518169761,0.0189097732895505,0.00625));
#4307=CARTESIAN_POINT('',(7.82990875599438E-19,-3.57579951484369E-19,0.0042));
#4308=CARTESIAN_POINT('',(-0.0136343792351241,0.00342328089066183,0.00675));
#4309=CARTESIAN_POINT('',(-0.0137098220786928,0.00345773448288602,0.00675));
#4310=CARTESIAN_POINT('',(-0.0117644475975451,0.00256931172565379,0.00675));
#4311=CARTESIAN_POINT('',(6.70711821847911E-19,-3.06303825740956E-19,0.0042));
#4312=CARTESIAN_POINT('',(-0.0116730545455497,0.00295692197996308,0.00635945126506981));
#4313=CARTESIAN_POINT('',(-0.0116397149228416,0.00306202105932406,0.00625));
#4314=CARTESIAN_POINT('',(-0.0116528912676093,0.00302778247610184,0.00628661816220752));
#4315=CARTESIAN_POINT('',(-0.0116639812879078,0.00299274052102617,0.00632310040665063));
#4316=CARTESIAN_POINT('',(-0.0116730545455497,0.00295692197996309,0.00635945126506981));
#4317=CARTESIAN_POINT('',(0.00105930828315481,0.00231956158815403,0.00675));
#4318=CARTESIAN_POINT('',(0.,-7.99060886639539E-19,0.0033416521847315));
#4319=CARTESIAN_POINT('',(0.,-7.37344140568086E-19,0.00368710703440626));
#4320=CARTESIAN_POINT('',(-0.0133698292399468,-0.00453844720997566,0.00368710703440626));
#4321=CARTESIAN_POINT('',(-0.0121853057359631,-0.00713219188638232,0.00368710703440626));
#4322=CARTESIAN_POINT('',(-0.0133698292399468,-0.00453844720997566,0.00368710703440626));
#4323=CARTESIAN_POINT('',(-0.013335689965198,-0.00450851284462546,0.00357315007300765));
#4324=CARTESIAN_POINT('',(-0.0133268330248373,-0.00447353171547535,0.00345657536787606));
#4325=CARTESIAN_POINT('',(-0.0133402690646882,-0.0044330994197374,0.0033416521847315));
#4326=CARTESIAN_POINT('',(-0.0133402690646882,-0.00443309941973739,0.0033416521847315));
#4327=CARTESIAN_POINT('',(0.,-8.60777632710992E-19,0.0033416521847315));
#4328=CARTESIAN_POINT('',(-0.0120863313902659,-0.00717883992774773,0.0033416521847315));
#4329=CARTESIAN_POINT('',(-0.0120863313902659,-0.00717883992774775,0.0033416521847315));
#4330=CARTESIAN_POINT('',(-0.0121080771710535,-0.00714222862068652,0.00345651106300718));
#4331=CARTESIAN_POINT('',(-0.0121403400540092,-0.00712599586847034,0.00357318471266254));
#4332=CARTESIAN_POINT('',(-0.012185305735963,-0.00713219188638231,0.00368710703440627));
#4333=CARTESIAN_POINT('',(0.,-7.37344140568086E-19,0.00425));
#4334=CARTESIAN_POINT('',(-0.0141068868421003,0.000587892086605956,0.00481289344129913));
#4335=CARTESIAN_POINT('',(-0.0142370509000933,0.000648277087999846,0.00445270779152282));
#4336=CARTESIAN_POINT('',(-0.0142370743088019,0.0006482867800293,0.00404735298504445));
#4337=CARTESIAN_POINT('',(-0.0141068882256909,0.000587891477749996,0.00368710625832285));
#4338=CARTESIAN_POINT('',(0.,-7.99060886639539E-19,0.0051583478152685));
#4339=CARTESIAN_POINT('',(0.,-8.60777632710992E-19,0.0051583478152685));
#4340=CARTESIAN_POINT('',(-0.0133402690646882,-0.00443309941973739,0.0051583478152685));
#4341=CARTESIAN_POINT('',(-0.0120863313902659,-0.00717883992774773,0.0051583478152685));
#4342=CARTESIAN_POINT('',(-0.0133402690646882,-0.00443309941973739,0.0051583478152685));
#4343=CARTESIAN_POINT('',(-0.0133268405429269,-0.00447350909172438,0.00504348893699282));
#4344=CARTESIAN_POINT('',(-0.0133357003425604,-0.00450852194381583,0.00492681528733746));
#4345=CARTESIAN_POINT('',(-0.0133698292399468,-0.00453844720997567,0.00481289296559373));
#4346=CARTESIAN_POINT('',(-0.0133698292399468,-0.00453844720997565,0.00481289296559373));
#4347=CARTESIAN_POINT('',(0.,-7.37344140568086E-19,0.00481289296559373));
#4348=CARTESIAN_POINT('',(-0.0121853057359631,-0.00713219188638232,0.00481289296559373));
#4349=CARTESIAN_POINT('',(-0.0121853057359631,-0.00713219188638233,0.00481289296559373));
#4350=CARTESIAN_POINT('',(-0.0121403263815727,-0.00712599398448557,0.00492684992699235));
#4351=CARTESIAN_POINT('',(-0.012108089345642,-0.00714220812348737,0.00504342463212394));
#4352=CARTESIAN_POINT('',(-0.0120863313902659,-0.00717883992774773,0.0051583478152685));
#4353=CARTESIAN_POINT('',(0.,-7.37344140568086E-19,0.00214054873493019));
#4354=CARTESIAN_POINT('',(-0.0116193473175327,0.000658559925438708,0.00294334636385887));
#4355=CARTESIAN_POINT('',(-0.0119256897271591,0.000488535394885836,0.00272333098448463));
#4356=CARTESIAN_POINT('',(-0.0120442631264812,0.000218388228805114,0.00238863855849083));
#4357=CARTESIAN_POINT('',(-0.012041233830876,-0.000110805456815991,0.00214054873492733));
#4358=CARTESIAN_POINT('',(-0.0120412338308708,-0.000110805456819116,0.00214054873493019));
#4359=CARTESIAN_POINT('',(0.,-7.37344140568086E-19,0.00214054873493019));
#4360=CARTESIAN_POINT('',(0.,-7.37344140568086E-19,0.00425));
#4361=CARTESIAN_POINT('',(0.,-7.37344140568086E-19,0.0055566536361411));
#4362=CARTESIAN_POINT('',(-0.0109631443375319,-0.00390543204975962,0.00555665363614114));
#4363=CARTESIAN_POINT('',(-0.0101308613564996,-0.00572787756819502,0.0055566536361411));
#4364=CARTESIAN_POINT('',(-0.0101308613564996,-0.00572787756819501,0.0029433463638589));
#4365=CARTESIAN_POINT('',(-0.0100224906231528,-0.00552612066246057,0.00308716269494017));
#4366=CARTESIAN_POINT('',(-0.00985876001827724,-0.00515448882314133,0.00345068811082435));
#4367=CARTESIAN_POINT('',(-0.00975564931121392,-0.00488789340462831,0.00424886591973224));
#4368=CARTESIAN_POINT('',(-0.00985832242761416,-0.00515344592500179,0.00504825283793271));
#4369=CARTESIAN_POINT('',(-0.0100224448772606,-0.0055260354960196,0.00541277659672855));
#4370=CARTESIAN_POINT('',(-0.0101308613564996,-0.00572787756819502,0.0055566536361411));
#4371=CARTESIAN_POINT('',(-0.0101308613564995,-0.00572787756819501,0.00294334636385887));
#4372=CARTESIAN_POINT('',(0.,-7.37344140568086E-19,0.0029433463638589));
#4373=CARTESIAN_POINT('',(-0.0109631443375319,-0.00390543204975964,0.0029433463638589));
#4374=CARTESIAN_POINT('',(-0.0109631443375319,-0.00390543204975964,0.0055566536361411));
#4375=CARTESIAN_POINT('',(-0.010739698905375,-0.00395565358920164,0.0054128373059948));
#4376=CARTESIAN_POINT('',(-0.0103516175091493,-0.00407528136855913,0.00504931183296901));
#4377=CARTESIAN_POINT('',(-0.0100826150367045,-0.00417193834938496,0.00425113404063326));
#4378=CARTESIAN_POINT('',(-0.0103505428363907,-0.00407563359371196,0.00345174714955386));
#4379=CARTESIAN_POINT('',(-0.0107396045868827,-0.00395567478820238,0.00308722340027833));
#4380=CARTESIAN_POINT('',(-0.0109631443375319,-0.00390543204975964,0.00294334636385891));
#4381=CARTESIAN_POINT('',(0.,-8.60777632710992E-19,0.00675));
#4382=CARTESIAN_POINT('',(0.,-8.60777632710992E-19,0.00675));
#4383=CARTESIAN_POINT('',(-0.0140465407538095,0.000556634561558395,0.00675));
#4384=CARTESIAN_POINT('',(-0.0140574769116163,4.99205661770564E-5,0.00592928556237466));
#4385=CARTESIAN_POINT('',(-0.0140567951910793,0.000241890959203636,0.00569744009017555));
#4386=CARTESIAN_POINT('',(-0.0140525288997261,0.000390554020455127,0.00544062463754858));
#4387=CARTESIAN_POINT('',(-0.01404884286795,0.000495139632025298,0.0051583478152685));
#4388=CARTESIAN_POINT('',(-0.0140574769116163,4.99205661770564E-5,0.00592928556237467));
#4389=CARTESIAN_POINT('',(-0.0140574769116163,4.99205661770564E-5,0.00675));
#4390=CARTESIAN_POINT('',(-0.0140574769116163,4.99205661770564E-5,0.00625));
#4391=CARTESIAN_POINT('',(8.52016157548849E-19,1.22501429588526E-19,0.0042));
#4392=CARTESIAN_POINT('',(0.,0.,0.00675));
#4393=CARTESIAN_POINT('',(0.,-7.37344140568086E-19,0.00675));
#4394=CARTESIAN_POINT('',(-0.0120117635700916,0.000849191353693249,0.00675));
#4395=CARTESIAN_POINT('',(-0.000362902837596877,0.00252404467679638,0.00675));
#4396=CARTESIAN_POINT('',(0.,-7.37344140568086E-19,0.00635945126506981));
#4397=CARTESIAN_POINT('',(0.,-7.37344140568086E-19,0.00635945126506981));
#4398=CARTESIAN_POINT('',(-0.0120332750068693,0.00045153363996635,0.00635945126506981));
#4399=CARTESIAN_POINT('',(-0.0120332750068693,0.00045153363996635,0.00635945126506981));
#4400=CARTESIAN_POINT('',(-0.0120346605290702,0.000414609769416541,0.00632310040665031));
#4401=CARTESIAN_POINT('',(-0.0120338921921149,0.000377862839966292,0.00628661816220764));
#4402=CARTESIAN_POINT('',(-0.0120308957054862,0.000341298954636553,0.00624999999999983));
#4403=CARTESIAN_POINT('',(-0.0120308957054862,0.000341298954636714,0.00625000000000046));
#4404=CARTESIAN_POINT('',(-0.0120308957054862,0.000341298954636713,0.00625000000000046));
#4405=CARTESIAN_POINT('',(-0.0120185478430426,0.000343074309233338,0.00613836400203899));
#4406=CARTESIAN_POINT('',(-0.0119876282159036,0.000347519880474346,0.00603037120612131));
#4407=CARTESIAN_POINT('',(-0.0119392324898464,0.000354478135403505,0.0059292855623747));
#4408=CARTESIAN_POINT('',(-0.0119392324898464,0.000354478135403501,0.00592928556237467));
#4409=CARTESIAN_POINT('',(-0.0119392324898464,0.000354478135403489,0.00592928556237468));
#4410=CARTESIAN_POINT('',(-0.0118706700458553,0.000477044169954817,0.00579309662062824));
#4411=CARTESIAN_POINT('',(-0.0117644092655642,0.000578048416618518,0.0056608372507024));
#4412=CARTESIAN_POINT('',(-0.0116193473175341,0.000658559925439538,0.00555665363614001));
#4413=CARTESIAN_POINT('',(0.,-7.37344140568086E-19,0.00675));
#4414=CARTESIAN_POINT('',(7.2983904037956E-19,1.04935012116702E-19,0.0042));
#4415=CARTESIAN_POINT('',(-0.0492083053467197,-0.00914616680753807,0.00842928556237467));
#4416=CARTESIAN_POINT('',(-0.0134739860746958,-0.00400834734553477,0.00675));
#4417=CARTESIAN_POINT('',(-0.0134739860746958,-0.00400834734553477,0.00625));
#4418=CARTESIAN_POINT('',(-0.0134739860746958,-0.00400834734553477,0.00592928556237467));
#4419=CARTESIAN_POINT('',(-0.0114534396922443,-0.00371783663372816,0.00625));
#4420=CARTESIAN_POINT('',(-0.0114474048685654,-0.00371696895707506,0.00624999999999722));
#4421=CARTESIAN_POINT('',(-0.0114474048685654,-0.00371696895707507,0.00624999999999722));
#4422=CARTESIAN_POINT('',(-0.0114350570061215,-0.00371519360247841,0.00613836400203693));
#4423=CARTESIAN_POINT('',(-0.0114041373789827,-0.00371074803123742,0.00603037120612033));
#4424=CARTESIAN_POINT('',(-0.0113557416529259,-0.00370378977630833,0.00592928556237469));
#4425=CARTESIAN_POINT('',(-0.0113557416529259,-0.00370378977630832,0.00592928556237467));
#4426=CARTESIAN_POINT('',(-0.0492083053467197,-0.00914616680753807,0.00592928556237467));
#4427=CARTESIAN_POINT('',(-0.0497917961836402,-0.00508789889582624,0.00842928556237467));
#4428=CARTESIAN_POINT('',(-0.0497917961836402,-0.00508789889582624,0.00625));
#4429=CARTESIAN_POINT('',(-0.0497917961836402,-0.00508789889582624,0.00592928556237467));
#4430=CARTESIAN_POINT('',(-0.04950005076518,-0.00711703285168216,0.00425));
#4431=CARTESIAN_POINT('',(-0.0133402690646882,-0.00443309941973739,0.0051583478152685));
#4432=CARTESIAN_POINT('',(-0.0133732709580343,-0.0043337887354515,0.00544062463754859));
#4433=CARTESIAN_POINT('',(-0.0134192476589654,-0.00419234952591585,0.00569744009017556));
#4434=CARTESIAN_POINT('',(-0.0134739860746958,-0.00400834734553477,0.00592928556237467));
#4435=CARTESIAN_POINT('',(-0.0109631443375319,-0.00390543204975962,0.00555665363614114));
#4436=CARTESIAN_POINT('',(-0.0111250857643516,-0.00386903413517343,0.00566088410296722));
#4437=CARTESIAN_POINT('',(-0.0112553604818887,-0.00380213857912559,0.0057930081791881));
#4438=CARTESIAN_POINT('',(-0.0113557416529264,-0.00370378977630879,0.00592928556237461));
#4439=CARTESIAN_POINT('',(-0.0115846967590313,-0.00328609053744067,0.00214054873493019));
#4440=CARTESIAN_POINT('',(-0.0114948848011518,-0.00360271124083132,0.00238856666767065));
#4441=CARTESIAN_POINT('',(-0.0113050630359026,-0.00382858248863669,0.00272327700762542));
#4442=CARTESIAN_POINT('',(-0.0109631443375319,-0.00390543204975962,0.00294334636385887));
#4443=CARTESIAN_POINT('',(-0.0115846967590313,-0.00328609053744066,0.00214054873493019));
#4444=CARTESIAN_POINT('',(-0.0120412338308708,-0.000110805456819116,0.00214054873493019));
#4445=CARTESIAN_POINT('',(-0.0120369654064481,-0.000574655325215348,0.00179097814157843));
#4446=CARTESIAN_POINT('',(-0.0119645927845952,-0.00171764924987027,0.0014090296229872));
#4447=CARTESIAN_POINT('',(-0.0117112880129482,-0.00283980907554424,0.0017909638707232));
#4448=CARTESIAN_POINT('',(-0.0115846967590313,-0.00328609053744066,0.00214054873493019));
#4449=CARTESIAN_POINT('',(-0.01404884286795,0.000495139632025299,0.0033416521847315));
#4450=CARTESIAN_POINT('',(-0.0140555248827991,0.000305547503695036,0.00282994256511066));
#4451=CARTESIAN_POINT('',(-0.0140750390170769,-0.000385917810078488,0.001945660504493));
#4452=CARTESIAN_POINT('',(-0.0139497382999599,-0.00200359020146807,0.00142787256921618));
#4453=CARTESIAN_POINT('',(-0.0136144592846938,-0.00359237899073504,0.001942853062396));
#4454=CARTESIAN_POINT('',(-0.0134000925663911,-0.00425307602446776,0.00282996069535963));
#4455=CARTESIAN_POINT('',(-0.0133402690646882,-0.0044330994197374,0.00334165218473149));
#4456=CARTESIAN_POINT('',(-0.0133698304638637,-0.00453844762543964,0.00368710655870086));
#4457=CARTESIAN_POINT('',(-0.0134777095420876,-0.00463305806285599,0.00404729220847717));
#4458=CARTESIAN_POINT('',(-0.0134777292720187,-0.00463307395728547,0.00445264701495555));
#4459=CARTESIAN_POINT('',(-0.0133698319629437,-0.00453844743104914,0.00481289374167714));
#4460=CARTESIAN_POINT('',(-0.0492083053467197,-0.00914616680753807,0.00625));
#4461=CARTESIAN_POINT('',(8.52016157548849E-19,1.22501429588526E-19,0.0042));
#4462=CARTESIAN_POINT('',(-0.0133207350786157,-0.00449145479203436,0.00675));
#4463=CARTESIAN_POINT('',(-0.0134028286555592,-0.00450325806647523,0.00675));
#4464=CARTESIAN_POINT('',(-0.0112859578948979,-0.00419889799989951,0.00675));
#4465=CARTESIAN_POINT('',(7.2983904037956E-19,1.04935012116702E-19,0.0042));
#4466=CARTESIAN_POINT('',(-0.0114186310917744,-0.00382340868975966,0.00635945126506981));
#4467=CARTESIAN_POINT('',(-0.0114474048685675,-0.00371696895707536,0.00625));
#4468=CARTESIAN_POINT('',(-0.0114399787395314,-0.00375289595597646,0.00628661816220752));
#4469=CARTESIAN_POINT('',(-0.0114303631470493,-0.00378837084212099,0.00632310040665063));
#4470=CARTESIAN_POINT('',(-0.0114186310917745,-0.00382340868975967,0.00635945126506981));
#4471=CARTESIAN_POINT('',(-0.000362902837596877,0.00252404467679638,0.00675));
#4472=CARTESIAN_POINT('',(0.,-7.99060886639539E-19,0.0033416521847315));
#4473=CARTESIAN_POINT('',(0.,-7.37344140568086E-19,0.00368710703440626));
#4474=CARTESIAN_POINT('',(-0.00879374627187455,-0.0110462601584864,0.00368710703440626));
#4475=CARTESIAN_POINT('',(-0.00639497744730306,-0.0125878552752865,0.00368710703440626));
#4476=CARTESIAN_POINT('',(-0.00879374627187455,-0.0110462601584864,0.00368710703440626));
#4477=CARTESIAN_POINT('',(-0.00878121022613676,-0.011002620682475,0.00357315007300764));
#4478=CARTESIAN_POINT('',(-0.00879267152002749,-0.0109684042605183,0.00345657536787606));
#4479=CARTESIAN_POINT('',(-0.00882583398543868,-0.0109416545204566,0.0033416521847315));
#4480=CARTESIAN_POINT('',(-0.00882583398543869,-0.0109416545204566,0.0033416521847315));
#4481=CARTESIAN_POINT('',(0.,-8.60777632710992E-19,0.0033416521847315));
#4482=CARTESIAN_POINT('',(-0.00628649509410919,-0.0125735885337199,0.0033416521847315));
#4483=CARTESIAN_POINT('',(-0.00628649509410918,-0.01257358853372,0.0033416521847315));
#4484=CARTESIAN_POINT('',(-0.00632458237599856,-0.0125545457990143,0.00345651106300718));
#4485=CARTESIAN_POINT('',(-0.00636049972869207,-0.0125583325702795,0.00357318471266253));
#4486=CARTESIAN_POINT('',(-0.00639497744730305,-0.0125878552752865,0.00368710703440627));
#4487=CARTESIAN_POINT('',(0.,-7.37344140568086E-19,0.00425));
#4488=CARTESIAN_POINT('',(-0.0121853068514449,-0.00713219253928599,0.00481289344129913));
#4489=CARTESIAN_POINT('',(-0.0123274544215948,-0.00715176544625002,0.00445270779152282));
#4490=CARTESIAN_POINT('',(-0.0123274793541603,-0.00715176994849933,0.00404735298504445));
#4491=CARTESIAN_POINT('',(-0.012185307686223,-0.00713219379951377,0.00368710625832285));
#4492=CARTESIAN_POINT('',(0.,-7.99060886639539E-19,0.0051583478152685));
#4493=CARTESIAN_POINT('',(0.,-8.60777632710992E-19,0.0051583478152685));
#4494=CARTESIAN_POINT('',(-0.00882583398543869,-0.0109416545204566,0.0051583478152685));
#4495=CARTESIAN_POINT('',(-0.00628649509410919,-0.0125735885337199,0.0051583478152685));
#4496=CARTESIAN_POINT('',(-0.0088258339854387,-0.0109416545204566,0.0051583478152685));
#4497=CARTESIAN_POINT('',(-0.00879269007597011,-0.0109683892927939,0.00504348893699282));
#4498=CARTESIAN_POINT('',(-0.00878121403673586,-0.0110026339476267,0.00492681528733746));
#4499=CARTESIAN_POINT('',(-0.00879374627187452,-0.0110462601584864,0.00481289296559373));
#4500=CARTESIAN_POINT('',(-0.00879374627187455,-0.0110462601584864,0.00481289296559373));
#4501=CARTESIAN_POINT('',(0.,-7.37344140568086E-19,0.00481289296559373));
#4502=CARTESIAN_POINT('',(-0.00639497744730306,-0.0125878552752865,0.00481289296559373));
#4503=CARTESIAN_POINT('',(-0.00639497744730305,-0.0125878552752865,0.00481289296559373));
#4504=CARTESIAN_POINT('',(-0.00636048924526568,-0.0125583235934935,0.00492684992699235));
#4505=CARTESIAN_POINT('',(-0.00632460369953667,-0.0125545351377526,0.00504342463212394));
#4506=CARTESIAN_POINT('',(-0.00628649509410919,-0.0125735885337199,0.0051583478152685));
#4507=CARTESIAN_POINT('',(0.,-7.37344140568086E-19,0.00214054873493019));
#4508=CARTESIAN_POINT('',(-0.0101308613564995,-0.00572787756819501,0.00294334636385887));
#4509=CARTESIAN_POINT('',(-0.0102966507896682,-0.00603653251595235,0.00272333098448462));
#4510=CARTESIAN_POINT('',(-0.0102503484960445,-0.00632790039334004,0.00238863855849083));
#4511=CARTESIAN_POINT('',(-0.0100698245471192,-0.00660319798350222,0.00214054873492734));
#4512=CARTESIAN_POINT('',(-0.0100698245471131,-0.00660319798350202,0.00214054873493019));
#4513=CARTESIAN_POINT('',(0.,-7.37344140568086E-19,0.00214054873493019));
#4514=CARTESIAN_POINT('',(0.,-7.37344140568086E-19,0.00425));
#4515=CARTESIAN_POINT('',(0.,-7.37344140568086E-19,0.0055566536361411));
#4516=CARTESIAN_POINT('',(-0.00711134792898754,-0.00921258182561935,0.00555665363614114));
#4517=CARTESIAN_POINT('',(-0.00542589849602363,-0.0102957544051758,0.0055566536361411));
#4518=CARTESIAN_POINT('',(-0.00542589849602363,-0.0102957544051758,0.0029433463638589));
#4519=CARTESIAN_POINT('',(-0.00544380925218371,-0.0100674360535887,0.00308716269494017));
#4520=CARTESIAN_POINT('',(-0.00550698964380167,-0.00966628000778645,0.00345068811082434));
#4521=CARTESIAN_POINT('',(-0.00556437976220669,-0.00938625981317064,0.00424886591973223));
#4522=CARTESIAN_POINT('',(-0.00550718535241309,-0.00966516608666838,0.00504825283793271));
#4523=CARTESIAN_POINT('',(-0.00544381681274454,-0.0100673396749228,0.00541277659672855));
#4524=CARTESIAN_POINT('',(-0.00542589849602363,-0.0102957544051758,0.0055566536361411));
#4525=CARTESIAN_POINT('',(-0.0054258984960236,-0.0102957544051758,0.00294334636385887));
#4526=CARTESIAN_POINT('',(0.,-7.37344140568086E-19,0.0029433463638589));
#4527=CARTESIAN_POINT('',(-0.00711134792898755,-0.00921258182561938,0.0029433463638589));
#4528=CARTESIAN_POINT('',(-0.00711134792898755,-0.00921258182561939,0.0055566536361411));
#4529=CARTESIAN_POINT('',(-0.0068962218556528,-0.00913402715200118,0.0054128373059948));
#4530=CARTESIAN_POINT('',(-0.00650507134962957,-0.00902485180071562,0.00504931183296902));
#4531=CARTESIAN_POINT('',(-0.00622651536021864,-0.00896073111070802,0.00425113404063326));
#4532=CARTESIAN_POINT('',(-0.00650397685008019,-0.00902456709941107,0.00345174714955385));
#4533=CARTESIAN_POINT('',(-0.00689613104884281,-0.00913399399330864,0.00308722340027833));
#4534=CARTESIAN_POINT('',(-0.00711134792898755,-0.00921258182561938,0.00294334636385891));
#4535=CARTESIAN_POINT('',(0.,-8.60777632710992E-19,0.00675));
#4536=CARTESIAN_POINT('',(0.,-8.60777632710992E-19,0.00675));
#4537=CARTESIAN_POINT('',(-0.0121176413975844,-0.007125862484156,0.00675));
#4538=CARTESIAN_POINT('',(-0.0118528912102958,-0.00755804995620204,0.00592928556237466));
#4539=CARTESIAN_POINT('',(-0.0119561047406988,-0.00739618561892104,0.00569744009017555));
#4540=CARTESIAN_POINT('',(-0.0120328890269863,-0.00726881576219702,0.00544062463754858));
#4541=CARTESIAN_POINT('',(-0.0120863313902659,-0.00717883992774774,0.0051583478152685));
#4542=CARTESIAN_POINT('',(-0.0118528912102958,-0.00755804995620204,0.00592928556237467));
#4543=CARTESIAN_POINT('',(-0.0118528912102958,-0.00755804995620204,0.00675));
#4544=CARTESIAN_POINT('',(-0.0118528912102958,-0.00755804995620204,0.00625));
#4545=CARTESIAN_POINT('',(6.50532329534998E-19,5.63689472320805E-19,0.0042));
#4546=CARTESIAN_POINT('',(0.,0.,0.00675));
#4547=CARTESIAN_POINT('',(0.,-7.37344140568086E-19,0.00675));
#4548=CARTESIAN_POINT('',(-0.0105640460465094,-0.00577966444927356,0.00675));
#4549=CARTESIAN_POINT('',(-0.00166989487156048,0.00192716141460336,0.00675));
#4550=CARTESIAN_POINT('',(0.,-7.37344140568086E-19,0.00635945126506981));
#4551=CARTESIAN_POINT('',(0.,-7.37344140568086E-19,0.00635945126506981));
#4552=CARTESIAN_POINT('',(-0.0103671526272781,-0.00612582536656804,0.00635945126506981));
#4553=CARTESIAN_POINT('',(-0.0103671526272781,-0.00612582536656804,0.00635945126506981));
#4554=CARTESIAN_POINT('',(-0.0103483556511667,-0.00615763677296914,0.00632310040665031));
#4555=CARTESIAN_POINT('',(-0.0103278423950117,-0.00618813486287026,0.00628661816220764));
#4556=CARTESIAN_POINT('',(-0.0103055536611952,-0.00621727433759749,0.00624999999999983));
#4557=CARTESIAN_POINT('',(-0.0103055536611953,-0.00621727433759738,0.00625000000000046));
#4558=CARTESIAN_POINT('',(-0.0103055536611953,-0.00621727433759737,0.00625000000000046));
#4559=CARTESIAN_POINT('',(-0.0102961258074521,-0.00620910505582559,0.006138364002039));
#4560=CARTESIAN_POINT('',(-0.0102725180191574,-0.00618864879082178,0.00603037120612132));
#4561=CARTESIAN_POINT('',(-0.0102355668602708,-0.00615663042938334,0.0059292855623747));
#4562=CARTESIAN_POINT('',(-0.0102355668602708,-0.00615663042938338,0.00592928556237467));
#4563=CARTESIAN_POINT('',(-0.0102355668602707,-0.00615663042938337,0.00592928556237468));
#4564=CARTESIAN_POINT('',(-0.0102441526631559,-0.0060164536640459,0.00579309662062823));
#4565=CARTESIAN_POINT('',(-0.0102093674248173,-0.00587403456958904,0.0056608372507024));
#4566=CARTESIAN_POINT('',(-0.0101308613565012,-0.00572787756819512,0.00555665363614001));
#4567=CARTESIAN_POINT('',(0.,-7.37344140568086E-19,0.00675));
#4568=CARTESIAN_POINT('',(5.57247520386937E-19,4.82857725062672E-19,0.0042));
#4569=CARTESIAN_POINT('',(-0.0364518696181508,-0.0342982635669599,0.00842928556237467));
#4570=CARTESIAN_POINT('',(-0.00916796220112011,-0.0106566232110545,0.00675));
#4571=CARTESIAN_POINT('',(-0.00916796220112011,-0.0106566232110545,0.00625));
#4572=CARTESIAN_POINT('',(-0.00916796220112011,-0.0106566232110545,0.00592928556237467));
#4573=CARTESIAN_POINT('',(-0.0076252323673442,-0.00931984020050633,0.00625));
#4574=CARTESIAN_POINT('',(-0.00762062465201936,-0.00931584759244961,0.00624999999999722));
#4575=CARTESIAN_POINT('',(-0.00762062465201936,-0.00931584759244961,0.00624999999999722));
#4576=CARTESIAN_POINT('',(-0.00761119679827598,-0.00930767831067767,0.00613836400203693));
#4577=CARTESIAN_POINT('',(-0.00758758900998135,-0.00928722204567395,0.00603037120612034));
#4578=CARTESIAN_POINT('',(-0.00755063785109508,-0.00925520368423582,0.0059292855623747));
#4579=CARTESIAN_POINT('',(-0.00755063785109512,-0.00925520368423584,0.00592928556237467));
#4580=CARTESIAN_POINT('',(-0.0364518696181508,-0.0342982635669599,0.00592928556237467));
#4581=CARTESIAN_POINT('',(-0.0391367986273266,-0.0311996903121074,0.00842928556237467));
#4582=CARTESIAN_POINT('',(-0.0391367986273266,-0.0311996903121074,0.00625));
#4583=CARTESIAN_POINT('',(-0.0391367986273266,-0.0311996903121074,0.00592928556237467));
#4584=CARTESIAN_POINT('',(-0.0377943341227387,-0.0327489769395337,0.00425));
#4585=CARTESIAN_POINT('',(-0.00882583398543869,-0.0109416545204566,0.0051583478152685));
#4586=CARTESIAN_POINT('',(-0.00890728835434064,-0.0108759512270494,0.00544062463754859));
#4587=CARTESIAN_POINT('',(-0.00902243422629044,-0.010781821873522,0.00569744009017556));
#4588=CARTESIAN_POINT('',(-0.00916796220112011,-0.0106566232110545,0.00592928556237467));
#4589=CARTESIAN_POINT('',(-0.00711134792898754,-0.00921258182561936,0.00555665363614114));
#4590=CARTESIAN_POINT('',(-0.00726725992470689,-0.00926951409676178,0.00566088410296722));
#4591=CARTESIAN_POINT('',(-0.00741302045917943,-0.00928366980368888,0.0057930081791881));
#4592=CARTESIAN_POINT('',(-0.00755063785109523,-0.00925520368423647,0.00592928556237462));
#4593=CARTESIAN_POINT('',(-0.00796907240091802,-0.00902759519960299,0.00214054873493019));
#4594=CARTESIAN_POINT('',(-0.00772233969815685,-0.00924539747457257,0.00238856666767065));
#4595=CARTESIAN_POINT('',(-0.00744053625147951,-0.00933278706541865,0.00272327700762541));
#4596=CARTESIAN_POINT('',(-0.00711134792898753,-0.00921258182561936,0.00294334636385887));
#4597=CARTESIAN_POINT('',(-0.00796907240091802,-0.00902759519960299,0.00214054873493019));
#4598=CARTESIAN_POINT('',(-0.0100698245471131,-0.00660319798350202,0.00214054873493019));
#4599=CARTESIAN_POINT('',(-0.00981545754796151,-0.00699110563952449,0.00179097814157843));
#4600=CARTESIAN_POINT('',(-0.00913662465437533,-0.0079135257232051,0.00140902962298721));
#4601=CARTESIAN_POINT('',(-0.00831684571487609,-0.00872059974214591,0.0017909638707232));
#4602=CARTESIAN_POINT('',(-0.007969072400918,-0.00902759519960297,0.00214054873493019));
#4603=CARTESIAN_POINT('',(-0.0120863313902659,-0.00717883992774773,0.0033416521847315));
#4604=CARTESIAN_POINT('',(-0.0119894514156205,-0.00734194754547282,0.00282994256511066));
#4605=CARTESIAN_POINT('',(-0.0116320333775411,-0.00793419532102288,0.001945660504493));
#4606=CARTESIAN_POINT('',(-0.0106520439825439,-0.00922732525311291,0.00142787256921618));
#4607=CARTESIAN_POINT('',(-0.00951102525667364,-0.0103826339141172,0.00194285306239599));
#4608=CARTESIAN_POINT('',(-0.00897348871317232,-0.0108225522300575,0.00282996069535963));
#4609=CARTESIAN_POINT('',(-0.00882583398543869,-0.0109416545204566,0.00334165218473149));
#4610=CARTESIAN_POINT('',(-0.00879374707688222,-0.0110462611696964,0.00368710655870086));
#4611=CARTESIAN_POINT('',(-0.00883335046833197,-0.0111841763674529,0.00404729220847717));
#4612=CARTESIAN_POINT('',(-0.0088333584730289,-0.011184200405504,0.00445264701495555));
#4613=CARTESIAN_POINT('',(-0.00879374844308399,-0.0110462618166286,0.00481289374167715));
#4614=CARTESIAN_POINT('',(-0.0364518696181508,-0.0342982635669599,0.00625));
#4615=CARTESIAN_POINT('',(6.50532329534998E-19,5.63689472320805E-19,0.0042));
#4616=CARTESIAN_POINT('',(-0.00877785165446342,-0.0109801853133627,0.00675));
#4617=CARTESIAN_POINT('',(-0.00884053183414747,-0.0110344979982316,0.00675));
#4618=CARTESIAN_POINT('',(-0.00722425630338845,-0.00963398727848028,0.00675));
#4619=CARTESIAN_POINT('',(5.57247520386937E-19,4.82857725062672E-19,0.0042));
#4620=CARTESIAN_POINT('',(-0.00753887294655271,-0.00938983411539859,0.00635945126506981));
#4621=CARTESIAN_POINT('',(-0.007620624652021,-0.00931584759245103,0.00625));
#4622=CARTESIAN_POINT('',(-0.00759495379267944,-0.00934205643872795,0.00628661816220752));
#4623=CARTESIAN_POINT('',(-0.00756768547008935,-0.00936670123024402,0.00632310040665063));
#4624=CARTESIAN_POINT('',(-0.00753887294655273,-0.00938983411539861,0.00635945126506981));
#4625=CARTESIAN_POINT('',(-0.00166989487156048,0.00192716141460336,0.00675));
#4626=CARTESIAN_POINT('',(0.,-7.99060886639539E-19,0.0033416521847315));
#4627=CARTESIAN_POINT('',(0.,-7.37344140568086E-19,0.00368710703440626));
#4628=CARTESIAN_POINT('',(-0.00142571099612419,-0.0140469635558224,0.00368710703440626));
#4629=CARTESIAN_POINT('',(0.0014257109961242,-0.0140469635558224,0.00368710703440626));
#4630=CARTESIAN_POINT('',(-0.00142571099612418,-0.0140469635558224,0.00368710703440626));
#4631=CARTESIAN_POINT('',(-0.0014387582853437,-0.0140034741944415,0.00357315007300764));
#4632=CARTESIAN_POINT('',(-0.00146689893365717,-0.0139808859518878,0.00345657536787605));
#4633=CARTESIAN_POINT('',(-0.0015092589761754,-0.0139763116209673,0.00334165218473149));
#4634=CARTESIAN_POINT('',(-0.00150925897617543,-0.0139763116209673,0.0033416521847315));
#4635=CARTESIAN_POINT('',(0.,-8.60777632710992E-19,0.0033416521847315));
#4636=CARTESIAN_POINT('',(0.00150925897617543,-0.0139763116209673,0.0033416521847315));
#4637=CARTESIAN_POINT('',(0.00150925897617545,-0.0139763116209673,0.0033416521847315));
#4638=CARTESIAN_POINT('',(0.00146692263607222,-0.0139808833923368,0.00345651106300718));
#4639=CARTESIAN_POINT('',(0.0014387543193412,-0.0140034874139627,0.00357318471266254));
#4640=CARTESIAN_POINT('',(0.0014257109961242,-0.0140469635558224,0.00368710703440627));
#4641=CARTESIAN_POINT('',(0.,-7.37344140568086E-19,0.00425));
#4642=CARTESIAN_POINT('',(-0.00639497803271975,-0.012587856427619,0.00481289344129914));
#4643=CARTESIAN_POINT('',(-0.00650397826587069,-0.0126811729832754,0.00445270779152282));
#4644=CARTESIAN_POINT('',(-0.00650399680637975,-0.0126811902503712,0.00404735298504445));
#4645=CARTESIAN_POINT('',(-0.00639497805364919,-0.0125878579391052,0.00368710625832285));
#4646=CARTESIAN_POINT('',(0.,-7.99060886639539E-19,0.0051583478152685));
#4647=CARTESIAN_POINT('',(0.,-8.60777632710992E-19,0.0051583478152685));
#4648=CARTESIAN_POINT('',(-0.00150925897617542,-0.0139763116209673,0.0051583478152685));
#4649=CARTESIAN_POINT('',(0.00150925897617543,-0.0139763116209673,0.0051583478152685));
#4650=CARTESIAN_POINT('',(-0.00150925897617541,-0.0139763116209673,0.00515834781526851));
#4651=CARTESIAN_POINT('',(-0.00146692263607218,-0.0139808833923368,0.00504348893699282));
#4652=CARTESIAN_POINT('',(-0.00143875431934116,-0.0140034874139627,0.00492681528733746));
#4653=CARTESIAN_POINT('',(-0.00142571099612416,-0.0140469635558224,0.00481289296559373));
#4654=CARTESIAN_POINT('',(-0.00142571099612419,-0.0140469635558224,0.00481289296559373));
#4655=CARTESIAN_POINT('',(0.,-7.37344140568086E-19,0.00481289296559373));
#4656=CARTESIAN_POINT('',(0.0014257109961242,-0.0140469635558224,0.00481289296559373));
#4657=CARTESIAN_POINT('',(0.00142571099612422,-0.0140469635558224,0.00481289296559373));
#4658=CARTESIAN_POINT('',(0.00143875828534374,-0.0140034741944415,0.00492684992699234));
#4659=CARTESIAN_POINT('',(0.00146689893365721,-0.0139808859518878,0.00504342463212393));
#4660=CARTESIAN_POINT('',(0.00150925897617544,-0.0139763116209673,0.0051583478152685));
#4661=CARTESIAN_POINT('',(0.,-7.37344140568086E-19,0.00214054873493019));
#4662=CARTESIAN_POINT('',(-0.00542589849602359,-0.0102957544051758,0.00294334636385887));
#4663=CARTESIAN_POINT('',(-0.00539849797911558,-0.0106450440050763,0.00272333098448463));
#4664=CARTESIAN_POINT('',(-0.00520202064361524,-0.0108651253514074,0.00238863855849083));
#4665=CARTESIAN_POINT('',(-0.0049013171196324,-0.010999121806394,0.00214054873492734));
#4666=CARTESIAN_POINT('',(-0.00490131711962739,-0.0109991218063905,0.00214054873493019));
#4667=CARTESIAN_POINT('',(0.,-7.37344140568086E-19,0.00214054873493019));
#4668=CARTESIAN_POINT('',(0.,-7.37344140568086E-19,0.00425));
#4669=CARTESIAN_POINT('',(0.,-7.37344140568086E-19,0.0055566536361411));
#4670=CARTESIAN_POINT('',(-0.00100174879937304,-0.0115948019648376,0.00555665363614114));
#4671=CARTESIAN_POINT('',(0.00100174879937303,-0.0115948019648376,0.0055566536361411));
#4672=CARTESIAN_POINT('',(0.00100174879937303,-0.0115948019648376,0.0029433463638589));
#4673=CARTESIAN_POINT('',(0.00086324309223554,-0.0114124116308065,0.00308716269494017));
#4674=CARTESIAN_POINT('',(0.000593211032051487,-0.0111090955886302,0.00345068811082435));
#4675=CARTESIAN_POINT('',(0.000393541045272483,-0.010904555051174,0.00424886591973223));
#4676=CARTESIAN_POINT('',(0.000592444160266864,-0.011108264306618,0.0050482528379327));
#4677=CARTESIAN_POINT('',(0.000863184625646313,-0.0114123346394611,0.00541277659672855));
#4678=CARTESIAN_POINT('',(0.00100174879937303,-0.0115948019648376,0.0055566536361411));
#4679=CARTESIAN_POINT('',(0.00100174879937304,-0.0115948019648376,0.00294334636385887));
#4680=CARTESIAN_POINT('',(0.,-7.37344140568086E-19,0.0029433463638589));
#4681=CARTESIAN_POINT('',(-0.00100174879937303,-0.0115948019648376,0.0029433463638589));
#4682=CARTESIAN_POINT('',(-0.00100174879937303,-0.0115948019648376,0.0055566536361411));
#4683=CARTESIAN_POINT('',(-0.000863243093135979,-0.0114124116319922,0.0054128373059948));
#4684=CARTESIAN_POINT('',(-0.000593210999240256,-0.0111090955527006,0.00504931183296902));
#4685=CARTESIAN_POINT('',(-0.000393541051318529,-0.0109045550578818,0.00425113404063326));
#4686=CARTESIAN_POINT('',(-0.000592444168773688,-0.0111082643155912,0.00345174714955385));
#4687=CARTESIAN_POINT('',(-0.000863184628528907,-0.011412334643257,0.00308722340027833));
#4688=CARTESIAN_POINT('',(-0.00100174879937303,-0.0115948019648376,0.00294334636385891));
#4689=CARTESIAN_POINT('',(0.,-8.60777632710992E-19,0.00675));
#4690=CARTESIAN_POINT('',(0.,-8.60777632710992E-19,0.00675));
#4691=CARTESIAN_POINT('',(-0.00634147651678895,-0.0125459485400892,0.00675));
#4692=CARTESIAN_POINT('',(-0.00588509629823366,-0.0127663930201161,0.00592928556237466));
#4693=CARTESIAN_POINT('',(-0.00605943551294567,-0.0126860255219886,0.00569744009017555));
#4694=CARTESIAN_POINT('',(-0.00619289190850942,-0.0126203878993496,0.00544062463754858));
#4695=CARTESIAN_POINT('',(-0.00628649509410919,-0.0125735885337199,0.0051583478152685));
#4696=CARTESIAN_POINT('',(-0.00588509629823366,-0.0127663930201161,0.00592928556237467));
#4697=CARTESIAN_POINT('',(-0.00588509629823366,-0.0127663930201161,0.00675));
#4698=CARTESIAN_POINT('',(-0.00588509629823366,-0.0127663930201161,0.00625));
#4699=CARTESIAN_POINT('',(2.4250908333558E-19,8.25910090430717E-19,0.0042));
#4700=CARTESIAN_POINT('',(0.,0.,0.00675));
#4701=CARTESIAN_POINT('',(0.,-7.37344140568086E-19,0.00675));
#4702=CARTESIAN_POINT('',(-0.00576231854514299,-0.0105735176267536,0.00675));
#4703=CARTESIAN_POINT('',(-0.00244670708271697,0.000718418019945645,0.00675));
#4704=CARTESIAN_POINT('',(0.,-7.37344140568086E-19,0.00635945126506981));
#4705=CARTESIAN_POINT('',(0.,-7.37344140568086E-19,0.00635945126506981));
#4706=CARTESIAN_POINT('',(-0.00540953253932618,-0.0107582781022308,0.00635945126506981));
#4707=CARTESIAN_POINT('',(-0.00540953253932618,-0.0107582781022308,0.00635945126506981));
#4708=CARTESIAN_POINT('',(-0.00537652097200483,-0.0107748771477195,0.00632310040665031));
#4709=CARTESIAN_POINT('',(-0.00534277561053957,-0.0107894434700171,0.00628661816220764));
#4710=CARTESIAN_POINT('',(-0.00530827114503733,-0.0108019069568056,0.00624999999999983));
#4711=CARTESIAN_POINT('',(-0.0053082711450375,-0.0108019069568056,0.00625000000000046));
#4712=CARTESIAN_POINT('',(-0.0053082711450375,-0.0108019069568056,0.00625000000000046));
#4713=CARTESIAN_POINT('',(-0.00530475657694413,-0.0107899374370998,0.00613836400203899));
#4714=CARTESIAN_POINT('',(-0.00529595593347262,-0.0107599651979349,0.00603037120612131));
#4715=CARTESIAN_POINT('',(-0.00528218107361871,-0.0107130523335129,0.00592928556237469));
#4716=CARTESIAN_POINT('',(-0.00528218107361872,-0.0107130523335129,0.00592928556237467));
#4717=CARTESIAN_POINT('',(-0.00528218107361869,-0.0107130523335129,0.00592928556237467));
#4718=CARTESIAN_POINT('',(-0.00536518919162833,-0.0105997699699423,0.00579309662062823));
#4719=CARTESIAN_POINT('',(-0.00541292356263408,-0.0104611530838971,0.0056608372507024));
#4720=CARTESIAN_POINT('',(-0.00542589849602496,-0.0102957544051768,0.00555665363614001));
#4721=CARTESIAN_POINT('',(0.,-7.37344140568086E-19,0.00675));
#4722=CARTESIAN_POINT('',(2.07733849994293E-19,7.07476522010899E-19,0.0042));
#4723=CARTESIAN_POINT('',(-0.0121222228424222,-0.0485609039838219,0.00842928556237467));
#4724=CARTESIAN_POINT('',(-0.00195117510641422,-0.013921496503166,0.00675));
#4725=CARTESIAN_POINT('',(-0.00195117510641422,-0.013921496503166,0.00625));
#4726=CARTESIAN_POINT('',(-0.00195117510641422,-0.013921496503166,0.00592928556237467));
#4727=CARTESIAN_POINT('',(-0.00137606764312969,-0.0119628603544679,0.00625));
#4728=CARTESIAN_POINT('',(-0.00137434995321796,-0.0119570104398551,0.00624999999999722));
#4729=CARTESIAN_POINT('',(-0.00137434995321795,-0.0119570104398551,0.00624999999999722));
#4730=CARTESIAN_POINT('',(-0.00137083538512452,-0.0119450409201491,0.00613836400203693));
#4731=CARTESIAN_POINT('',(-0.00136203474165304,-0.0119150686809843,0.00603037120612033));
#4732=CARTESIAN_POINT('',(-0.00134825988179926,-0.0118681558165628,0.00592928556237469));
#4733=CARTESIAN_POINT('',(-0.00134825988179928,-0.0118681558165628,0.00592928556237467));
#4734=CARTESIAN_POINT('',(-0.0121222228424222,-0.0485609039838219,0.00592928556237467));
#4735=CARTESIAN_POINT('',(-0.0160561440342417,-0.0474058005007721,0.00842928556237467));
#4736=CARTESIAN_POINT('',(-0.0160561440342417,-0.0474058005007721,0.00625));
#4737=CARTESIAN_POINT('',(-0.0160561440342417,-0.0474058005007721,0.00592928556237467));
#4738=CARTESIAN_POINT('',(-0.014089183438332,-0.047983352242297,0.00425));
#4739=CARTESIAN_POINT('',(-0.00150925897617543,-0.0139763116209673,0.0051583478152685));
#4740=CARTESIAN_POINT('',(-0.00161330463403589,-0.0139650760498584,0.00544062463754859));
#4741=CARTESIAN_POINT('',(-0.00176106167624223,-0.0139481419569979,0.00569744009017556));
#4742=CARTESIAN_POINT('',(-0.00195117510641423,-0.013921496503166,0.00592928556237467));
#4743=CARTESIAN_POINT('',(-0.00100174879937303,-0.0115948019648376,0.00555665363614114));
#4744=CARTESIAN_POINT('',(-0.00110213040697266,-0.0117269888278851,0.00566088410296722));
#4745=CARTESIAN_POINT('',(-0.00121709881858031,-0.0118177014608573,0.0057930081791881));
#4746=CARTESIAN_POINT('',(-0.00134825988179903,-0.0118681558165634,0.00592928556237462));
#4747=CARTESIAN_POINT('',(-0.00182332386228815,-0.011902902171831,0.00214054873493018));
#4748=CARTESIAN_POINT('',(-0.00149800630444209,-0.011952735334994,0.00238856666767065));
#4749=CARTESIAN_POINT('',(-0.00121369177952863,-0.0118738976912525,0.00272327700762541));
#4750=CARTESIAN_POINT('',(-0.00100174879937303,-0.0115948019648376,0.00294334636385886));
#4751=CARTESIAN_POINT('',(-0.00182332386228816,-0.011902902171831,0.00214054873493019));
#4752=CARTESIAN_POINT('',(-0.00490131711962739,-0.0109991218063905,0.00214054873493019));
#4753=CARTESIAN_POINT('',(-0.00447761127070614,-0.0111879293100766,0.00179097814157843));
#4754=CARTESIAN_POINT('',(-0.00340784275269621,-0.0115969136937232,0.00140902962298721));
#4755=CARTESIAN_POINT('',(-0.00228186366635454,-0.0118326616074296,0.0017909638707232));
#4756=CARTESIAN_POINT('',(-0.00182332386228815,-0.011902902171831,0.00214054873493019));
#4757=CARTESIAN_POINT('',(-0.00628649509410919,-0.0125735885337199,0.0033416521847315));
#4758=CARTESIAN_POINT('',(-0.00611681183739804,-0.0126584261246755,0.00282994256511066));
#4759=CARTESIAN_POINT('',(-0.00549593932865649,-0.0129634218778877,0.001945660504493));
#4760=CARTESIAN_POINT('',(-0.00397240096441657,-0.0135214497340591,0.00142787256921618));
#4761=CARTESIAN_POINT('',(-0.00238790791135276,-0.0138764759299528,0.00194285306239599));
#4762=CARTESIAN_POINT('',(-0.00169786559716277,-0.0139559445711039,0.00282996069535964));
#4763=CARTESIAN_POINT('',(-0.00150925897617542,-0.0139763116209673,0.00334165218473149));
#4764=CARTESIAN_POINT('',(-0.00142571112663833,-0.0140469648417264,0.00368710655870086));
#4765=CARTESIAN_POINT('',(-0.00138446503435291,-0.0141843976989976,0.00404729220847717));
#4766=CARTESIAN_POINT('',(-0.00138445877238091,-0.0141844222487588,0.00445264701495555));
#4767=CARTESIAN_POINT('',(-0.00142571192620248,-0.0140469661245848,0.00481289374167715));
#4768=CARTESIAN_POINT('',(-0.0121222228424222,-0.0485609039838219,0.00625));
#4769=CARTESIAN_POINT('',(2.4250908333558E-19,8.25910090430717E-19,0.0042));
#4770=CARTESIAN_POINT('',(-0.00144806235135501,-0.0139827845799805,0.00675));
#4771=CARTESIAN_POINT('',(-0.00147142861960697,-0.0140623627815867,0.00675));
#4772=CARTESIAN_POINT('',(-0.000868904379709051,-0.0120103536666449,0.00675));
#4773=CARTESIAN_POINT('',(2.07733849994293E-19,7.07476522010899E-19,0.0042));
#4774=CARTESIAN_POINT('',(-0.00126557590793133,-0.011975053554796,0.00635945126506981));
#4775=CARTESIAN_POINT('',(-0.00137434995321857,-0.0119570104398572,0.00625));
#4776=CARTESIAN_POINT('',(-0.00133858468003095,-0.0119651800099999,0.00628661816220752));
#4777=CARTESIAN_POINT('',(-0.00130232112708639,-0.0119711701597129,0.00632310040665063));
#4778=CARTESIAN_POINT('',(-0.00126557590793134,-0.011975053554796,0.00635945126506981));
#4779=CARTESIAN_POINT('',(-0.00244670708271697,0.000718418019945645,0.00675));
#4780=CARTESIAN_POINT('',(0.,-7.99060886639539E-19,0.0033416521847315));
#4781=CARTESIAN_POINT('',(0.,-7.37344140568086E-19,0.00368710703440626));
#4782=CARTESIAN_POINT('',(0.00639497744730307,-0.0125878552752865,0.00368710703440626));
#4783=CARTESIAN_POINT('',(0.00879374627187456,-0.0110462601584864,0.00368710703440626));
#4784=CARTESIAN_POINT('',(0.00639497744730308,-0.0125878552752865,0.00368710703440626));
#4785=CARTESIAN_POINT('',(0.00636048924526571,-0.0125583235934934,0.00357315007300764));
#4786=CARTESIAN_POINT('',(0.0063246036995367,-0.0125545351377526,0.00345657536787605));
#4787=CARTESIAN_POINT('',(0.00628649509410922,-0.0125735885337199,0.00334165218473149));
#4788=CARTESIAN_POINT('',(0.0062864950941092,-0.0125735885337199,0.0033416521847315));
#4789=CARTESIAN_POINT('',(0.,-8.60777632710992E-19,0.0033416521847315));
#4790=CARTESIAN_POINT('',(0.00882583398543869,-0.0109416545204566,0.0033416521847315));
#4791=CARTESIAN_POINT('',(0.00882583398543873,-0.0109416545204566,0.00334165218473151));
#4792=CARTESIAN_POINT('',(0.00879269007597014,-0.0109683892927939,0.00345651106300719));
#4793=CARTESIAN_POINT('',(0.00878121403673589,-0.0110026339476267,0.00357318471266254));
#4794=CARTESIAN_POINT('',(0.00879374627187455,-0.0110462601584864,0.00368710703440627));
#4795=CARTESIAN_POINT('',(0.,-7.37344140568086E-19,0.00425));
#4796=CARTESIAN_POINT('',(0.00142571112663835,-0.0140469648417264,0.00481289344129913));
#4797=CARTESIAN_POINT('',(0.00138446503435293,-0.0141843976989976,0.00445270779152282));
#4798=CARTESIAN_POINT('',(0.00138445877238095,-0.0141844222487588,0.00404735298504445));
#4799=CARTESIAN_POINT('',(0.00142571192620252,-0.0140469661245848,0.00368710625832285));
#4800=CARTESIAN_POINT('',(0.,-7.99060886639539E-19,0.0051583478152685));
#4801=CARTESIAN_POINT('',(0.,-8.60777632710992E-19,0.0051583478152685));
#4802=CARTESIAN_POINT('',(0.0062864950941092,-0.0125735885337199,0.0051583478152685));
#4803=CARTESIAN_POINT('',(0.00882583398543869,-0.0109416545204566,0.0051583478152685));
#4804=CARTESIAN_POINT('',(0.00628649509410922,-0.0125735885337199,0.00515834781526851));
#4805=CARTESIAN_POINT('',(0.0063245823759986,-0.0125545457990143,0.00504348893699283));
#4806=CARTESIAN_POINT('',(0.0063604997286921,-0.0125583325702795,0.00492681528733746));
#4807=CARTESIAN_POINT('',(0.00639497744730309,-0.0125878552752864,0.00481289296559373));
#4808=CARTESIAN_POINT('',(0.00639497744730307,-0.0125878552752865,0.00481289296559373));
#4809=CARTESIAN_POINT('',(0.,-7.37344140568086E-19,0.00481289296559373));
#4810=CARTESIAN_POINT('',(0.00879374627187455,-0.0110462601584864,0.00481289296559373));
#4811=CARTESIAN_POINT('',(0.00879374627187459,-0.0110462601584864,0.00481289296559372));
#4812=CARTESIAN_POINT('',(0.00878121022613679,-0.011002620682475,0.00492684992699234));
#4813=CARTESIAN_POINT('',(0.00879267152002752,-0.0109684042605182,0.00504342463212393));
#4814=CARTESIAN_POINT('',(0.00882583398543871,-0.0109416545204566,0.00515834781526849));
#4815=CARTESIAN_POINT('',(0.,-7.37344140568086E-19,0.00214054873493019));
#4816=CARTESIAN_POINT('',(0.00100174879937306,-0.0115948019648376,0.00294334636385887));
#4817=CARTESIAN_POINT('',(0.00121363979584226,-0.0118738292368752,0.00272333098448463));
#4818=CARTESIAN_POINT('',(0.00149791200744036,-0.0119527497797101,0.00238863855849084));
#4819=CARTESIAN_POINT('',(0.00182332386228581,-0.0119029021718366,0.00214054873492734));
#4820=CARTESIAN_POINT('',(0.00182332386228815,-0.011902902171831,0.00214054873493019));
#4821=CARTESIAN_POINT('',(0.,-7.37344140568086E-19,0.00214054873493019));
#4822=CARTESIAN_POINT('',(0.,-7.37344140568086E-19,0.00425));
#4823=CARTESIAN_POINT('',(0.,-7.37344140568086E-19,0.0055566536361411));
#4824=CARTESIAN_POINT('',(0.0054258984960236,-0.0102957544051758,0.00555665363614114));
#4825=CARTESIAN_POINT('',(0.00711134792898755,-0.00921258182561938,0.0055566536361411));
#4826=CARTESIAN_POINT('',(0.00711134792898755,-0.00921258182561938,0.0029433463638589));
#4827=CARTESIAN_POINT('',(0.00689622185425424,-0.00913402715149048,0.00308716269494017));
#4828=CARTESIAN_POINT('',(0.00650507139665716,-0.00902485181320245,0.00345068811082435));
#4829=CARTESIAN_POINT('',(0.00622651535150583,-0.00896073110833373,0.00424886591973223));
#4830=CARTESIAN_POINT('',(0.00650397683807251,-0.00902456709646142,0.00504825283793269));
#4831=CARTESIAN_POINT('',(0.00689613104436558,-0.00913399399167375,0.00541277659672855));
#4832=CARTESIAN_POINT('',(0.00711134792898755,-0.00921258182561938,0.0055566536361411));
#4833=CARTESIAN_POINT('',(0.00711134792898754,-0.00921258182561935,0.00294334636385887));
#4834=CARTESIAN_POINT('',(0.,-7.37344140568086E-19,0.0029433463638589));
#4835=CARTESIAN_POINT('',(0.00542589849602363,-0.0102957544051758,0.0029433463638589));
#4836=CARTESIAN_POINT('',(0.00542589849602363,-0.0102957544051758,0.0055566536361411));
#4837=CARTESIAN_POINT('',(0.00544380925206728,-0.0100674360550731,0.0054128373059948));
#4838=CARTESIAN_POINT('',(0.0055069896519792,-0.00966627995982143,0.00504931183296904));
#4839=CARTESIAN_POINT('',(0.00556437976074699,-0.00938625982208242,0.00425113404063327));
#4840=CARTESIAN_POINT('',(0.00550718535010801,-0.00966516609881627,0.00345174714955386));
#4841=CARTESIAN_POINT('',(0.00544381681237178,-0.0100673396796746,0.00308722340027833));
#4842=CARTESIAN_POINT('',(0.00542589849602363,-0.0102957544051758,0.00294334636385891));
#4843=CARTESIAN_POINT('',(0.,-8.60777632710992E-19,0.00675));
#4844=CARTESIAN_POINT('',(0.,-8.60777632710992E-19,0.00675));
#4845=CARTESIAN_POINT('',(0.00144806235135502,-0.0139827845799805,0.00675));
#4846=CARTESIAN_POINT('',(0.00195117510641423,-0.013921496503166,0.00592928556237466));
#4847=CARTESIAN_POINT('',(0.00176106167624224,-0.0139481419569979,0.00569744009017555));
#4848=CARTESIAN_POINT('',(0.00161330463403589,-0.0139650760498584,0.00544062463754858));
#4849=CARTESIAN_POINT('',(0.00150925897617543,-0.0139763116209673,0.0051583478152685));
#4850=CARTESIAN_POINT('',(0.00195117510641423,-0.013921496503166,0.00592928556237467));
#4851=CARTESIAN_POINT('',(0.00195117510641423,-0.013921496503166,0.00675));
#4852=CARTESIAN_POINT('',(0.00195117510641423,-0.013921496503166,0.00625));
#4853=CARTESIAN_POINT('',(-2.4250908333558E-19,8.25910090430717E-19,0.0042));
#4854=CARTESIAN_POINT('',(0.,0.,0.00675));
#4855=CARTESIAN_POINT('',(0.,-7.37344140568086E-19,0.00675));
#4856=CARTESIAN_POINT('',(0.000868904379709053,-0.0120103536666449,0.00675));
#4857=CARTESIAN_POINT('',(-0.00244670708271697,-0.000718418019945646,0.00675));
#4858=CARTESIAN_POINT('',(0.,-7.37344140568086E-19,0.00635945126506981));
#4859=CARTESIAN_POINT('',(0.,-7.37344140568086E-19,0.00635945126506981));
#4860=CARTESIAN_POINT('',(0.00126557590793133,-0.011975053554796,0.00635945126506981));
#4861=CARTESIAN_POINT('',(0.00126557590793133,-0.011975053554796,0.00635945126506981));
#4862=CARTESIAN_POINT('',(0.00130232112708671,-0.0119711701597128,0.00632310040665031));
#4863=CARTESIAN_POINT('',(0.00133858468003032,-0.0119651800099981,0.00628661816220764));
#4864=CARTESIAN_POINT('',(0.00137434995321821,-0.0119570104398554,0.00624999999999983));
#4865=CARTESIAN_POINT('',(0.00137434995321806,-0.0119570104398555,0.00625000000000046));
#4866=CARTESIAN_POINT('',(0.00137434995321805,-0.0119570104398555,0.00625000000000046));
#4867=CARTESIAN_POINT('',(0.00137083538512468,-0.0119450409201497,0.00613836400203899));
#4868=CARTESIAN_POINT('',(0.00136203474165316,-0.0119150686809847,0.00603037120612131));
#4869=CARTESIAN_POINT('',(0.00134825988179925,-0.0118681558165628,0.0059292855623747));
#4870=CARTESIAN_POINT('',(0.00134825988179928,-0.0118681558165628,0.00592928556237467));
#4871=CARTESIAN_POINT('',(0.00134825988179929,-0.0118681558165628,0.00592928556237467));
#4872=CARTESIAN_POINT('',(0.00121718393962587,-0.0118177342047777,0.00579309662062823));
#4873=CARTESIAN_POINT('',(0.00110208528479518,-0.0117269294090434,0.00566083725070239));
#4874=CARTESIAN_POINT('',(0.00100174879937245,-0.0115948019648392,0.00555665363614));
#4875=CARTESIAN_POINT('',(0.,-7.37344140568086E-19,0.00675));
#4876=CARTESIAN_POINT('',(-2.07733849994294E-19,7.07476522010899E-19,0.0042));
#4877=CARTESIAN_POINT('',(0.0160561440342417,-0.0474058005007721,0.00842928556237467));
#4878=CARTESIAN_POINT('',(0.00588509629823366,-0.0127663930201161,0.00675));
#4879=CARTESIAN_POINT('',(0.00588509629823366,-0.0127663930201161,0.00625));
#4880=CARTESIAN_POINT('',(0.00588509629823367,-0.0127663930201161,0.00592928556237467));
#4881=CARTESIAN_POINT('',(0.00530998883494913,-0.010807756871418,0.00625));
#4882=CARTESIAN_POINT('',(0.0053082711450374,-0.0108019069568052,0.00624999999999722));
#4883=CARTESIAN_POINT('',(0.0053082711450374,-0.0108019069568052,0.00624999999999722));
#4884=CARTESIAN_POINT('',(0.00530475657694397,-0.0107899374370992,0.00613836400203693));
#4885=CARTESIAN_POINT('',(0.00529595593347248,-0.0107599651979344,0.00603037120612033));
#4886=CARTESIAN_POINT('',(0.00528218107361871,-0.0107130523335129,0.00592928556237469));
#4887=CARTESIAN_POINT('',(0.00528218107361872,-0.0107130523335129,0.00592928556237467));
#4888=CARTESIAN_POINT('',(0.0160561440342417,-0.0474058005007721,0.00592928556237467));
#4889=CARTESIAN_POINT('',(0.0121222228424223,-0.048560903983822,0.00842928556237467));
#4890=CARTESIAN_POINT('',(0.0121222228424223,-0.048560903983822,0.00625));
#4891=CARTESIAN_POINT('',(0.0121222228424223,-0.048560903983822,0.00592928556237467));
#4892=CARTESIAN_POINT('',(0.014089183438332,-0.047983352242297,0.00425));
#4893=CARTESIAN_POINT('',(0.0062864950941092,-0.0125735885337199,0.0051583478152685));
#4894=CARTESIAN_POINT('',(0.00619289190850942,-0.0126203878993496,0.00544062463754859));
#4895=CARTESIAN_POINT('',(0.00605943551294568,-0.0126860255219886,0.00569744009017556));
#4896=CARTESIAN_POINT('',(0.00588509629823366,-0.0127663930201161,0.00592928556237467));
#4897=CARTESIAN_POINT('',(0.00542589849602362,-0.0102957544051758,0.00555665363614114));
#4898=CARTESIAN_POINT('',(0.00541291772769406,-0.0104612274650985,0.00566088410296722));
#4899=CARTESIAN_POINT('',(0.00536524309730874,-0.0105996964040919,0.0057930081791881));
#4900=CARTESIAN_POINT('',(0.00528218107361925,-0.0107130523335133,0.00592928556237462));
#4901=CARTESIAN_POINT('',(0.00490131711962741,-0.0109991218063905,0.00214054873493018));
#4902=CARTESIAN_POINT('',(0.00520193350652627,-0.010865164180547,0.00238856666767065));
#4903=CARTESIAN_POINT('',(0.00539849125688625,-0.0106451296970657,0.00272327700762541));
#4904=CARTESIAN_POINT('',(0.00542589849602362,-0.0102957544051758,0.00294334636385887));
#4905=CARTESIAN_POINT('',(0.0049013171196274,-0.0109991218063905,0.00214054873493019));
#4906=CARTESIAN_POINT('',(0.00182332386228815,-0.011902902171831,0.00214054873493019));
#4907=CARTESIAN_POINT('',(0.002281844947709,-0.0118326644748104,0.00179097814157843));
#4908=CARTESIAN_POINT('',(0.00340290514429768,-0.0115983635063607,0.00140902962298721));
#4909=CARTESIAN_POINT('',(0.00447759397335635,-0.0111879370179462,0.00179096387072321));
#4910=CARTESIAN_POINT('',(0.00490131711962739,-0.0109991218063905,0.00214054873493019));
#4911=CARTESIAN_POINT('',(0.00150925897617543,-0.0139763116209673,0.0033416521847315));
#4912=CARTESIAN_POINT('',(0.00169787227987115,-0.0139559438494587,0.00282994256511066));
#4913=CARTESIAN_POINT('',(0.00238507662462492,-0.0138768535836853,0.001945660504493));
#4914=CARTESIAN_POINT('',(0.00396845129226908,-0.0135226094624401,0.00142787256921618));
#4915=CARTESIAN_POINT('',(0.00549335332367156,-0.0129646348845221,0.00194285306239599));
#4916=CARTESIAN_POINT('',(0.00611681784940091,-0.0126584231188171,0.00282996069535964));
#4917=CARTESIAN_POINT('',(0.00628649509410921,-0.0125735885337199,0.0033416521847315));
#4918=CARTESIAN_POINT('',(0.00639497803271977,-0.012587856427619,0.00368710655870086));
#4919=CARTESIAN_POINT('',(0.00650397826587071,-0.0126811729832754,0.00404729220847717));
#4920=CARTESIAN_POINT('',(0.00650399680637978,-0.0126811902503712,0.00445264701495555));
#4921=CARTESIAN_POINT('',(0.00639497805364923,-0.0125878579391052,0.00481289374167715));
#4922=CARTESIAN_POINT('',(0.0160561440342417,-0.0474058005007721,0.00625));
#4923=CARTESIAN_POINT('',(-2.4250908333558E-19,8.25910090430717E-19,0.0042));
#4924=CARTESIAN_POINT('',(0.00634147651678895,-0.0125459485400892,0.00675));
#4925=CARTESIAN_POINT('',(0.00636484278504091,-0.0126255267416954,0.00675));
#4926=CARTESIAN_POINT('',(0.00576231854514299,-0.0105735176267536,0.00675));
#4927=CARTESIAN_POINT('',(-2.07733849994294E-19,7.07476522010899E-19,0.0042));
#4928=CARTESIAN_POINT('',(0.00540953253932618,-0.0107582781022308,0.00635945126506981));
#4929=CARTESIAN_POINT('',(0.00530827114503801,-0.0108019069568073,0.00625));
#4930=CARTESIAN_POINT('',(0.00534277561053997,-0.0107894434700189,0.00628661816220752));
#4931=CARTESIAN_POINT('',(0.00537652097200513,-0.0107748771477194,0.00632310040665063));
#4932=CARTESIAN_POINT('',(0.00540953253932619,-0.0107582781022308,0.00635945126506981));
#4933=CARTESIAN_POINT('',(-0.00244670708271697,-0.000718418019945646,0.00675));
#4934=CARTESIAN_POINT('',(0.,-7.99060886639539E-19,0.0033416521847315));
#4935=CARTESIAN_POINT('',(0.,-7.37344140568086E-19,0.00368710703440626));
#4936=CARTESIAN_POINT('',(0.0121853057359631,-0.00713219188638231,0.00368710703440626));
#4937=CARTESIAN_POINT('',(0.0133698292399468,-0.00453844720997565,0.00368710703440626));
#4938=CARTESIAN_POINT('',(0.0121853057359631,-0.0071321918863823,0.00368710703440626));
#4939=CARTESIAN_POINT('',(0.0121403263815727,-0.00712599398448553,0.00357315007300764));
#4940=CARTESIAN_POINT('',(0.012108089345642,-0.00714220812348734,0.00345657536787605));
#4941=CARTESIAN_POINT('',(0.0120863313902659,-0.0071788399277477,0.00334165218473149));
#4942=CARTESIAN_POINT('',(0.0120863313902659,-0.00717883992774773,0.0033416521847315));
#4943=CARTESIAN_POINT('',(0.,-8.60777632710992E-19,0.0033416521847315));
#4944=CARTESIAN_POINT('',(0.0133402690646882,-0.00443309941973739,0.0033416521847315));
#4945=CARTESIAN_POINT('',(0.0133402690646882,-0.00443309941973739,0.0033416521847315));
#4946=CARTESIAN_POINT('',(0.0133268405429269,-0.00447350909172438,0.00345651106300718));
#4947=CARTESIAN_POINT('',(0.0133357003425604,-0.00450852194381583,0.00357318471266253));
#4948=CARTESIAN_POINT('',(0.0133698292399468,-0.00453844720997567,0.00368710703440627));
#4949=CARTESIAN_POINT('',(0.,-7.37344140568086E-19,0.00425));
#4950=CARTESIAN_POINT('',(0.00879374707688223,-0.0110462611696964,0.00481289344129913));
#4951=CARTESIAN_POINT('',(0.00883335046833199,-0.0111841763674529,0.00445270779152282));
#4952=CARTESIAN_POINT('',(0.00883335847302893,-0.011184200405504,0.00404735298504445));
#4953=CARTESIAN_POINT('',(0.00879374844308403,-0.0110462618166285,0.00368710625832286));
#4954=CARTESIAN_POINT('',(0.,-7.99060886639539E-19,0.0051583478152685));
#4955=CARTESIAN_POINT('',(0.,-8.60777632710992E-19,0.0051583478152685));
#4956=CARTESIAN_POINT('',(0.0120863313902659,-0.00717883992774773,0.0051583478152685));
#4957=CARTESIAN_POINT('',(0.0133402690646882,-0.00443309941973739,0.0051583478152685));
#4958=CARTESIAN_POINT('',(0.0120863313902659,-0.00717883992774771,0.00515834781526851));
#4959=CARTESIAN_POINT('',(0.0121080771710535,-0.00714222862068649,0.00504348893699283));
#4960=CARTESIAN_POINT('',(0.0121403400540092,-0.0071259958684703,0.00492681528733747));
#4961=CARTESIAN_POINT('',(0.0121853057359631,-0.00713219188638227,0.00481289296559373));
#4962=CARTESIAN_POINT('',(0.0121853057359631,-0.00713219188638232,0.00481289296559373));
#4963=CARTESIAN_POINT('',(0.,-7.37344140568086E-19,0.00481289296559373));
#4964=CARTESIAN_POINT('',(0.0133698292399468,-0.00453844720997565,0.00481289296559373));
#4965=CARTESIAN_POINT('',(0.0133698292399468,-0.00453844720997566,0.00481289296559373));
#4966=CARTESIAN_POINT('',(0.013335689965198,-0.00450851284462546,0.00492684992699235));
#4967=CARTESIAN_POINT('',(0.0133268330248373,-0.00447353171547535,0.00504342463212394));
#4968=CARTESIAN_POINT('',(0.0133402690646882,-0.0044330994197374,0.0051583478152685));
#4969=CARTESIAN_POINT('',(0.,-7.37344140568086E-19,0.00214054873493019));
#4970=CARTESIAN_POINT('',(0.00711134792898755,-0.00921258182561932,0.00294334636385887));
#4971=CARTESIAN_POINT('',(0.00744045551078923,-0.00933275758243464,0.00272333098448463));
#4972=CARTESIAN_POINT('',(0.00772226817987415,-0.00924546060704914,0.00238863855849084));
#4973=CARTESIAN_POINT('',(0.00796907240091907,-0.00902759519960896,0.00214054873492735));
#4974=CARTESIAN_POINT('',(0.007969072400918,-0.00902759519960297,0.00214054873493019));
#4975=CARTESIAN_POINT('',(0.,-7.37344140568086E-19,0.00214054873493019));
#4976=CARTESIAN_POINT('',(0.,-7.37344140568086E-19,0.00425));
#4977=CARTESIAN_POINT('',(0.,-7.37344140568086E-19,0.0055566536361411));
#4978=CARTESIAN_POINT('',(0.0101308613564995,-0.00572787756819501,0.00555665363614114));
#4979=CARTESIAN_POINT('',(0.0109631443375319,-0.00390543204975964,0.0055566536361411));
#4980=CARTESIAN_POINT('',(0.0109631443375319,-0.00390543204975964,0.0029433463638589));
#4981=CARTESIAN_POINT('',(0.0107396989039224,-0.00395565358952813,0.00308716269494017));
#4982=CARTESIAN_POINT('',(0.0103516175554623,-0.00407528135363874,0.00345068811082434));
#4983=CARTESIAN_POINT('',(0.0100826150280912,-0.00417193835209812,0.00424886591973224));
#4984=CARTESIAN_POINT('',(0.0103505428246945,-0.00407563359772245,0.0050482528379327));
#4985=CARTESIAN_POINT('',(0.0107396045822323,-0.0039556747892476,0.00541277659672855));
#4986=CARTESIAN_POINT('',(0.0109631443375319,-0.00390543204975964,0.0055566536361411));
#4987=CARTESIAN_POINT('',(0.0109631443375319,-0.00390543204975962,0.00294334636385887));
#4988=CARTESIAN_POINT('',(0.,-7.37344140568086E-19,0.0029433463638589));
#4989=CARTESIAN_POINT('',(0.0101308613564996,-0.00572787756819501,0.0029433463638589));
#4990=CARTESIAN_POINT('',(0.0101308613564996,-0.00572787756819501,0.0055566536361411));
#4991=CARTESIAN_POINT('',(0.0100224906238573,-0.00552612066377221,0.0054128373059948));
#4992=CARTESIAN_POINT('',(0.00985875999922479,-0.00515448877836945,0.00504931183296903));
#4993=CARTESIAN_POINT('',(0.00975564931480401,-0.00488789341291456,0.00425113404063325));
#4994=CARTESIAN_POINT('',(0.00985832243224266,-0.00515344593646747,0.00345174714955385));
#4995=CARTESIAN_POINT('',(0.010022444879516,-0.00552603550021858,0.00308722340027833));
#4996=CARTESIAN_POINT('',(0.0101308613564996,-0.00572787756819501,0.00294334636385891));
#4997=CARTESIAN_POINT('',(0.,-8.60777632710992E-19,0.00675));
#4998=CARTESIAN_POINT('',(0.,-8.60777632710992E-19,0.00675));
#4999=CARTESIAN_POINT('',(0.00877785165446342,-0.0109801853133627,0.00675));
#5000=CARTESIAN_POINT('',(0.00916796220112011,-0.0106566232110545,0.00592928556237466));
#5001=CARTESIAN_POINT('',(0.00902243422629044,-0.010781821873522,0.00569744009017555));
#5002=CARTESIAN_POINT('',(0.00890728835434064,-0.0108759512270494,0.00544062463754859));
#5003=CARTESIAN_POINT('',(0.0088258339854387,-0.0109416545204566,0.0051583478152685));
#5004=CARTESIAN_POINT('',(0.00916796220112011,-0.0106566232110545,0.00592928556237467));
#5005=CARTESIAN_POINT('',(0.00916796220112011,-0.0106566232110545,0.00675));
#5006=CARTESIAN_POINT('',(0.00916796220112011,-0.0106566232110545,0.00625));
#5007=CARTESIAN_POINT('',(-6.50532329534998E-19,5.63689472320805E-19,0.0042));
#5008=CARTESIAN_POINT('',(0.,0.,0.00675));
#5009=CARTESIAN_POINT('',(0.,-7.37344140568086E-19,0.00675));
#5010=CARTESIAN_POINT('',(0.00722425630338844,-0.00963398727848028,0.00675));
#5011=CARTESIAN_POINT('',(-0.00166989487156048,-0.00192716141460336,0.00675));
#5012=CARTESIAN_POINT('',(0.,-7.37344140568086E-19,0.00635945126506981));
#5013=CARTESIAN_POINT('',(0.,-7.37344140568086E-19,0.00635945126506981));
#5014=CARTESIAN_POINT('',(0.00753887294655271,-0.00938983411539859,0.00635945126506981));
#5015=CARTESIAN_POINT('',(0.00753887294655271,-0.00938983411539859,0.00635945126506981));
#5016=CARTESIAN_POINT('',(0.00756768547008959,-0.0093667012302438,0.00632310040665031));
#5017=CARTESIAN_POINT('',(0.00759495379267797,-0.00934205643872684,0.00628661816220764));
#5018=CARTESIAN_POINT('',(0.00762062465201972,-0.0093158475924497,0.00624999999999983));
#5019=CARTESIAN_POINT('',(0.00762062465201963,-0.00931584759244984,0.00625000000000046));
#5020=CARTESIAN_POINT('',(0.00762062465201963,-0.00931584759244984,0.00625000000000046));
#5021=CARTESIAN_POINT('',(0.00761119679827643,-0.00930767831067807,0.00613836400203899));
#5022=CARTESIAN_POINT('',(0.00758758900998171,-0.00928722204567426,0.00603037120612131));
#5023=CARTESIAN_POINT('',(0.00755063785109508,-0.00925520368423582,0.0059292855623747));
#5024=CARTESIAN_POINT('',(0.00755063785109512,-0.00925520368423584,0.00592928556237467));
#5025=CARTESIAN_POINT('',(0.00755063785109511,-0.00925520368423578,0.00592928556237467));
#5026=CARTESIAN_POINT('',(0.00741310977025961,-0.00928365132971593,0.00579309662062823));
#5027=CARTESIAN_POINT('',(0.0072671898412645,-0.00926948850534214,0.00566083725070239));
#5028=CARTESIAN_POINT('',(0.00711134792898789,-0.00921258182562098,0.00555665363614));
#5029=CARTESIAN_POINT('',(0.,-7.37344140568086E-19,0.00675));
#5030=CARTESIAN_POINT('',(-5.57247520386938E-19,4.82857725062672E-19,0.0042));
#5031=CARTESIAN_POINT('',(0.0391367986273266,-0.0311996903121074,0.00842928556237467));
#5032=CARTESIAN_POINT('',(0.0118528912102958,-0.00755804995620204,0.00675));
#5033=CARTESIAN_POINT('',(0.0118528912102958,-0.00755804995620204,0.00625));
#5034=CARTESIAN_POINT('',(0.0118528912102958,-0.00755804995620204,0.00592928556237467));
#5035=CARTESIAN_POINT('',(0.0103101613765199,-0.00622126694565387,0.00625));
#5036=CARTESIAN_POINT('',(0.010305553661195,-0.00621727433759715,0.00624999999999722));
#5037=CARTESIAN_POINT('',(0.010305553661195,-0.00621727433759713,0.00624999999999722));
#5038=CARTESIAN_POINT('',(0.0102961258074517,-0.0062091050558252,0.00613836400203693));
#5039=CARTESIAN_POINT('',(0.010272518019157,-0.00618864879082147,0.00603037120612034));
#5040=CARTESIAN_POINT('',(0.0102355668602708,-0.00615663042938334,0.0059292855623747));
#5041=CARTESIAN_POINT('',(0.0102355668602708,-0.00615663042938338,0.00592928556237467));
#5042=CARTESIAN_POINT('',(0.0391367986273266,-0.0311996903121074,0.00592928556237467));
#5043=CARTESIAN_POINT('',(0.0364518696181508,-0.0342982635669599,0.00842928556237467));
#5044=CARTESIAN_POINT('',(0.0364518696181508,-0.0342982635669599,0.00625));
#5045=CARTESIAN_POINT('',(0.0364518696181508,-0.0342982635669599,0.00592928556237467));
#5046=CARTESIAN_POINT('',(0.0377943341227387,-0.0327489769395336,0.00425));
#5047=CARTESIAN_POINT('',(0.0120863313902659,-0.00717883992774773,0.0051583478152685));
#5048=CARTESIAN_POINT('',(0.0120328890269863,-0.00726881576219702,0.00544062463754859));
#5049=CARTESIAN_POINT('',(0.0119561047406988,-0.00739618561892103,0.00569744009017556));
#5050=CARTESIAN_POINT('',(0.0118528912102958,-0.00755804995620204,0.00592928556237467));
#5051=CARTESIAN_POINT('',(0.0101308613564996,-0.00572787756819499,0.00555665363614114));
#5052=CARTESIAN_POINT('',(0.010209402729667,-0.0058741002976443,0.00566088410296722));
#5053=CARTESIAN_POINT('',(0.0102441582387985,-0.00601636263290327,0.00579300817918811));
#5054=CARTESIAN_POINT('',(0.0102355668602714,-0.0061566304293834,0.00592928556237463));
#5055=CARTESIAN_POINT('',(0.0100698245471132,-0.00660319798350203,0.00214054873493017));
#5056=CARTESIAN_POINT('',(0.0102502961842783,-0.00632798016835794,0.00238856666767064));
#5057=CARTESIAN_POINT('',(0.0102966914631562,-0.00603660823895272,0.0027232770076254));
#5058=CARTESIAN_POINT('',(0.0101308613564996,-0.00572787756819499,0.00294334636385886));
#5059=CARTESIAN_POINT('',(0.0100698245471132,-0.00660319798350204,0.00214054873493019));
#5060=CARTESIAN_POINT('',(0.007969072400918,-0.00902759519960297,0.00214054873493019));
#5061=CARTESIAN_POINT('',(0.00831683151797249,-0.00872061227440397,0.00179097814157843));
#5062=CARTESIAN_POINT('',(0.00913325470175586,-0.00791741485584925,0.00140902962298721));
#5063=CARTESIAN_POINT('',(0.00981544716369381,-0.00699112147545036,0.00179096387072321));
#5064=CARTESIAN_POINT('',(0.0100698245471131,-0.00660319798350202,0.00214054873493019));
#5065=CARTESIAN_POINT('',(0.0088258339854387,-0.0109416545204566,0.0033416521847315));
#5066=CARTESIAN_POINT('',(0.00897349394487353,-0.010822548010026,0.00282994256511066));
#5067=CARTESIAN_POINT('',(0.00950884760173405,-0.0103844823258248,0.00194566050449301));
#5068=CARTESIAN_POINT('',(0.0106493483033962,-0.00923043623268899,0.00142787256921618));
#5069=CARTESIAN_POINT('',(0.01163051369261,-0.00793661386698833,0.00194285306239598));
#5070=CARTESIAN_POINT('',(0.0119894548481495,-0.0073419417664497,0.00282996069535964));
#5071=CARTESIAN_POINT('',(0.0120863313902659,-0.00717883992774773,0.00334165218473149));
#5072=CARTESIAN_POINT('',(0.0121853068514449,-0.00713219253928597,0.00368710655870086));
#5073=CARTESIAN_POINT('',(0.0123274544215948,-0.00715176544625,0.00404729220847717));
#5074=CARTESIAN_POINT('',(0.0123274793541603,-0.00715176994849929,0.00445264701495555));
#5075=CARTESIAN_POINT('',(0.012185307686223,-0.00713219379951373,0.00481289374167715));
#5076=CARTESIAN_POINT('',(0.0391367986273266,-0.0311996903121074,0.00625));
#5077=CARTESIAN_POINT('',(-6.50532329534998E-19,5.63689472320805E-19,0.0042));
#5078=CARTESIAN_POINT('',(0.0121176413975844,-0.007125862484156,0.00675));
#5079=CARTESIAN_POINT('',(0.0121803215772684,-0.00718017516902491,0.00675));
#5080=CARTESIAN_POINT('',(0.0105640460465094,-0.00577966444927356,0.00675));
#5081=CARTESIAN_POINT('',(-5.57247520386938E-19,4.82857725062672E-19,0.0042));
#5082=CARTESIAN_POINT('',(0.0103671526272781,-0.00612582536656804,0.00635945126506981));
#5083=CARTESIAN_POINT('',(0.0103055536611967,-0.00621727433759857,0.00625));
#5084=CARTESIAN_POINT('',(0.010327842395013,-0.00618813486287156,0.00628661816220752));
#5085=CARTESIAN_POINT('',(0.0103483556511669,-0.00615763677296888,0.00632310040665063));
#5086=CARTESIAN_POINT('',(0.0103671526272781,-0.00612582536656806,0.00635945126506981));
#5087=CARTESIAN_POINT('',(-0.00166989487156048,-0.00192716141460336,0.00675));
#5088=CARTESIAN_POINT('',(0.,-7.99060886639539E-19,0.0033416521847315));
#5089=CARTESIAN_POINT('',(0.,-7.37344140568086E-19,0.00368710703440626));
#5090=CARTESIAN_POINT('',(0.0141068855507109,0.000587892032788444,0.00368710703440626));
#5091=CARTESIAN_POINT('',(0.0137010858910352,0.00341029066056675,0.00368710703440626));
#5092=CARTESIAN_POINT('',(0.0141068855507109,0.000587892032788436,0.00368710703440626));
#5093=CARTESIAN_POINT('',(0.0140656956711776,0.000568788364729009,0.00357315007300765));
#5094=CARTESIAN_POINT('',(0.0140473421761771,0.000537719505553988,0.00345657536787606));
#5095=CARTESIAN_POINT('',(0.01404884286795,0.000495139632025305,0.0033416521847315));
#5096=CARTESIAN_POINT('',(0.01404884286795,0.000495139632025302,0.0033416521847315));
#5097=CARTESIAN_POINT('',(0.,-8.60777632710992E-19,0.0033416521847315));
#5098=CARTESIAN_POINT('',(0.0136192629737362,0.0034829334239647,0.0033416521847315));
#5099=CARTESIAN_POINT('',(0.0136192629737362,0.00348293342396469,0.00334165218473149));
#5100=CARTESIAN_POINT('',(0.01362981330046,0.00344167863766281,0.00345651106300717));
#5101=CARTESIAN_POINT('',(0.0136561960151781,0.00341701392146277,0.00357318471266253));
#5102=CARTESIAN_POINT('',(0.0137010858910352,0.0034102906605667,0.00368710703440626));
#5103=CARTESIAN_POINT('',(0.,-7.37344140568086E-19,0.00425));
#5104=CARTESIAN_POINT('',(0.0133698304638637,-0.00453844762543963,0.00481289344129914));
#5105=CARTESIAN_POINT('',(0.0134777095420876,-0.00463305806285599,0.00445270779152282));
#5106=CARTESIAN_POINT('',(0.0134777292720187,-0.00463307395728547,0.00404735298504445));
#5107=CARTESIAN_POINT('',(0.0133698319629437,-0.00453844743104914,0.00368710625832285));
#5108=CARTESIAN_POINT('',(0.,-7.99060886639539E-19,0.0051583478152685));
#5109=CARTESIAN_POINT('',(0.,-8.60777632710992E-19,0.0051583478152685));
#5110=CARTESIAN_POINT('',(0.01404884286795,0.000495139632025303,0.0051583478152685));
#5111=CARTESIAN_POINT('',(0.0136192629737362,0.0034829334239647,0.0051583478152685));
#5112=CARTESIAN_POINT('',(0.01404884286795,0.000495139632025296,0.0051583478152685));
#5113=CARTESIAN_POINT('',(0.014047343015884,0.0005376956801333,0.00504348893699282));
#5114=CARTESIAN_POINT('',(0.0140657081917221,0.000568794171697379,0.00492681528733746));
#5115=CARTESIAN_POINT('',(0.0141068855507109,0.000587892032788452,0.00481289296559373));
#5116=CARTESIAN_POINT('',(0.0141068855507109,0.000587892032788441,0.00481289296559373));
#5117=CARTESIAN_POINT('',(0.,-7.37344140568086E-19,0.00481289296559373));
#5118=CARTESIAN_POINT('',(0.0137010858910352,0.00341029066056675,0.00481289296559373));
#5119=CARTESIAN_POINT('',(0.0137010858910352,0.00341029066056673,0.00481289296559374));
#5120=CARTESIAN_POINT('',(0.0136561823657915,0.0034170159657631,0.00492684992699235));
#5121=CARTESIAN_POINT('',(0.0136298192071638,0.00344165554076629,0.00504342463212395));
#5122=CARTESIAN_POINT('',(0.0136192629737362,0.00348293342396467,0.00515834781526851));
#5123=CARTESIAN_POINT('',(0.,-7.37344140568086E-19,0.00214054873493019));
#5124=CARTESIAN_POINT('',(0.0109631443375319,-0.00390543204975962,0.00294334636385886));
#5125=CARTESIAN_POINT('',(0.0113049791728071,-0.00382860133768506,0.00272333098448462));
#5126=CARTESIAN_POINT('',(0.0114948587681375,-0.00360280301695311,0.00238863855849082));
#5127=CARTESIAN_POINT('',(0.0115846967590354,-0.00328609053744513,0.00214054873492733));
#5128=CARTESIAN_POINT('',(0.0115846967590313,-0.00328609053744065,0.00214054873493019));
#5129=CARTESIAN_POINT('',(0.,-7.37344140568086E-19,0.00214054873493019));
#5130=CARTESIAN_POINT('',(0.,-7.37344140568086E-19,0.00425));
#5131=CARTESIAN_POINT('',(0.,-7.37344140568086E-19,0.0055566536361411));
#5132=CARTESIAN_POINT('',(0.0116193473175327,0.000658559925438713,0.00555665363614114));
#5133=CARTESIAN_POINT('',(0.0113342198807862,0.00264166480743455,0.0055566536361411));
#5134=CARTESIAN_POINT('',(0.0113342198807862,0.00264166480743455,0.0029433463638589));
#5135=CARTESIAN_POINT('',(0.0111733974346815,0.00247861203779672,0.00308716269494017));
#5136=CARTESIAN_POINT('',(0.0109115982814427,0.00216816214114319,0.00345068811082433));
#5137=CARTESIAN_POINT('',(0.0107375556736112,0.00194141535342086,0.00424886591973224));
#5138=CARTESIAN_POINT('',(0.0109108845979168,0.00216728477124248,0.00504825283793271));
#5139=CARTESIAN_POINT('',(0.0111733295476602,0.0024785432093022,0.00541277659672855));
#5140=CARTESIAN_POINT('',(0.0113342198807862,0.00264166480743455,0.0055566536361411));
#5141=CARTESIAN_POINT('',(0.0113342198807862,0.00264166480743455,0.00294334636385887));
#5142=CARTESIAN_POINT('',(0.,-7.37344140568086E-19,0.0029433463638589));
#5143=CARTESIAN_POINT('',(0.0116193473175327,0.00065855992543873,0.0029433463638589));
#5144=CARTESIAN_POINT('',(0.0116193473175327,0.000658559925438728,0.0055566536361411));
#5145=CARTESIAN_POINT('',(0.0114191020381074,0.00076969899257352,0.0054128373059948));
#5146=CARTESIAN_POINT('',(0.0110804437053859,0.000993816170337408,0.00504931183296901));
#5147=CARTESIAN_POINT('',(0.0108495691415349,0.00116234461864912,0.00425113404063326));
#5148=CARTESIAN_POINT('',(0.011079511797718,0.000994456898200726,0.00345174714955386));
#5149=CARTESIAN_POINT('',(0.0114190175126254,0.000769745905455788,0.00308722340027833));
#5150=CARTESIAN_POINT('',(0.0116193473175327,0.000658559925438729,0.00294334636385891));
#5151=CARTESIAN_POINT('',(0.,-8.60777632710992E-19,0.00675));
#5152=CARTESIAN_POINT('',(0.,-8.60777632710992E-19,0.00675));
#5153=CARTESIAN_POINT('',(0.0133207350786157,-0.00449145479203436,0.00675));
#5154=CARTESIAN_POINT('',(0.0134739860746958,-0.00400834734553477,0.00592928556237466));
#5155=CARTESIAN_POINT('',(0.0134192476589654,-0.00419234952591584,0.00569744009017555));
#5156=CARTESIAN_POINT('',(0.0133732709580343,-0.0043337887354515,0.00544062463754858));
#5157=CARTESIAN_POINT('',(0.0133402690646882,-0.00443309941973739,0.0051583478152685));
#5158=CARTESIAN_POINT('',(0.0134739860746958,-0.00400834734553477,0.00592928556237467));
#5159=CARTESIAN_POINT('',(0.0134739860746958,-0.00400834734553477,0.00675));
#5160=CARTESIAN_POINT('',(0.0134739860746958,-0.00400834734553477,0.00625));
#5161=CARTESIAN_POINT('',(-8.5201615754885E-19,1.22501429588526E-19,0.0042));
#5162=CARTESIAN_POINT('',(0.,0.,0.00675));
#5163=CARTESIAN_POINT('',(0.,-7.37344140568086E-19,0.00675));
#5164=CARTESIAN_POINT('',(0.0112859578948979,-0.00419889799989951,0.00675));
#5165=CARTESIAN_POINT('',(-0.000362902837596877,-0.00252404467679638,0.00675));
#5166=CARTESIAN_POINT('',(0.,-7.37344140568086E-19,0.00635945126506981));
#5167=CARTESIAN_POINT('',(0.,-7.37344140568086E-19,0.00635945126506981));
#5168=CARTESIAN_POINT('',(0.0114186310917744,-0.00382340868975966,0.00635945126506981));
#5169=CARTESIAN_POINT('',(0.0114186310917744,-0.00382340868975966,0.00635945126506981));
#5170=CARTESIAN_POINT('',(0.0114303631470494,-0.00378837084212068,0.00632310040665031));
#5171=CARTESIAN_POINT('',(0.0114399787395295,-0.00375289595597632,0.00628661816220764));
#5172=CARTESIAN_POINT('',(0.0114474048685657,-0.00371696895707494,0.00624999999999983));
#5173=CARTESIAN_POINT('',(0.0114474048685657,-0.00371696895707511,0.00625000000000046));
#5174=CARTESIAN_POINT('',(0.0114474048685658,-0.00371696895707511,0.00625000000000046));
#5175=CARTESIAN_POINT('',(0.0114350570061221,-0.00371519360247848,0.00613836400203899));
#5176=CARTESIAN_POINT('',(0.0114041373789831,-0.00371074803123747,0.00603037120612131));
#5177=CARTESIAN_POINT('',(0.0113557416529259,-0.00370378977630831,0.00592928556237469));
#5178=CARTESIAN_POINT('',(0.0113557416529259,-0.00370378977630832,0.00592928556237467));
#5179=CARTESIAN_POINT('',(0.0113557416529259,-0.00370378977630831,0.00592928556237468));
#5180=CARTESIAN_POINT('',(0.0112554256273666,-0.00380207475261521,0.00579309662062824));
#5181=CARTESIAN_POINT('',(0.0111250129706421,-0.00386905049627087,0.0056608372507024));
#5182=CARTESIAN_POINT('',(0.0109631443375331,-0.00390543204976083,0.00555665363614001));
#5183=CARTESIAN_POINT('',(0.,-7.37344140568086E-19,0.00675));
#5184=CARTESIAN_POINT('',(-7.2983904037956E-19,1.04935012116701E-19,0.0042));
#5185=CARTESIAN_POINT('',(0.0497917961836402,-0.00508789889582623,0.00842928556237467));
#5186=CARTESIAN_POINT('',(0.0140574769116163,4.99205661770581E-5,0.00675));
#5187=CARTESIAN_POINT('',(0.0140574769116163,4.99205661770581E-5,0.00625));
#5188=CARTESIAN_POINT('',(0.0140574769116163,4.99205661770585E-5,0.00592928556237467));
#5189=CARTESIAN_POINT('',(0.0120369305291647,0.000340431277983659,0.00625));
#5190=CARTESIAN_POINT('',(0.0120308957054859,0.000341298954636767,0.00624999999999722));
#5191=CARTESIAN_POINT('',(0.0120308957054859,0.000341298954636764,0.00624999999999722));
#5192=CARTESIAN_POINT('',(0.012018547843042,0.000343074309233424,0.00613836400203693));
#5193=CARTESIAN_POINT('',(0.0119876282159031,0.000347519880474414,0.00603037120612033));
#5194=CARTESIAN_POINT('',(0.0119392324898464,0.000354478135403506,0.0059292855623747));
#5195=CARTESIAN_POINT('',(0.0119392324898464,0.000354478135403502,0.00592928556237467));
#5196=CARTESIAN_POINT('',(0.0497917961836402,-0.00508789889582623,0.00592928556237467));
#5197=CARTESIAN_POINT('',(0.0492083053467198,-0.00914616680753806,0.00842928556237467));
#5198=CARTESIAN_POINT('',(0.0492083053467198,-0.00914616680753806,0.00625));
#5199=CARTESIAN_POINT('',(0.0492083053467198,-0.00914616680753806,0.00592928556237467));
#5200=CARTESIAN_POINT('',(0.04950005076518,-0.00711703285168215,0.00425));
#5201=CARTESIAN_POINT('',(0.01404884286795,0.000495139632025302,0.0051583478152685));
#5202=CARTESIAN_POINT('',(0.0140525288997261,0.00039055402045513,0.00544062463754859));
#5203=CARTESIAN_POINT('',(0.0140567951910793,0.000241890959203641,0.00569744009017556));
#5204=CARTESIAN_POINT('',(0.0140574769116163,4.99205661770568E-5,0.00592928556237467));
#5205=CARTESIAN_POINT('',(0.0116193473175327,0.000658559925438708,0.00555665363614113));
#5206=CARTESIAN_POINT('',(0.0117644745011632,0.000578012209902577,0.00566088410296721));
#5207=CARTESIAN_POINT('',(0.011870625521233,0.000477123764645111,0.0057930081791881));
#5208=CARTESIAN_POINT('',(0.0119392324898469,0.000354478135403816,0.00592928556237461));
#5209=CARTESIAN_POINT('',(0.0120412338308708,-0.000110805456819119,0.00214054873493019));
#5210=CARTESIAN_POINT('',(0.012044262248654,0.000218292835913437,0.00238856666767066));
#5211=CARTESIAN_POINT('',(0.0119257648828194,0.000488493682392038,0.00272327700762542));
#5212=CARTESIAN_POINT('',(0.0116193473175327,0.000658559925438707,0.00294334636385887));
#5213=CARTESIAN_POINT('',(0.0120412338308708,-0.000110805456819116,0.00214054873493019));
#5214=CARTESIAN_POINT('',(0.0115846967590313,-0.00328609053744065,0.00214054873493019));
#5215=CARTESIAN_POINT('',(0.0117112828452031,-0.00283982729377617,0.00179097814157844));
#5216=CARTESIAN_POINT('',(0.0119638604239005,-0.0017227429303858,0.0014090296229872));
#5217=CARTESIAN_POINT('',(0.0120369652321941,-0.000574674261402907,0.0017909638707232));
#5218=CARTESIAN_POINT('',(0.0120412338308708,-0.000110805456819114,0.00214054873493019));
#5219=CARTESIAN_POINT('',(0.0133402690646882,-0.00443309941973739,0.0033416521847315));
#5220=CARTESIAN_POINT('',(0.013400094686057,-0.00425306964588017,0.00282994256511066));
#5221=CARTESIAN_POINT('',(0.0136136266515992,-0.00359511130276095,0.001945660504493));
#5222=CARTESIAN_POINT('',(0.0139491524728946,-0.00200766471820504,0.00142787256921618));
#5223=CARTESIAN_POINT('',(0.0140750681414276,-0.000388774024119734,0.001942853062396));
#5224=CARTESIAN_POINT('',(0.0140555246460504,0.000305554221083892,0.00282996069535963));
#5225=CARTESIAN_POINT('',(0.01404884286795,0.000495139632025311,0.00334165218473149));
#5226=CARTESIAN_POINT('',(0.0141068868421003,0.000587892086605959,0.00368710655870086));
#5227=CARTESIAN_POINT('',(0.0142370509000933,0.000648277087999849,0.00404729220847717));
#5228=CARTESIAN_POINT('',(0.0142370743088019,0.000648286780029303,0.00445264701495555));
#5229=CARTESIAN_POINT('',(0.0141068882256909,0.00058789147775,0.00481289374167714));
#5230=CARTESIAN_POINT('',(0.0497917961836402,-0.00508789889582623,0.00625));
#5231=CARTESIAN_POINT('',(-8.5201615754885E-19,1.22501429588526E-19,0.0042));
#5232=CARTESIAN_POINT('',(0.0140465407538095,0.000556634561558396,0.00675));
#5233=CARTESIAN_POINT('',(0.0141286343307529,0.000544831287117525,0.00675));
#5234=CARTESIAN_POINT('',(0.0120117635700916,0.00084919135369325,0.00675));
#5235=CARTESIAN_POINT('',(-7.2983904037956E-19,1.04935012116701E-19,0.0042));
#5236=CARTESIAN_POINT('',(0.0120332750068693,0.000451533639966351,0.00635945126506981));
#5237=CARTESIAN_POINT('',(0.012030895705488,0.000341298954636458,0.00625));
#5238=CARTESIAN_POINT('',(0.0120338921921167,0.000377862839965913,0.00628661816220752));
#5239=CARTESIAN_POINT('',(0.0120346605290702,0.000414609769416864,0.00632310040665063));
#5240=CARTESIAN_POINT('',(0.0120332750068694,0.000451533639966347,0.00635945126506981));
#5241=CARTESIAN_POINT('',(-0.000362902837596877,-0.00252404467679638,0.00675));
#5242=CARTESIAN_POINT('',(0.,-7.99060886639539E-19,0.0033416521847315));
#5243=CARTESIAN_POINT('',(0.,-7.37344140568086E-19,0.00368710703440626));
#5244=CARTESIAN_POINT('',(0.0115496288775983,0.00812132438539548,0.00368710703440626));
#5245=CARTESIAN_POINT('',(0.0096823445789668,0.0102762853423416,0.00368710703440626));
#5246=CARTESIAN_POINT('',(0.0115496288775983,0.00812132438539546,0.00368710703440627));
#5247=CARTESIAN_POINT('',(0.0115253059686401,0.00808298442700864,0.00357315007300765));
#5248=CARTESIAN_POINT('',(0.0115266631195529,0.0080469249909264,0.00345657536787606));
#5249=CARTESIAN_POINT('',(0.0115509459994403,0.00801191585711974,0.0033416521847315));
#5250=CARTESIAN_POINT('',(0.0115509459994403,0.00801191585711976,0.0033416521847315));
#5251=CARTESIAN_POINT('',(0.,-8.60777632710992E-19,0.0033416521847315));
#5252=CARTESIAN_POINT('',(0.00957423711773678,0.0102931595147896,0.0033416521847315));
#5253=CARTESIAN_POINT('',(0.00957423711773678,0.0102931595147896,0.0033416521847315));
#5254=CARTESIAN_POINT('',(0.00960541663875585,0.0102641577173313,0.00345651106300718));
#5255=CARTESIAN_POINT('',(0.00964094594304682,0.0102576720101436,0.00357318471266254));
#5256=CARTESIAN_POINT('',(0.00968234457896679,0.0102762853423416,0.00368710703440627));
#5257=CARTESIAN_POINT('',(0.,-7.37344140568086E-19,0.00425));
#5258=CARTESIAN_POINT('',(0.0137010871452764,0.00341029097275565,0.00481289344129914));
#5259=CARTESIAN_POINT('',(0.0138429910651754,0.00338902344107373,0.00445270779152282));
#5260=CARTESIAN_POINT('',(0.013843016256227,0.00338902073663487,0.00404735298504444));
#5261=CARTESIAN_POINT('',(0.0137010883012873,0.00341029194675117,0.00368710625832285));
#5262=CARTESIAN_POINT('',(0.,-7.99060886639539E-19,0.0051583478152685));
#5263=CARTESIAN_POINT('',(0.,-8.60777632710992E-19,0.0051583478152685));
#5264=CARTESIAN_POINT('',(0.0115509459994403,0.00801191585711976,0.0051583478152685));
#5265=CARTESIAN_POINT('',(0.00957423711773678,0.0102931595147896,0.0051583478152685));
#5266=CARTESIAN_POINT('',(0.0115509459994403,0.00801191585711974,0.00515834781526849));
#5267=CARTESIAN_POINT('',(0.0115266767069543,0.0080469054016869,0.00504348893699281));
#5268=CARTESIAN_POINT('',(0.0115253133621083,0.00808299608125872,0.00492681528733746));
#5269=CARTESIAN_POINT('',(0.0115496288775983,0.00812132438539546,0.00481289296559372));
#5270=CARTESIAN_POINT('',(0.0115496288775983,0.00812132438539548,0.00481289296559373));
#5271=CARTESIAN_POINT('',(0.,-7.37344140568086E-19,0.00481289296559373));
#5272=CARTESIAN_POINT('',(0.0096823445789668,0.0102762853423416,0.00481289296559373));
#5273=CARTESIAN_POINT('',(0.0096823445789668,0.0102762853423416,0.00481289296559373));
#5274=CARTESIAN_POINT('',(0.00964093335521997,0.010257666350503,0.00492684992699235));
#5275=CARTESIAN_POINT('',(0.00960543409491631,0.0102641414803907,0.00504342463212394));
#5276=CARTESIAN_POINT('',(0.00957423711773678,0.0102931595147896,0.0051583478152685));
#5277=CARTESIAN_POINT('',(0.,-7.37344140568086E-19,0.00214054873493019));
#5278=CARTESIAN_POINT('',(0.0113342198807862,0.00264166480743453,0.00294334636385886));
#5279=CARTESIAN_POINT('',(0.0115802518246245,0.00289110878017514,0.00272333098448461));
#5280=CARTESIAN_POINT('',(0.0116179129163082,0.00318371907483586,0.00238863855849081));
#5281=CARTESIAN_POINT('',(0.0115222617497139,0.00349872465195129,0.00214054873492732));
#5282=CARTESIAN_POINT('',(0.011522261749708,0.00349872465195283,0.00214054873493019));
#5283=CARTESIAN_POINT('',(0.,-7.37344140568086E-19,0.00214054873493019));
#5284=CARTESIAN_POINT('',(0.,-7.37344140568086E-19,0.00425));
#5285=CARTESIAN_POINT('',(0.,-7.37344140568086E-19,0.0055566536361411));
#5286=CARTESIAN_POINT('',(0.00941877260363418,0.00683590929590772,0.00555665363614114));
#5287=CARTESIAN_POINT('',(0.00810676069566173,0.00835005175337987,0.0055566536361411));
#5288=CARTESIAN_POINT('',(0.00810676069566173,0.00835005175337987,0.0029433463638589));
#5289=CARTESIAN_POINT('',(0.00805962122738301,0.00812593585615689,0.00308716269494017));
#5290=CARTESIAN_POINT('',(0.00800722365073437,0.00772322947561387,0.00345068811082435));
#5291=CARTESIAN_POINT('',(0.00798339826070256,0.00743838340161415,0.00424886591973224));
#5292=CARTESIAN_POINT('',(0.0080070976039272,0.00772210553864042,0.0050482528379327));
#5293=CARTESIAN_POINT('',(0.00805960132868002,0.00812584125144801,0.00541277659672855));
#5294=CARTESIAN_POINT('',(0.00810676069566173,0.00835005175337987,0.0055566536361411));
#5295=CARTESIAN_POINT('',(0.0081067606956617,0.00835005175337985,0.00294334636385887));
#5296=CARTESIAN_POINT('',(0.,-7.37344140568086E-19,0.0029433463638589));
#5297=CARTESIAN_POINT('',(0.00941877260363419,0.00683590929590775,0.0029433463638589));
#5298=CARTESIAN_POINT('',(0.0094187726036342,0.00683590929590775,0.0055566536361411));
#5299=CARTESIAN_POINT('',(0.00919022923877792,0.00682114465721035,0.0054128373059948));
#5300=CARTESIAN_POINT('',(0.00878416482576116,0.00682659150693167,0.005049311832969));
#5301=CARTESIAN_POINT('',(0.00849882742522087,0.00684354644652634,0.00425113404063326));
#5302=CARTESIAN_POINT('',(0.00878303445150744,0.00682662669418687,0.00345174714955386));
#5303=CARTESIAN_POINT('',(0.00919013276839856,0.00682113842491261,0.00308722340027833));
#5304=CARTESIAN_POINT('',(0.0094187726036342,0.00683590929590775,0.00294334636385891));
#5305=CARTESIAN_POINT('',(0.,-8.60777632710992E-19,0.00675));
#5306=CARTESIAN_POINT('',(0.,-8.60777632710992E-19,0.00675));
#5307=CARTESIAN_POINT('',(0.0136343792351241,0.00342328089066183,0.00675));
#5308=CARTESIAN_POINT('',(0.0135021145721919,0.00391255048056328,0.00592928556237466));
#5309=CARTESIAN_POINT('',(0.0135555447757919,0.00372816417444232,0.00569744009017555));
#5310=CARTESIAN_POINT('',(0.0135933345235694,0.00358432105856432,0.00544062463754858));
#5311=CARTESIAN_POINT('',(0.0136192629737362,0.00348293342396471,0.0051583478152685));
#5312=CARTESIAN_POINT('',(0.0135021145721919,0.00391255048056328,0.00592928556237467));
#5313=CARTESIAN_POINT('',(0.0135021145721919,0.00391255048056328,0.00675));
#5314=CARTESIAN_POINT('',(0.0135021145721919,0.00391255048056328,0.00625));
#5315=CARTESIAN_POINT('',(-7.82990875599438E-19,-3.57579951484369E-19,0.0042));
#5316=CARTESIAN_POINT('',(0.,0.,0.00675));
#5317=CARTESIAN_POINT('',(0.,-7.37344140568086E-19,0.00675));
#5318=CARTESIAN_POINT('',(0.0117644475975451,0.0025693117256538,0.00675));
#5319=CARTESIAN_POINT('',(0.00105930828315481,-0.00231956158815403,0.00675));
#5320=CARTESIAN_POINT('',(0.,-7.37344140568086E-19,0.00635945126506981));
#5321=CARTESIAN_POINT('',(0.,-7.37344140568086E-19,0.00635945126506981));
#5322=CARTESIAN_POINT('',(0.0116730545455497,0.00295692197996308,0.00635945126506981));
#5323=CARTESIAN_POINT('',(0.0116730545455497,0.00295692197996308,0.00635945126506981));
#5324=CARTESIAN_POINT('',(0.0116639812879077,0.00299274052102648,0.00632310040665031));
#5325=CARTESIAN_POINT('',(0.0116528912676077,0.00302778247610097,0.00628661816220764));
#5326=CARTESIAN_POINT('',(0.0116397149228399,0.00306202105932345,0.00624999999999983));
#5327=CARTESIAN_POINT('',(0.01163971492284,0.00306202105932331,0.00625000000000046));
#5328=CARTESIAN_POINT('',(0.01163971492284,0.00306202105932332,0.00625000000000046));
#5329=CARTESIAN_POINT('',(0.011628367410776,0.00305683882420442,0.00613836400203899));
#5330=CARTESIAN_POINT('',(0.0115999527079417,0.00304386226422451,0.00603037120612131));
#5331=CARTESIAN_POINT('',(0.0115554777157891,0.00302355121586906,0.00592928556237469));
#5332=CARTESIAN_POINT('',(0.0115554777157891,0.00302355121586907,0.00592928556237467));
#5333=CARTESIAN_POINT('',(0.0115554777157891,0.00302355121586905,0.00592928556237469));
#5334=CARTESIAN_POINT('',(0.011524223374822,0.00288663369426437,0.00579309662062825));
#5335=CARTESIAN_POINT('',(0.0114507230874262,0.00275978370796193,0.0056608372507024));
#5336=CARTESIAN_POINT('',(0.0113342198807879,0.00264166480743415,0.00555665363614001));
#5337=CARTESIAN_POINT('',(0.,-7.37344140568086E-19,0.00675));
#5338=CARTESIAN_POINT('',(-6.70711821847911E-19,-3.06303825740956E-19,0.0042));
#5339=CARTESIAN_POINT('',(0.0446382502636684,0.0226392644705041,0.00842928556237467));
#5340=CARTESIAN_POINT('',(0.0117989130188842,0.0076420416615168,0.00675));
#5341=CARTESIAN_POINT('',(0.0117989130188842,0.0076420416615168,0.00625));
#5342=CARTESIAN_POINT('',(0.0117989130188842,0.0076420416615168,0.00592928556237467));
#5343=CARTESIAN_POINT('',(0.00994205928768679,0.00679404497623384,0.00625));
#5344=CARTESIAN_POINT('',(0.0099365133695319,0.00679151224027668,0.00624999999999722));
#5345=CARTESIAN_POINT('',(0.00993651336953191,0.00679151224027667,0.00624999999999722));
#5346=CARTESIAN_POINT('',(0.00992516585746771,0.00678633000515767,0.00613836400203692));
#5347=CARTESIAN_POINT('',(0.00989675115463351,0.00677335344517781,0.00603037120612033));
#5348=CARTESIAN_POINT('',(0.00985227616248139,0.00675304239682256,0.00592928556237469));
#5349=CARTESIAN_POINT('',(0.00985227616248142,0.00675304239682259,0.00592928556237467));
#5350=CARTESIAN_POINT('',(0.0446382502636684,0.0226392644705041,0.00592928556237467));
#5351=CARTESIAN_POINT('',(0.0463414518169761,0.0189097732895506,0.00842928556237467));
#5352=CARTESIAN_POINT('',(0.0463414518169761,0.0189097732895506,0.00625));
#5353=CARTESIAN_POINT('',(0.0463414518169761,0.0189097732895506,0.00592928556237467));
#5354=CARTESIAN_POINT('',(0.0454898510403223,0.0207745188800273,0.00425));
#5355=CARTESIAN_POINT('',(0.0115509459994403,0.00801191585711976,0.0051583478152685));
#5356=CARTESIAN_POINT('',(0.0116105901372274,0.00792592566113562,0.00544062463754859));
#5357=CARTESIAN_POINT('',(0.0116945524888608,0.007803168866901,0.00569744009017556));
#5358=CARTESIAN_POINT('',(0.0117989130188842,0.0076420416615168,0.00592928556237467));
#5359=CARTESIAN_POINT('',(0.00941877260363419,0.0068359092959077,0.00555665363614113));
#5360=CARTESIAN_POINT('',(0.00958440874234487,0.0068466099248445,0.00566088410296721));
#5361=CARTESIAN_POINT('',(0.00972825307450803,0.00681912673811409,0.00579300817918809));
#5362=CARTESIAN_POINT('',(0.00985227616248171,0.00675304239682314,0.0059292855623746));
#5363=CARTESIAN_POINT('',(0.0101896364526196,0.00641676701948992,0.00214054873493021));
#5364=CARTESIAN_POINT('',(0.0100142601497724,0.00669525940716578,0.00238856666767067));
#5365=CARTESIAN_POINT('',(0.00976849221561556,0.00685850231110877,0.00272327700762542));
#5366=CARTESIAN_POINT('',(0.00941877260363418,0.0068359092959077,0.00294334636385888));
#5367=CARTESIAN_POINT('',(0.0101896364526196,0.00641676701948993,0.00214054873493019));
#5368=CARTESIAN_POINT('',(0.011522261749708,0.00349872465195283,0.00214054873493019));
#5369=CARTESIAN_POINT('',(0.0113874846170522,0.00394258278736473,0.00179097814157844));
#5370=CARTESIAN_POINT('',(0.0109960249940551,0.00501888770315526,0.00140902962298721));
#5371=CARTESIAN_POINT('',(0.0104368318886049,0.00602422797018567,0.0017909638707232));
#5372=CARTESIAN_POINT('',(0.0101896364526196,0.00641676701948991,0.00214054873493019));
#5373=CARTESIAN_POINT('',(0.0136192629737362,0.00348293342396471,0.0033416521847315));
#5374=CARTESIAN_POINT('',(0.013572260044962,0.0036667282800785,0.00282994256511067));
#5375=CARTESIAN_POINT('',(0.0133961754288711,0.00433568215708692,0.00194566050449299));
#5376=CARTESIAN_POINT('',(0.0128201992922505,0.00585252615882797,0.00142787256921618));
#5377=CARTESIAN_POINT('',(0.0120508879050212,0.00728249882446091,0.00194285306239601));
#5378=CARTESIAN_POINT('',(0.0116590646804219,0.0078560389023663,0.00282996069535963));
#5379=CARTESIAN_POINT('',(0.0115509459994403,0.00801191585711977,0.00334165218473149));
#5380=CARTESIAN_POINT('',(0.0115496299348883,0.00812132512884749,0.00368710655870086));
#5381=CARTESIAN_POINT('',(0.0116264843120069,0.00824249622731677,0.00404729220847717));
#5382=CARTESIAN_POINT('',(0.0116264987647589,0.00824251703647411,0.00445264701495555));
#5383=CARTESIAN_POINT('',(0.0115496314280112,0.0081213253646708,0.00481289374167714));
#5384=CARTESIAN_POINT('',(0.0446382502636684,0.0226392644705041,0.00625));
#5385=CARTESIAN_POINT('',(-7.82990875599438E-19,-3.57579951484369E-19,0.0042));
#5386=CARTESIAN_POINT('',(0.0115157626688144,0.00806240406696987,0.00675));
#5387=CARTESIAN_POINT('',(0.0115912055123832,0.00809685765919406,0.00675));
#5388=CARTESIAN_POINT('',(0.00964583103123551,0.00720843490196184,0.00675));
#5389=CARTESIAN_POINT('',(-6.70711821847911E-19,-3.06303825740956E-19,0.0042));
#5390=CARTESIAN_POINT('',(0.00987891759483788,0.00688553390619567,0.00635945126506981));
#5391=CARTESIAN_POINT('',(0.00993651336953388,0.00679151224027758,0.00625));
#5392=CARTESIAN_POINT('',(0.00991926624564247,0.00682389176096545,0.00628661816220752));
#5393=CARTESIAN_POINT('',(0.00990004572184167,0.00685522063950539,0.00632310040665063));
#5394=CARTESIAN_POINT('',(0.0098789175948379,0.00688553390619568,0.00635945126506981));
#5395=CARTESIAN_POINT('',(0.00105930828315481,-0.00231956158815403,0.00675));
#5396=CARTESIAN_POINT('',(0.,-7.99060886639539E-19,0.0033416521847315));
#5397=CARTESIAN_POINT('',(0.,-7.37344140568086E-19,0.00368710703440626));
#5398=CARTESIAN_POINT('',(0.00532544664162632,0.0130762936281755,0.00368710703440626));
#5399=CARTESIAN_POINT('',(0.00258952727525413,0.0138796320366855,0.00368710703440626));
#5400=CARTESIAN_POINT('',(0.00532544664162632,0.0130762936281755,0.00368710703440626));
#5401=CARTESIAN_POINT('',(0.00532571305497992,0.0130308900453519,0.00357315007300765));
#5402=CARTESIAN_POINT('',(0.00534634996598044,0.0130012886485348,0.00345657536787605));
#5403=CARTESIAN_POINT('',(0.00538570539119263,0.012984965407071,0.00334165218473149));
#5404=CARTESIAN_POINT('',(0.00538570539119265,0.012984965407071,0.0033416521847315));
#5405=CARTESIAN_POINT('',(0.,-8.60777632710992E-19,0.0033416521847315));
#5406=CARTESIAN_POINT('',(0.00248945862518278,0.0138353801876586,0.0033416521847315));
#5407=CARTESIAN_POINT('',(0.00248945862518278,0.0138353801876586,0.0033416521847315));
#5408=CARTESIAN_POINT('',(0.00253136806287759,0.01382783924482,0.00345651106300718));
#5409=CARTESIAN_POINT('',(0.00256476365366713,0.0138415917128509,0.00357318471266254));
#5410=CARTESIAN_POINT('',(0.00258952727525414,0.0138796320366855,0.00368710703440627));
#5411=CARTESIAN_POINT('',(0.,-7.37344140568086E-19,0.00425));
#5412=CARTESIAN_POINT('',(0.0096823454653196,0.0102762862830656,0.00481289344129913));
#5413=CARTESIAN_POINT('',(0.00981322073497099,0.0103351139481579,0.00445270779152282));
#5414=CARTESIAN_POINT('',(0.00981324338916219,0.0103351252923499,0.00404735298504445));
#5415=CARTESIAN_POINT('',(0.00968234591123612,0.0102762877274295,0.00368710625832285));
#5416=CARTESIAN_POINT('',(0.,-7.99060886639539E-19,0.0051583478152685));
#5417=CARTESIAN_POINT('',(0.,-8.60777632710992E-19,0.0051583478152685));
#5418=CARTESIAN_POINT('',(0.00538570539119264,0.012984965407071,0.0051583478152685));
#5419=CARTESIAN_POINT('',(0.00248945862518278,0.0138353801876586,0.0051583478152685));
#5420=CARTESIAN_POINT('',(0.00538570539119264,0.012984965407071,0.0051583478152685));
#5421=CARTESIAN_POINT('',(0.00534637198717225,0.0130012795149216,0.00504348893699282));
#5422=CARTESIAN_POINT('',(0.00532571297399786,0.0130309038467416,0.00492681528733746));
#5423=CARTESIAN_POINT('',(0.00532544664162629,0.0130762936281755,0.00481289296559373));
#5424=CARTESIAN_POINT('',(0.00532544664162632,0.0130762936281755,0.00481289296559373));
#5425=CARTESIAN_POINT('',(0.,-7.37344140568086E-19,0.00481289296559373));
#5426=CARTESIAN_POINT('',(0.00258952727525413,0.0138796320366855,0.00481289296559373));
#5427=CARTESIAN_POINT('',(0.00258952727525413,0.0138796320366855,0.00481289296559373));
#5428=CARTESIAN_POINT('',(0.00256475612394605,0.0138415801461653,0.00492684992699235));
#5429=CARTESIAN_POINT('',(0.0025313915262871,0.0138278350229492,0.00504342463212394));
#5430=CARTESIAN_POINT('',(0.00248945862518279,0.0138353801876586,0.0051583478152685));
#5431=CARTESIAN_POINT('',(0.,-7.37344140568086E-19,0.00214054873493019));
#5432=CARTESIAN_POINT('',(0.00810676069566169,0.00835005175337985,0.00294334636385887));
#5433=CARTESIAN_POINT('',(0.00817887634427314,0.00869291228792827,0.00272333098448463));
#5434=CARTESIAN_POINT('',(0.00805236180180103,0.0089594328554485,0.00238863855849083));
#5435=CARTESIAN_POINT('',(0.00780159004726943,0.00917271948516029,0.00214054873492734));
#5436=CARTESIAN_POINT('',(0.00780159004726365,0.00917271948515838,0.00214054873493019));
#5437=CARTESIAN_POINT('',(0.,-7.37344140568086E-19,0.00214054873493019));
#5438=CARTESIAN_POINT('',(0.,-7.37344140568086E-19,0.00425));
#5439=CARTESIAN_POINT('',(0.,-7.37344140568086E-19,0.0055566536361411));
#5440=CARTESIAN_POINT('',(0.00422780413794893,0.010842905765153,0.00555665363614114));
#5441=CARTESIAN_POINT('',(0.00230546226929856,0.0114073562662735,0.0055566536361411));
#5442=CARTESIAN_POINT('',(0.00230546226929856,0.0114073562662735,0.0029433463638589));
#5443=CARTESIAN_POINT('',(0.00238697222695272,0.0111933324553064,0.00308716269494017));
#5444=CARTESIAN_POINT('',(0.00256061208725666,0.0108262260213089,0.00345068811082434));
#5445=CARTESIAN_POINT('',(0.00269456830801752,0.0105737172769006,0.00424886591973223));
#5446=CARTESIAN_POINT('',(0.00256111369613891,0.0108252123593104,0.00504825283793271));
#5447=CARTESIAN_POINT('',(0.00238700663426568,0.0111932421107098,0.00541277659672855));
#5448=CARTESIAN_POINT('',(0.00230546226929856,0.0114073562662735,0.0055566536361411));
#5449=CARTESIAN_POINT('',(0.00230546226929854,0.0114073562662734,0.00294334636385887));
#5450=CARTESIAN_POINT('',(0.,-7.37344140568086E-19,0.0029433463638589));
#5451=CARTESIAN_POINT('',(0.00422780413794893,0.0108429057651531,0.0029433463638589));
#5452=CARTESIAN_POINT('',(0.00422780413794893,0.0108429057651531,0.0055566536361411));
#5453=CARTESIAN_POINT('',(0.00404352359119325,0.010706925089088,0.0054128373059948));
#5454=CARTESIAN_POINT('',(0.00369897567989997,0.0104919722744658,0.00504931183296902));
#5455=CARTESIAN_POINT('',(0.0034497680512442,0.01035197063182,0.00425113404063326));
#5456=CARTESIAN_POINT('',(0.00369800572489917,0.010491390749408,0.00345174714955384));
#5457=CARTESIAN_POINT('',(0.00404344580458035,0.0107068676903207,0.00308722340027833));
#5458=CARTESIAN_POINT('',(0.00422780413794893,0.0108429057651531,0.00294334636385891));
#5459=CARTESIAN_POINT('',(0.,-8.60777632710992E-19,0.00675));
#5460=CARTESIAN_POINT('',(0.,-8.60777632710992E-19,0.00675));
#5461=CARTESIAN_POINT('',(0.00961920432040068,0.0102511490783198,0.00675));
#5462=CARTESIAN_POINT('',(0.00924341709439978,0.0105912411738432,0.00592928556237466));
#5463=CARTESIAN_POINT('',(0.00938805220520703,0.0104650120913643,0.00569744009017555));
#5464=CARTESIAN_POINT('',(0.00949761042378325,0.0103644342420884,0.00544062463754859));
#5465=CARTESIAN_POINT('',(0.00957423711773678,0.0102931595147896,0.0051583478152685));
#5466=CARTESIAN_POINT('',(0.00924341709439978,0.0105912411738432,0.00592928556237467));
#5467=CARTESIAN_POINT('',(0.00924341709439978,0.0105912411738432,0.00675));
#5468=CARTESIAN_POINT('',(0.00924341709439978,0.0105912411738432,0.00625));
#5469=CARTESIAN_POINT('',(-4.65371522996365E-19,-7.24132224500183E-19,0.0042));
#5470=CARTESIAN_POINT('',(0.,0.,0.00675));
#5471=CARTESIAN_POINT('',(0.,-7.37344140568086E-19,0.00675));
#5472=CARTESIAN_POINT('',(0.00850780831158642,0.00852178313220118,0.00675));
#5473=CARTESIAN_POINT('',(0.00214519650871952,-0.00137863408451177,0.00675));
#5474=CARTESIAN_POINT('',(0.,-7.37344140568086E-19,0.00635945126506981));
#5475=CARTESIAN_POINT('',(0.,-7.37344140568086E-19,0.00635945126506981));
#5476=CARTESIAN_POINT('',(0.00822136565897511,0.00879845081365989,0.00635945126506981));
#5477=CARTESIAN_POINT('',(0.00822136565897511,0.00879845081365989,0.00635945126506981));
#5478=CARTESIAN_POINT('',(0.00819436778360893,0.00882367791444179,0.00632310040665031));
#5479=CARTESIAN_POINT('',(0.00816609315361561,0.00884716136530488,0.00628661816220764));
#5480=CARTESIAN_POINT('',(0.00813649773140798,0.00886884102459359,0.00624999999999983));
#5481=CARTESIAN_POINT('',(0.00813649773140813,0.00886884102459353,0.00625000000000046));
#5482=CARTESIAN_POINT('',(0.00813649773140812,0.00886884102459354,0.00625000000000046));
#5483=CARTESIAN_POINT('',(0.00812975332462638,0.00885834652279344,0.00613836400203899));
#5484=CARTESIAN_POINT('',(0.00811286501347797,0.00883206779769825,0.00603037120612131));
#5485=CARTESIAN_POINT('',(0.00808643125099326,0.00879093606040003,0.00592928556237469));
#5486=CARTESIAN_POINT('',(0.00808643125099329,0.00879093606040005,0.00592928556237467));
#5487=CARTESIAN_POINT('',(0.00808643125099325,0.00879093606040003,0.00592928556237468));
#5488=CARTESIAN_POINT('',(0.00813416162704267,0.00865885633919408,0.00579309662062824));
#5489=CARTESIAN_POINT('',(0.00814090953089568,0.00851240608461673,0.0056608372507024));
#5490=CARTESIAN_POINT('',(0.00810676069566328,0.00835005175338043,0.00555665363614001));
#5491=CARTESIAN_POINT('',(0.,-7.37344140568086E-19,0.00675));
#5492=CARTESIAN_POINT('',(-3.98638338902825E-19,-6.20293363165274E-19,0.0042));
#5493=CARTESIAN_POINT('',(0.0253123752837867,0.0431786213288482,0.00842928556237467));
#5494=CARTESIAN_POINT('',(0.00579427760979194,0.0128078685254111,0.00675));
#5495=CARTESIAN_POINT('',(0.00579427760979194,0.0128078685254111,0.00625));
#5496=CARTESIAN_POINT('',(0.00579427760979194,0.0128078685254111,0.00592928556237467));
#5497=CARTESIAN_POINT('',(0.00469065446960241,0.0110905973989577,0.00625));
#5498=CARTESIAN_POINT('',(0.0046873582468001,0.0110854683761612,0.00624999999999722));
#5499=CARTESIAN_POINT('',(0.00468735824680008,0.0110854683761612,0.00624999999999722));
#5500=CARTESIAN_POINT('',(0.00468061384001821,0.0110749738743609,0.00613836400203693));
#5501=CARTESIAN_POINT('',(0.00466372552886986,0.0110486951492658,0.00603037120612033));
#5502=CARTESIAN_POINT('',(0.00463729176638542,0.011007563411968,0.0059292855623747));
#5503=CARTESIAN_POINT('',(0.00463729176638545,0.011007563411968,0.00592928556237467));
#5504=CARTESIAN_POINT('',(0.0253123752837867,0.0431786213288482,0.00592928556237467));
#5505=CARTESIAN_POINT('',(0.0287615147683945,0.0409619939772803,0.00842928556237467));
#5506=CARTESIAN_POINT('',(0.0287615147683945,0.0409619939772803,0.00625));
#5507=CARTESIAN_POINT('',(0.0287615147683945,0.0409619939772803,0.00592928556237467));
#5508=CARTESIAN_POINT('',(0.0270369450260906,0.0420703076530642,0.00425));
#5509=CARTESIAN_POINT('',(0.00538570539119265,0.012984965407071,0.0051583478152685));
#5510=CARTESIAN_POINT('',(0.00548237104266877,0.0129448719063202,0.00544062463754859));
#5511=CARTESIAN_POINT('',(0.00561937200118843,0.0128869957939139,0.00569744009017556));
#5512=CARTESIAN_POINT('',(0.00579427760979194,0.0128078685254111,0.00592928556237467));
#5513=CARTESIAN_POINT('',(0.00422780413794892,0.0108429057651531,0.00555665363614113));
#5514=CARTESIAN_POINT('',(0.00436136092802812,0.0109414573644824,0.00566088410296721));
#5515=CARTESIAN_POINT('',(0.00449722901317834,0.010996105153879,0.0057930081791881));
#5516=CARTESIAN_POINT('',(0.00463729176638538,0.0110075634119686,0.00592928556237462));
#5517=CARTESIAN_POINT('',(0.00510290149719249,0.0109070613058201,0.00214054873493019));
#5518=CARTESIAN_POINT('',(0.00480480121071917,0.0110465284230854,0.00238856666767065));
#5519=CARTESIAN_POINT('',(0.00450979229082152,0.0110509849159101,0.0027232770076254));
#5520=CARTESIAN_POINT('',(0.00422780413794892,0.0108429057651531,0.00294334636385886));
#5521=CARTESIAN_POINT('',(0.00510290149719249,0.0109070613058201,0.00214054873493019));
#5522=CARTESIAN_POINT('',(0.00780159004726365,0.00917271948515838,0.00214054873493019));
#5523=CARTESIAN_POINT('',(0.00744824048310868,0.00947325069047614,0.00179097814157843));
#5524=CARTESIAN_POINT('',(0.00653702932279712,0.0101670569527105,0.0014090296229872));
#5525=CARTESIAN_POINT('',(0.00552307816351397,0.0107104803864011,0.0017909638707232));
#5526=CARTESIAN_POINT('',(0.00510290149719247,0.0109070613058201,0.00214054873493019));
#5527=CARTESIAN_POINT('',(0.00957423711773678,0.0102931595147896,0.0033416521847315));
#5528=CARTESIAN_POINT('',(0.00943532873659858,0.0104223658849762,0.00282994256511066));
#5529=CARTESIAN_POINT('',(0.00892553316032894,0.010889927166526,0.00194566050449301));
#5530=CARTESIAN_POINT('',(0.0076209234195165,0.0118545813324069,0.00142787256921617));
#5531=CARTESIAN_POINT('',(0.00620063590627561,0.0126416297519531,0.00194285306239599));
#5532=CARTESIAN_POINT('',(0.00556093405777384,0.0129122867402658,0.00282996069535964));
#5533=CARTESIAN_POINT('',(0.00538570539119264,0.012984965407071,0.00334165218473149));
#5534=CARTESIAN_POINT('',(0.00532544712913474,0.0130762948252213,0.00368710655870086));
#5535=CARTESIAN_POINT('',(0.00532459110367086,0.013219781053156,0.00404729220847717));
#5536=CARTESIAN_POINT('',(0.00532459201181972,0.0132198063726808,0.00445264701495555));
#5537=CARTESIAN_POINT('',(0.00532544825773389,0.0130762958308516,0.00481289374167714));
#5538=CARTESIAN_POINT('',(0.0253123752837867,0.0431786213288482,0.00625));
#5539=CARTESIAN_POINT('',(-4.65371522996365E-19,-7.24132224500183E-19,0.0042));
#5540=CARTESIAN_POINT('',(0.00532881130296165,0.0130084172473434,0.00675));
#5541=CARTESIAN_POINT('',(0.00537365084337635,0.0130781889341389,0.00675));
#5542=CARTESIAN_POINT('',(0.0042174152941474,0.0112790513012247,0.00675));
#5543=CARTESIAN_POINT('',(-3.98638338902825E-19,-6.20293363165274E-19,0.0042));
#5544=CARTESIAN_POINT('',(0.00458807364754162,0.0111334258080656,0.00635945126506981));
#5545=CARTESIAN_POINT('',(0.00468735824680127,0.011085468376163,0.00625));
#5546=CARTESIAN_POINT('',(0.00465534335236294,0.0111033832631736,0.00628661816220752));
#5547=CARTESIAN_POINT('',(0.00462223634830885,0.0111193473932254,0.00632310040665063));
#5548=CARTESIAN_POINT('',(0.00458807364754164,0.0111334258080656,0.00635945126506981));
#5549=CARTESIAN_POINT('',(0.00214519650871952,-0.00137863408451177,0.00675));
#5550=CARTESIAN_POINT('',(0.,-7.37344140568086E-19,0.00675));
#5551=CARTESIAN_POINT('',(0.,-7.37344140568086E-19,0.00635945126506981));
#5552=CARTESIAN_POINT('',(0.00215945126506981,0.0118465336809024,0.00635945126506981));
#5553=CARTESIAN_POINT('',(0.,-7.37344140568086E-19,0.00675));
#5554=CARTESIAN_POINT('',(0.00255,0.011768648606317,0.00675));
#5555=CARTESIAN_POINT('',(0.,-7.37344140568086E-19,0.0042));
#5556=CARTESIAN_POINT('',(0.,-8.60777632710992E-19,0.00675));
#5557=CARTESIAN_POINT('',(0.,-8.60777632710992E-19,0.00675));
#5558=CARTESIAN_POINT('',(0.00255,0.0138243498647695,0.00675));
#5559=CARTESIAN_POINT('',(0.00205,0.013907287628562,0.00592928556237466));
#5560=CARTESIAN_POINT('',(0.00223991939227605,0.0138792926115202,0.00569744009017555));
#5561=CARTESIAN_POINT('',(0.00238646212135447,0.0138539127853423,0.00544062463754858));
#5562=CARTESIAN_POINT('',(0.00248945862518278,0.0138353801876586,0.0051583478152685));
#5563=CARTESIAN_POINT('',(0.00205,0.013907287628562,0.00592928556237467));
#5564=CARTESIAN_POINT('',(0.00205,0.013907287628562,0.00675));
#5565=CARTESIAN_POINT('',(0.00205,0.013907287628562,0.00625));
#5566=CARTESIAN_POINT('',(0.,-8.60777632710992E-19,0.0042));
#5567=CARTESIAN_POINT('',(0.,0.,0.00675));
#5568=CARTESIAN_POINT('',(0.00255,0.,0.00675));
#5569=CARTESIAN_POINT('',(0.,-7.37344140568086E-19,0.00425));
#5570=CARTESIAN_POINT('',(0.00258952751230775,0.0138796333072714,0.00481289344129914));
#5571=CARTESIAN_POINT('',(0.00266782215831769,0.0139998788011276,0.00445270779152282));
#5572=CARTESIAN_POINT('',(0.00266783508310284,0.0139999005922497,0.00404735298504445));
#5573=CARTESIAN_POINT('',(0.00258952710655454,0.0138796347634283,0.00368710625832285));
#5574=CARTESIAN_POINT('',(0.,-7.37344140568086E-19,0.00675));
#5575=CARTESIAN_POINT('',(0.,-7.37344140568086E-19,0.00214054873493019));
#5576=CARTESIAN_POINT('',(0.00160396862821421,0.011934440693165,0.00214054873493019));
#5577=CARTESIAN_POINT('',(0.00160396862821421,0.011934440693165,0.00214054873493019));
#5578=CARTESIAN_POINT('',(0.00114423262253057,0.0119962284341522,0.00179097814157843));
#5579=CARTESIAN_POINT('',(2.57302999308502E-6,0.0120872574567718,0.00140902962298721));
#5580=CARTESIAN_POINT('',(-0.00114421385428717,0.0119962309565724,0.0017909638707232));
#5581=CARTESIAN_POINT('',(-0.00160396862821421,0.011934440693165,0.00214054873493019));
#5582=CARTESIAN_POINT('',(0.,-7.37344140568086E-19,0.00075));
#5583=CARTESIAN_POINT('',(-0.0120417436452935,-7.37344140568086E-19,0.00075));
#5584=CARTESIAN_POINT('',(0.,0.,0.00075));
#5585=CARTESIAN_POINT('',(0.,-8.60777632710992E-19,0.00075));
#5586=CARTESIAN_POINT('',(-0.0140575655496801,-8.60777632710992E-19,0.00075));
#5587=CARTESIAN_POINT('',(0.,-8.60777632710992E-19,0.00675));
#5588=CARTESIAN_POINT('',(0.,-8.60777632710992E-19,0.0033416521847315));
#5589=CARTESIAN_POINT('',(-0.00248945862518278,0.0138353801876586,0.0033416521847315));
#5590=CARTESIAN_POINT('',(0.00248945862518278,0.0138353801876586,0.0033416521847315));
#5591=CARTESIAN_POINT('',(0.00230274722121223,0.0138689759623124,0.00282994256511066));
#5592=CARTESIAN_POINT('',(0.00162109717818606,0.0139866972451415,0.001945660504493));
#5593=CARTESIAN_POINT('',(2.05820795780435E-6,0.0140928906934158,0.00142787256921618));
#5594=CARTESIAN_POINT('',(-0.00161827418111269,0.0139871325546877,0.00194285306239599));
#5595=CARTESIAN_POINT('',(-0.0023027538365349,0.0138689747719894,0.00282996069535964));
#5596=CARTESIAN_POINT('',(-0.00248945862518279,0.0138353801876586,0.0033416521847315));
#5597=CARTESIAN_POINT('',(0.,-7.37344140568086E-19,0.00425));
#5598=CARTESIAN_POINT('',(-0.00230546226929856,0.0114073562662735,0.0055566536361411));
#5599=CARTESIAN_POINT('',(-0.00238697222642282,0.0111933324566978,0.0054128373059948));
#5600=CARTESIAN_POINT('',(-0.00256061210861619,0.0108262259775907,0.00504931183296901));
#5601=CARTESIAN_POINT('',(-0.00269456830410619,0.0105737172850401,0.00425113404063326));
#5602=CARTESIAN_POINT('',(-0.00256111369050469,0.0108252123703169,0.00345174714955386));
#5603=CARTESIAN_POINT('',(-0.00238700663256929,0.0111932421151641,0.00308722340027833));
#5604=CARTESIAN_POINT('',(-0.00230546226929856,0.0114073562662735,0.00294334636385891));
#5605=CARTESIAN_POINT('',(0.,-7.99060886639539E-19,0.0033416521847315));
#5606=CARTESIAN_POINT('',(-0.00258952727525413,0.0138796320366855,0.00368710703440626));
#5607=CARTESIAN_POINT('',(-0.00256475612394605,0.0138415801461653,0.00357315007300765));
#5608=CARTESIAN_POINT('',(-0.0025313915262871,0.0138278350229492,0.00345657536787606));
#5609=CARTESIAN_POINT('',(-0.00248945862518279,0.0138353801876586,0.0033416521847315));
#5610=CARTESIAN_POINT('',(0.,-7.37344140568086E-19,0.00214054873493019));
#5611=CARTESIAN_POINT('',(0.00230546226929854,0.0114073562662734,0.00294334636385887));
#5612=CARTESIAN_POINT('',(0.00218076541379381,0.0117347775654473,0.00272333098448462));
#5613=CARTESIAN_POINT('',(0.00193024271049176,0.0118905900087837,0.00238863855849083));
#5614=CARTESIAN_POINT('',(0.00160396862821805,0.0119344406931697,0.00214054873492733));
#5615=CARTESIAN_POINT('',(0.,-7.99060886639539E-19,0.0051583478152685));
#5616=CARTESIAN_POINT('',(-0.00248945862518278,0.0138353801876586,0.0051583478152685));
#5617=CARTESIAN_POINT('',(-0.00253136806287759,0.01382783924482,0.00504348893699282));
#5618=CARTESIAN_POINT('',(-0.00256476365366713,0.0138415917128509,0.00492681528733746));
#5619=CARTESIAN_POINT('',(-0.00258952727525414,0.0138796320366855,0.00481289296559373));
#5620=CARTESIAN_POINT('',(0.,-7.37344140568086E-19,0.00635945126506981));
#5621=CARTESIAN_POINT('',(0.00215945126506981,0.0118465336809024,0.00635945126506981));
#5622=CARTESIAN_POINT('',(0.00212310040665032,0.0118531599151508,0.00632310040665031));
#5623=CARTESIAN_POINT('',(0.00208661816220764,0.0118576290320796,0.00628661816220764));
#5624=CARTESIAN_POINT('',(0.00204999999999984,0.0118598666287915,0.00624999999999983));
#5625=CARTESIAN_POINT('',(0.00205,0.0118598666287915,0.00625000000000046));
#5626=CARTESIAN_POINT('',(0.00205,0.0118598666287915,0.00625000000000046));
#5627=CARTESIAN_POINT('',(0.00205,0.0118473917904812,0.00613836400203899));
#5628=CARTESIAN_POINT('',(0.00205,0.0118161542098118,0.00603037120612131));
#5629=CARTESIAN_POINT('',(0.00205,0.01176726081954,0.0059292855623747));
#5630=CARTESIAN_POINT('',(0.00205,0.0117672608195401,0.00592928556237467));
#5631=CARTESIAN_POINT('',(0.00204999999999998,0.01176726081954,0.00592928556237469));
#5632=CARTESIAN_POINT('',(0.00216156103591701,0.011681953276985,0.00579309662062824));
#5633=CARTESIAN_POINT('',(0.00224641471922385,0.011562399675193,0.0056608372507024));
#5634=CARTESIAN_POINT('',(0.00230546226929957,0.0114073562662748,0.00555665363614001));
#5635=CARTESIAN_POINT('',(1.96081004321704E-19,0.0500090710008426,0.00425));
#5636=CARTESIAN_POINT('',(-0.00205,0.0500090710008426,0.00592928556237467));
#5637=CARTESIAN_POINT('',(0.00205,0.0500090710008426,0.00592928556237467));
#5638=CARTESIAN_POINT('',(0.00205,0.0500090710008426,0.00842928556237467));
#5639=CARTESIAN_POINT('',(0.00205,0.0500090710008426,0.00625));
#5640=CARTESIAN_POINT('',(-0.00205,0.0500090710008426,0.00842928556237467));
#5641=CARTESIAN_POINT('',(-0.00205,0.011865963509929,0.00625));
#5642=CARTESIAN_POINT('',(-0.00205,0.0500090710008426,0.00625));
#5643=CARTESIAN_POINT('',(0.00255,0.,0.00675));
#5644=MECHANICAL_DESIGN_GEOMETRIC_PRESENTATION_REPRESENTATION('',(#2901),
#5645);
#5645=(
GEOMETRIC_REPRESENTATION_CONTEXT(3)
GLOBAL_UNCERTAINTY_ASSIGNED_CONTEXT((#5646))
GLOBAL_UNIT_ASSIGNED_CONTEXT((#5649,#5648,#5647))
REPRESENTATION_CONTEXT('CAGE','TOP_LEVEL_ASSEMBLY_PART')
);
#5646=UNCERTAINTY_MEASURE_WITH_UNIT(LENGTH_MEASURE(2.E-5),#5649,
'DISTANCE_ACCURACY_VALUE','Maximum Tolerance applied to model');
#5647=(
NAMED_UNIT(*)
SI_UNIT($,.STERADIAN.)
SOLID_ANGLE_UNIT()
);
#5648=(
NAMED_UNIT(*)
PLANE_ANGLE_UNIT()
SI_UNIT($,.RADIAN.)
);
#5649=(
LENGTH_UNIT()
NAMED_UNIT(*)
SI_UNIT($,.METRE.)
);
#5650=PRODUCT_DEFINITION_SHAPE('','',#5651);
#5651=PRODUCT_DEFINITION('','',#5653,#5652);
#5652=PRODUCT_DEFINITION_CONTEXT('',#5659,'design');
#5653=PRODUCT_DEFINITION_FORMATION_WITH_SPECIFIED_SOURCE('','',#5655,
 .NOT_KNOWN.);
#5654=PRODUCT_RELATED_PRODUCT_CATEGORY('','',(#5655));
#5655=PRODUCT('CAGE','CAGE','CAGE',(#5657));
#5656=PRODUCT_CATEGORY('','');
#5657=PRODUCT_CONTEXT('',#5659,'mechanical');
#5658=APPLICATION_PROTOCOL_DEFINITION('international standard',
'ap242_managed_model_based_3d_engineering',2020,#5659);
#5659=APPLICATION_CONTEXT('managed model based 3d engineering');
ENDSEC;
END-ISO-10303-21;
